assignment_id,student_id,submission_id,file_path,size_kb
1,21,1,submissions_files/assignment_id=1/student_id=21/submission_1.zip,4314
1,31,2,submissions_files/assignment_id=1/student_id=31/submission_2.zip,3590
1,67,3,submissions_files/assignment_id=1/student_id=67/submission_3.zip,4881
1,118,4,submissions_files/assignment_id=1/student_id=118/submission_4.zip,4371
1,40,5,submissions_files/assignment_id=1/student_id=40/submission_5.zip,1191
1,64,6,submissions_files/assignment_id=1/student_id=64/submission_6.zip,2980
1,52,7,submissions_files/assignment_id=1/student_id=52/submission_7.zip,4229
1,36,8,submissions_files/assignment_id=1/student_id=36/submission_8.zip,310
1,3,9,submissions_files/assignment_id=1/student_id=3/submission_9.zip,4537
1,16,10,submissions_files/assignment_id=1/student_id=16/submission_10.zip,4529
1,109,11,submissions_files/assignment_id=1/student_id=109/submission_11.zip,1487
1,95,12,submissions_files/assignment_id=1/student_id=95/submission_12.zip,501
1,114,13,submissions_files/assignment_id=1/student_id=114/submission_13.zip,3160
1,135,14,submissions_files/assignment_id=1/student_id=135/submission_14.zip,2382
1,84,15,submissions_files/assignment_id=1/student_id=84/submission_15.zip,588
1,98,16,submissions_files/assignment_id=1/student_id=98/submission_16.zip,2544
1,99,17,submissions_files/assignment_id=1/student_id=99/submission_17.zip,1727
1,59,18,submissions_files/assignment_id=1/student_id=59/submission_18.zip,1244
1,120,19,submissions_files/assignment_id=1/student_id=120/submission_19.zip,1620
2,22,20,submissions_files/assignment_id=2/student_id=22/submission_20.zip,3224
2,84,21,submissions_files/assignment_id=2/student_id=84/submission_21.zip,261
2,137,22,submissions_files/assignment_id=2/student_id=137/submission_22.zip,299
2,83,23,submissions_files/assignment_id=2/student_id=83/submission_23.zip,805
2,88,24,submissions_files/assignment_id=2/student_id=88/submission_24.zip,2080
2,55,25,submissions_files/assignment_id=2/student_id=55/submission_25.zip,226
2,53,26,submissions_files/assignment_id=2/student_id=53/submission_26.zip,2163
2,97,27,submissions_files/assignment_id=2/student_id=97/submission_27.zip,4620
2,134,28,submissions_files/assignment_id=2/student_id=134/submission_28.zip,2503
2,132,29,submissions_files/assignment_id=2/student_id=132/submission_29.zip,3980
2,129,30,submissions_files/assignment_id=2/student_id=129/submission_30.zip,4891
2,8,31,submissions_files/assignment_id=2/student_id=8/submission_31.zip,4092
2,56,32,submissions_files/assignment_id=2/student_id=56/submission_32.zip,795
2,30,33,submissions_files/assignment_id=2/student_id=30/submission_33.zip,3525
2,69,34,submissions_files/assignment_id=2/student_id=69/submission_34.zip,3533
2,61,35,submissions_files/assignment_id=2/student_id=61/submission_35.zip,3729
2,6,36,submissions_files/assignment_id=2/student_id=6/submission_36.zip,3249
2,17,37,submissions_files/assignment_id=2/student_id=17/submission_37.zip,4704
2,121,38,submissions_files/assignment_id=2/student_id=121/submission_38.zip,1662
2,108,39,submissions_files/assignment_id=2/student_id=108/submission_39.zip,1947
2,86,40,submissions_files/assignment_id=2/student_id=86/submission_40.zip,3770
2,105,41,submissions_files/assignment_id=2/student_id=105/submission_41.zip,3177
2,80,42,submissions_files/assignment_id=2/student_id=80/submission_42.zip,894
2,23,43,submissions_files/assignment_id=2/student_id=23/submission_43.zip,3209
2,110,44,submissions_files/assignment_id=2/student_id=110/submission_44.zip,166
2,20,45,submissions_files/assignment_id=2/student_id=20/submission_45.zip,4158
3,64,46,submissions_files/assignment_id=3/student_id=64/submission_46.zip,4932
3,139,47,submissions_files/assignment_id=3/student_id=139/submission_47.zip,4995
3,4,48,submissions_files/assignment_id=3/student_id=4/submission_48.zip,3069
3,95,49,submissions_files/assignment_id=3/student_id=95/submission_49.zip,3774
3,120,50,submissions_files/assignment_id=3/student_id=120/submission_50.zip,4160
3,133,51,submissions_files/assignment_id=3/student_id=133/submission_51.zip,438
3,51,52,submissions_files/assignment_id=3/student_id=51/submission_52.zip,3212
3,2,53,submissions_files/assignment_id=3/student_id=2/submission_53.zip,4028
3,7,54,submissions_files/assignment_id=3/student_id=7/submission_54.zip,2055
3,9,55,submissions_files/assignment_id=3/student_id=9/submission_55.zip,3662
3,119,56,submissions_files/assignment_id=3/student_id=119/submission_56.zip,2177
3,44,57,submissions_files/assignment_id=3/student_id=44/submission_57.zip,4818
3,137,58,submissions_files/assignment_id=3/student_id=137/submission_58.zip,4740
3,121,59,submissions_files/assignment_id=3/student_id=121/submission_59.zip,879
3,72,60,submissions_files/assignment_id=3/student_id=72/submission_60.zip,4432
3,108,61,submissions_files/assignment_id=3/student_id=108/submission_61.zip,3531
4,29,62,submissions_files/assignment_id=4/student_id=29/submission_62.zip,4377
4,47,63,submissions_files/assignment_id=4/student_id=47/submission_63.zip,3374
4,83,64,submissions_files/assignment_id=4/student_id=83/submission_64.zip,114
4,103,65,submissions_files/assignment_id=4/student_id=103/submission_65.zip,245
4,65,66,submissions_files/assignment_id=4/student_id=65/submission_66.zip,3803
4,12,67,submissions_files/assignment_id=4/student_id=12/submission_67.zip,4696
4,130,68,submissions_files/assignment_id=4/student_id=130/submission_68.zip,1109
4,115,69,submissions_files/assignment_id=4/student_id=115/submission_69.zip,3804
4,33,70,submissions_files/assignment_id=4/student_id=33/submission_70.zip,2248
4,58,71,submissions_files/assignment_id=4/student_id=58/submission_71.zip,724
4,1,72,submissions_files/assignment_id=4/student_id=1/submission_72.zip,468
4,62,73,submissions_files/assignment_id=4/student_id=62/submission_73.zip,1685
4,139,74,submissions_files/assignment_id=4/student_id=139/submission_74.zip,1391
4,18,75,submissions_files/assignment_id=4/student_id=18/submission_75.zip,1845
4,6,76,submissions_files/assignment_id=4/student_id=6/submission_76.zip,1409
4,108,77,submissions_files/assignment_id=4/student_id=108/submission_77.zip,4383
4,106,78,submissions_files/assignment_id=4/student_id=106/submission_78.zip,4021
4,63,79,submissions_files/assignment_id=4/student_id=63/submission_79.zip,889
4,140,80,submissions_files/assignment_id=4/student_id=140/submission_80.zip,434
4,31,81,submissions_files/assignment_id=4/student_id=31/submission_81.zip,2129
5,119,82,submissions_files/assignment_id=5/student_id=119/submission_82.zip,3111
5,12,83,submissions_files/assignment_id=5/student_id=12/submission_83.zip,2538
5,49,84,submissions_files/assignment_id=5/student_id=49/submission_84.zip,1877
5,130,85,submissions_files/assignment_id=5/student_id=130/submission_85.zip,1362
5,38,86,submissions_files/assignment_id=5/student_id=38/submission_86.zip,572
5,23,87,submissions_files/assignment_id=5/student_id=23/submission_87.zip,3366
5,87,88,submissions_files/assignment_id=5/student_id=87/submission_88.zip,770
5,128,89,submissions_files/assignment_id=5/student_id=128/submission_89.zip,2443
5,115,90,submissions_files/assignment_id=5/student_id=115/submission_90.zip,2721
5,97,91,submissions_files/assignment_id=5/student_id=97/submission_91.zip,4823
5,82,92,submissions_files/assignment_id=5/student_id=82/submission_92.zip,2638
5,99,93,submissions_files/assignment_id=5/student_id=99/submission_93.zip,3718
5,85,94,submissions_files/assignment_id=5/student_id=85/submission_94.zip,4110
5,43,95,submissions_files/assignment_id=5/student_id=43/submission_95.zip,1675
5,103,96,submissions_files/assignment_id=5/student_id=103/submission_96.zip,4161
5,56,97,submissions_files/assignment_id=5/student_id=56/submission_97.zip,1790
5,39,98,submissions_files/assignment_id=5/student_id=39/submission_98.zip,883
5,13,99,submissions_files/assignment_id=5/student_id=13/submission_99.zip,1098
5,67,100,submissions_files/assignment_id=5/student_id=67/submission_100.zip,972
5,75,101,submissions_files/assignment_id=5/student_id=75/submission_101.zip,1980
5,92,102,submissions_files/assignment_id=5/student_id=92/submission_102.zip,3405
5,48,103,submissions_files/assignment_id=5/student_id=48/submission_103.zip,614
5,76,104,submissions_files/assignment_id=5/student_id=76/submission_104.zip,243
5,53,105,submissions_files/assignment_id=5/student_id=53/submission_105.zip,708
5,3,106,submissions_files/assignment_id=5/student_id=3/submission_106.zip,4663
5,112,107,submissions_files/assignment_id=5/student_id=112/submission_107.zip,2371
5,60,108,submissions_files/assignment_id=5/student_id=60/submission_108.zip,767
6,38,109,submissions_files/assignment_id=6/student_id=38/submission_109.zip,485
6,39,110,submissions_files/assignment_id=6/student_id=39/submission_110.zip,2495
6,48,111,submissions_files/assignment_id=6/student_id=48/submission_111.zip,2773
6,76,112,submissions_files/assignment_id=6/student_id=76/submission_112.zip,620
6,60,113,submissions_files/assignment_id=6/student_id=60/submission_113.zip,3828
6,128,114,submissions_files/assignment_id=6/student_id=128/submission_114.zip,330
6,103,115,submissions_files/assignment_id=6/student_id=103/submission_115.zip,2962
6,85,116,submissions_files/assignment_id=6/student_id=85/submission_116.zip,3263
6,115,117,submissions_files/assignment_id=6/student_id=115/submission_117.zip,2818
6,3,118,submissions_files/assignment_id=6/student_id=3/submission_118.zip,85
6,87,119,submissions_files/assignment_id=6/student_id=87/submission_119.zip,1646
6,112,120,submissions_files/assignment_id=6/student_id=112/submission_120.zip,643
6,119,121,submissions_files/assignment_id=6/student_id=119/submission_121.zip,3696
6,99,122,submissions_files/assignment_id=6/student_id=99/submission_122.zip,4760
6,23,123,submissions_files/assignment_id=6/student_id=23/submission_123.zip,4917
6,67,124,submissions_files/assignment_id=6/student_id=67/submission_124.zip,545
6,53,125,submissions_files/assignment_id=6/student_id=53/submission_125.zip,1380
6,56,126,submissions_files/assignment_id=6/student_id=56/submission_126.zip,2506
6,13,127,submissions_files/assignment_id=6/student_id=13/submission_127.zip,4644
6,82,128,submissions_files/assignment_id=6/student_id=82/submission_128.zip,4663
6,49,129,submissions_files/assignment_id=6/student_id=49/submission_129.zip,736
6,130,130,submissions_files/assignment_id=6/student_id=130/submission_130.zip,975
6,12,131,submissions_files/assignment_id=6/student_id=12/submission_131.zip,2113
6,75,132,submissions_files/assignment_id=6/student_id=75/submission_132.zip,2578
6,43,133,submissions_files/assignment_id=6/student_id=43/submission_133.zip,1393
6,97,134,submissions_files/assignment_id=6/student_id=97/submission_134.zip,4605
6,92,135,submissions_files/assignment_id=6/student_id=92/submission_135.zip,2146
7,21,136,submissions_files/assignment_id=7/student_id=21/submission_136.zip,2394
7,28,137,submissions_files/assignment_id=7/student_id=28/submission_137.zip,3427
7,30,138,submissions_files/assignment_id=7/student_id=30/submission_138.zip,738
7,10,139,submissions_files/assignment_id=7/student_id=10/submission_139.zip,2595
7,42,140,submissions_files/assignment_id=7/student_id=42/submission_140.zip,3177
7,76,141,submissions_files/assignment_id=7/student_id=76/submission_141.zip,239
7,109,142,submissions_files/assignment_id=7/student_id=109/submission_142.zip,498
7,2,143,submissions_files/assignment_id=7/student_id=2/submission_143.zip,2046
7,43,144,submissions_files/assignment_id=7/student_id=43/submission_144.zip,1371
7,71,145,submissions_files/assignment_id=7/student_id=71/submission_145.zip,584
7,79,146,submissions_files/assignment_id=7/student_id=79/submission_146.zip,1289
7,110,147,submissions_files/assignment_id=7/student_id=110/submission_147.zip,2887
7,25,148,submissions_files/assignment_id=7/student_id=25/submission_148.zip,1353
7,123,149,submissions_files/assignment_id=7/student_id=123/submission_149.zip,4811
7,27,150,submissions_files/assignment_id=7/student_id=27/submission_150.zip,769
7,80,151,submissions_files/assignment_id=7/student_id=80/submission_151.zip,3013
7,103,152,submissions_files/assignment_id=7/student_id=103/submission_152.zip,2397
7,81,153,submissions_files/assignment_id=7/student_id=81/submission_153.zip,4194
7,36,154,submissions_files/assignment_id=7/student_id=36/submission_154.zip,361
7,45,155,submissions_files/assignment_id=7/student_id=45/submission_155.zip,4132
7,96,156,submissions_files/assignment_id=7/student_id=96/submission_156.zip,203
7,5,157,submissions_files/assignment_id=7/student_id=5/submission_157.zip,795
7,106,158,submissions_files/assignment_id=7/student_id=106/submission_158.zip,776
8,126,159,submissions_files/assignment_id=8/student_id=126/submission_159.zip,3470
8,13,160,submissions_files/assignment_id=8/student_id=13/submission_160.zip,1257
8,8,161,submissions_files/assignment_id=8/student_id=8/submission_161.zip,1672
8,57,162,submissions_files/assignment_id=8/student_id=57/submission_162.zip,1886
8,11,163,submissions_files/assignment_id=8/student_id=11/submission_163.zip,611
8,83,164,submissions_files/assignment_id=8/student_id=83/submission_164.zip,3051
8,67,165,submissions_files/assignment_id=8/student_id=67/submission_165.zip,1938
8,9,166,submissions_files/assignment_id=8/student_id=9/submission_166.zip,1879
8,36,167,submissions_files/assignment_id=8/student_id=36/submission_167.zip,294
8,124,168,submissions_files/assignment_id=8/student_id=124/submission_168.zip,1020
8,78,169,submissions_files/assignment_id=8/student_id=78/submission_169.zip,3813
8,62,170,submissions_files/assignment_id=8/student_id=62/submission_170.zip,2523
8,73,171,submissions_files/assignment_id=8/student_id=73/submission_171.zip,133
8,27,172,submissions_files/assignment_id=8/student_id=27/submission_172.zip,4481
8,2,173,submissions_files/assignment_id=8/student_id=2/submission_173.zip,1448
8,56,174,submissions_files/assignment_id=8/student_id=56/submission_174.zip,547
8,111,175,submissions_files/assignment_id=8/student_id=111/submission_175.zip,2088
9,73,176,submissions_files/assignment_id=9/student_id=73/submission_176.zip,364
9,11,177,submissions_files/assignment_id=9/student_id=11/submission_177.zip,2953
9,83,178,submissions_files/assignment_id=9/student_id=83/submission_178.zip,608
9,9,179,submissions_files/assignment_id=9/student_id=9/submission_179.zip,1651
9,57,180,submissions_files/assignment_id=9/student_id=57/submission_180.zip,4318
9,67,181,submissions_files/assignment_id=9/student_id=67/submission_181.zip,2480
9,126,182,submissions_files/assignment_id=9/student_id=126/submission_182.zip,1321
9,111,183,submissions_files/assignment_id=9/student_id=111/submission_183.zip,752
9,13,184,submissions_files/assignment_id=9/student_id=13/submission_184.zip,610
9,8,185,submissions_files/assignment_id=9/student_id=8/submission_185.zip,2199
9,62,186,submissions_files/assignment_id=9/student_id=62/submission_186.zip,2764
9,124,187,submissions_files/assignment_id=9/student_id=124/submission_187.zip,2749
9,36,188,submissions_files/assignment_id=9/student_id=36/submission_188.zip,1056
9,2,189,submissions_files/assignment_id=9/student_id=2/submission_189.zip,1209
9,27,190,submissions_files/assignment_id=9/student_id=27/submission_190.zip,1893
9,78,191,submissions_files/assignment_id=9/student_id=78/submission_191.zip,992
9,56,192,submissions_files/assignment_id=9/student_id=56/submission_192.zip,2898
10,46,193,submissions_files/assignment_id=10/student_id=46/submission_193.zip,1503
10,10,194,submissions_files/assignment_id=10/student_id=10/submission_194.zip,2702
10,113,195,submissions_files/assignment_id=10/student_id=113/submission_195.zip,4646
10,124,196,submissions_files/assignment_id=10/student_id=124/submission_196.zip,512
10,103,197,submissions_files/assignment_id=10/student_id=103/submission_197.zip,2491
10,77,198,submissions_files/assignment_id=10/student_id=77/submission_198.zip,4926
10,50,199,submissions_files/assignment_id=10/student_id=50/submission_199.zip,2203
10,118,200,submissions_files/assignment_id=10/student_id=118/submission_200.zip,2411
10,41,201,submissions_files/assignment_id=10/student_id=41/submission_201.zip,228
10,47,202,submissions_files/assignment_id=10/student_id=47/submission_202.zip,652
10,127,203,submissions_files/assignment_id=10/student_id=127/submission_203.zip,1013
10,114,204,submissions_files/assignment_id=10/student_id=114/submission_204.zip,2696
10,43,205,submissions_files/assignment_id=10/student_id=43/submission_205.zip,2651
10,9,206,submissions_files/assignment_id=10/student_id=9/submission_206.zip,444
10,57,207,submissions_files/assignment_id=10/student_id=57/submission_207.zip,1161
10,111,208,submissions_files/assignment_id=10/student_id=111/submission_208.zip,1704
10,133,209,submissions_files/assignment_id=10/student_id=133/submission_209.zip,525
10,78,210,submissions_files/assignment_id=10/student_id=78/submission_210.zip,2784
10,80,211,submissions_files/assignment_id=10/student_id=80/submission_211.zip,70
10,93,212,submissions_files/assignment_id=10/student_id=93/submission_212.zip,2621
10,117,213,submissions_files/assignment_id=10/student_id=117/submission_213.zip,124
10,123,214,submissions_files/assignment_id=10/student_id=123/submission_214.zip,2460
10,94,215,submissions_files/assignment_id=10/student_id=94/submission_215.zip,2822
11,29,216,submissions_files/assignment_id=11/student_id=29/submission_216.zip,1300
11,44,217,submissions_files/assignment_id=11/student_id=44/submission_217.zip,3090
11,91,218,submissions_files/assignment_id=11/student_id=91/submission_218.zip,4088
11,67,219,submissions_files/assignment_id=11/student_id=67/submission_219.zip,4408
11,125,220,submissions_files/assignment_id=11/student_id=125/submission_220.zip,4127
11,102,221,submissions_files/assignment_id=11/student_id=102/submission_221.zip,2203
11,130,222,submissions_files/assignment_id=11/student_id=130/submission_222.zip,4843
11,15,223,submissions_files/assignment_id=11/student_id=15/submission_223.zip,2511
11,28,224,submissions_files/assignment_id=11/student_id=28/submission_224.zip,66
11,39,225,submissions_files/assignment_id=11/student_id=39/submission_225.zip,251
11,111,226,submissions_files/assignment_id=11/student_id=111/submission_226.zip,1106
11,32,227,submissions_files/assignment_id=11/student_id=32/submission_227.zip,374
11,45,228,submissions_files/assignment_id=11/student_id=45/submission_228.zip,3126
11,10,229,submissions_files/assignment_id=11/student_id=10/submission_229.zip,532
11,65,230,submissions_files/assignment_id=11/student_id=65/submission_230.zip,4506
11,57,231,submissions_files/assignment_id=11/student_id=57/submission_231.zip,1808
11,14,232,submissions_files/assignment_id=11/student_id=14/submission_232.zip,3012
11,100,233,submissions_files/assignment_id=11/student_id=100/submission_233.zip,1896
11,53,234,submissions_files/assignment_id=11/student_id=53/submission_234.zip,3899
11,115,235,submissions_files/assignment_id=11/student_id=115/submission_235.zip,905
11,12,236,submissions_files/assignment_id=11/student_id=12/submission_236.zip,1795
11,37,237,submissions_files/assignment_id=11/student_id=37/submission_237.zip,4037
11,36,238,submissions_files/assignment_id=11/student_id=36/submission_238.zip,3877
11,116,239,submissions_files/assignment_id=11/student_id=116/submission_239.zip,3571
11,1,240,submissions_files/assignment_id=11/student_id=1/submission_240.zip,2337
11,31,241,submissions_files/assignment_id=11/student_id=31/submission_241.zip,4290
11,131,242,submissions_files/assignment_id=11/student_id=131/submission_242.zip,646
11,58,243,submissions_files/assignment_id=11/student_id=58/submission_243.zip,4298
12,120,244,submissions_files/assignment_id=12/student_id=120/submission_244.zip,4111
12,17,245,submissions_files/assignment_id=12/student_id=17/submission_245.zip,241
12,42,246,submissions_files/assignment_id=12/student_id=42/submission_246.zip,2363
12,121,247,submissions_files/assignment_id=12/student_id=121/submission_247.zip,441
12,89,248,submissions_files/assignment_id=12/student_id=89/submission_248.zip,3618
12,60,249,submissions_files/assignment_id=12/student_id=60/submission_249.zip,3126
12,55,250,submissions_files/assignment_id=12/student_id=55/submission_250.zip,3093
12,29,251,submissions_files/assignment_id=12/student_id=29/submission_251.zip,274
12,68,252,submissions_files/assignment_id=12/student_id=68/submission_252.zip,232
12,135,253,submissions_files/assignment_id=12/student_id=135/submission_253.zip,2650
12,37,254,submissions_files/assignment_id=12/student_id=37/submission_254.zip,2988
12,77,255,submissions_files/assignment_id=12/student_id=77/submission_255.zip,3262
12,100,256,submissions_files/assignment_id=12/student_id=100/submission_256.zip,4168
12,21,257,submissions_files/assignment_id=12/student_id=21/submission_257.zip,680
12,119,258,submissions_files/assignment_id=12/student_id=119/submission_258.zip,356
12,7,259,submissions_files/assignment_id=12/student_id=7/submission_259.zip,3646
12,24,260,submissions_files/assignment_id=12/student_id=24/submission_260.zip,4373
12,12,261,submissions_files/assignment_id=12/student_id=12/submission_261.zip,2284
12,133,262,submissions_files/assignment_id=12/student_id=133/submission_262.zip,1371
12,14,263,submissions_files/assignment_id=12/student_id=14/submission_263.zip,2259
12,4,264,submissions_files/assignment_id=12/student_id=4/submission_264.zip,749
12,95,265,submissions_files/assignment_id=12/student_id=95/submission_265.zip,2420
12,70,266,submissions_files/assignment_id=12/student_id=70/submission_266.zip,3574
12,73,267,submissions_files/assignment_id=12/student_id=73/submission_267.zip,1317
13,2,268,submissions_files/assignment_id=13/student_id=2/submission_268.zip,3796
13,103,269,submissions_files/assignment_id=13/student_id=103/submission_269.zip,1953
13,42,270,submissions_files/assignment_id=13/student_id=42/submission_270.zip,2135
13,110,271,submissions_files/assignment_id=13/student_id=110/submission_271.zip,3173
13,45,272,submissions_files/assignment_id=13/student_id=45/submission_272.zip,1063
13,25,273,submissions_files/assignment_id=13/student_id=25/submission_273.zip,1307
13,109,274,submissions_files/assignment_id=13/student_id=109/submission_274.zip,537
13,81,275,submissions_files/assignment_id=13/student_id=81/submission_275.zip,1628
13,96,276,submissions_files/assignment_id=13/student_id=96/submission_276.zip,525
13,21,277,submissions_files/assignment_id=13/student_id=21/submission_277.zip,4553
13,36,278,submissions_files/assignment_id=13/student_id=36/submission_278.zip,3386
13,80,279,submissions_files/assignment_id=13/student_id=80/submission_279.zip,3018
13,27,280,submissions_files/assignment_id=13/student_id=27/submission_280.zip,3450
13,71,281,submissions_files/assignment_id=13/student_id=71/submission_281.zip,4812
13,30,282,submissions_files/assignment_id=13/student_id=30/submission_282.zip,1207
13,43,283,submissions_files/assignment_id=13/student_id=43/submission_283.zip,559
13,76,284,submissions_files/assignment_id=13/student_id=76/submission_284.zip,3932
13,10,285,submissions_files/assignment_id=13/student_id=10/submission_285.zip,1632
13,106,286,submissions_files/assignment_id=13/student_id=106/submission_286.zip,1853
13,79,287,submissions_files/assignment_id=13/student_id=79/submission_287.zip,3723
13,5,288,submissions_files/assignment_id=13/student_id=5/submission_288.zip,2562
13,123,289,submissions_files/assignment_id=13/student_id=123/submission_289.zip,358
13,28,290,submissions_files/assignment_id=13/student_id=28/submission_290.zip,3714
14,62,291,submissions_files/assignment_id=14/student_id=62/submission_291.zip,3887
14,47,292,submissions_files/assignment_id=14/student_id=47/submission_292.zip,4530
14,31,293,submissions_files/assignment_id=14/student_id=31/submission_293.zip,829
14,116,294,submissions_files/assignment_id=14/student_id=116/submission_294.zip,678
14,48,295,submissions_files/assignment_id=14/student_id=48/submission_295.zip,1365
14,39,296,submissions_files/assignment_id=14/student_id=39/submission_296.zip,727
14,135,297,submissions_files/assignment_id=14/student_id=135/submission_297.zip,4769
14,32,298,submissions_files/assignment_id=14/student_id=32/submission_298.zip,4101
14,132,299,submissions_files/assignment_id=14/student_id=132/submission_299.zip,3316
14,99,300,submissions_files/assignment_id=14/student_id=99/submission_300.zip,4621
14,139,301,submissions_files/assignment_id=14/student_id=139/submission_301.zip,1659
14,41,302,submissions_files/assignment_id=14/student_id=41/submission_302.zip,2289
14,68,303,submissions_files/assignment_id=14/student_id=68/submission_303.zip,87
14,84,304,submissions_files/assignment_id=14/student_id=84/submission_304.zip,2200
14,107,305,submissions_files/assignment_id=14/student_id=107/submission_305.zip,1401
14,117,306,submissions_files/assignment_id=14/student_id=117/submission_306.zip,4182
14,69,307,submissions_files/assignment_id=14/student_id=69/submission_307.zip,785
14,20,308,submissions_files/assignment_id=14/student_id=20/submission_308.zip,3397
14,49,309,submissions_files/assignment_id=14/student_id=49/submission_309.zip,2001
14,82,310,submissions_files/assignment_id=14/student_id=82/submission_310.zip,4945
14,94,311,submissions_files/assignment_id=14/student_id=94/submission_311.zip,2095
15,23,312,submissions_files/assignment_id=15/student_id=23/submission_312.zip,4738
15,125,313,submissions_files/assignment_id=15/student_id=125/submission_313.zip,4151
15,127,314,submissions_files/assignment_id=15/student_id=127/submission_314.zip,4456
15,115,315,submissions_files/assignment_id=15/student_id=115/submission_315.zip,1830
15,60,316,submissions_files/assignment_id=15/student_id=60/submission_316.zip,4370
15,118,317,submissions_files/assignment_id=15/student_id=118/submission_317.zip,4761
15,88,318,submissions_files/assignment_id=15/student_id=88/submission_318.zip,1487
15,65,319,submissions_files/assignment_id=15/student_id=65/submission_319.zip,4349
15,19,320,submissions_files/assignment_id=15/student_id=19/submission_320.zip,3370
15,44,321,submissions_files/assignment_id=15/student_id=44/submission_321.zip,4116
15,77,322,submissions_files/assignment_id=15/student_id=77/submission_322.zip,3040
15,134,323,submissions_files/assignment_id=15/student_id=134/submission_323.zip,4166
15,74,324,submissions_files/assignment_id=15/student_id=74/submission_324.zip,4192
15,51,325,submissions_files/assignment_id=15/student_id=51/submission_325.zip,4060
15,113,326,submissions_files/assignment_id=15/student_id=113/submission_326.zip,409
15,70,327,submissions_files/assignment_id=15/student_id=70/submission_327.zip,468
15,101,328,submissions_files/assignment_id=15/student_id=101/submission_328.zip,4225
15,83,329,submissions_files/assignment_id=15/student_id=83/submission_329.zip,3885
15,98,330,submissions_files/assignment_id=15/student_id=98/submission_330.zip,1599
16,16,331,submissions_files/assignment_id=16/student_id=16/submission_331.zip,3238
16,7,332,submissions_files/assignment_id=16/student_id=7/submission_332.zip,1039
16,98,333,submissions_files/assignment_id=16/student_id=98/submission_333.zip,3532
16,131,334,submissions_files/assignment_id=16/student_id=131/submission_334.zip,771
16,109,335,submissions_files/assignment_id=16/student_id=109/submission_335.zip,2566
16,89,336,submissions_files/assignment_id=16/student_id=89/submission_336.zip,4948
16,114,337,submissions_files/assignment_id=16/student_id=114/submission_337.zip,1326
16,19,338,submissions_files/assignment_id=16/student_id=19/submission_338.zip,4589
16,81,339,submissions_files/assignment_id=16/student_id=81/submission_339.zip,4386
16,136,340,submissions_files/assignment_id=16/student_id=136/submission_340.zip,2063
16,34,341,submissions_files/assignment_id=16/student_id=34/submission_341.zip,3426
16,127,342,submissions_files/assignment_id=16/student_id=127/submission_342.zip,1393
16,66,343,submissions_files/assignment_id=16/student_id=66/submission_343.zip,459
16,128,344,submissions_files/assignment_id=16/student_id=128/submission_344.zip,3557
16,47,345,submissions_files/assignment_id=16/student_id=47/submission_345.zip,4725
16,9,346,submissions_files/assignment_id=16/student_id=9/submission_346.zip,321
16,78,347,submissions_files/assignment_id=16/student_id=78/submission_347.zip,4462
16,65,348,submissions_files/assignment_id=16/student_id=65/submission_348.zip,3035
16,91,349,submissions_files/assignment_id=16/student_id=91/submission_349.zip,4898
16,46,350,submissions_files/assignment_id=16/student_id=46/submission_350.zip,4548
16,55,351,submissions_files/assignment_id=16/student_id=55/submission_351.zip,3898
16,80,352,submissions_files/assignment_id=16/student_id=80/submission_352.zip,3953
16,72,353,submissions_files/assignment_id=16/student_id=72/submission_353.zip,2985
16,44,354,submissions_files/assignment_id=16/student_id=44/submission_354.zip,3396
16,93,355,submissions_files/assignment_id=16/student_id=93/submission_355.zip,785
16,115,356,submissions_files/assignment_id=16/student_id=115/submission_356.zip,1459
17,104,357,submissions_files/assignment_id=17/student_id=104/submission_357.zip,2105
17,121,358,submissions_files/assignment_id=17/student_id=121/submission_358.zip,3473
17,18,359,submissions_files/assignment_id=17/student_id=18/submission_359.zip,4969
17,117,360,submissions_files/assignment_id=17/student_id=117/submission_360.zip,2596
17,66,361,submissions_files/assignment_id=17/student_id=66/submission_361.zip,4665
17,49,362,submissions_files/assignment_id=17/student_id=49/submission_362.zip,4178
17,135,363,submissions_files/assignment_id=17/student_id=135/submission_363.zip,2963
17,123,364,submissions_files/assignment_id=17/student_id=123/submission_364.zip,2109
17,7,365,submissions_files/assignment_id=17/student_id=7/submission_365.zip,78
17,126,366,submissions_files/assignment_id=17/student_id=126/submission_366.zip,3938
17,77,367,submissions_files/assignment_id=17/student_id=77/submission_367.zip,1243
17,138,368,submissions_files/assignment_id=17/student_id=138/submission_368.zip,151
17,1,369,submissions_files/assignment_id=17/student_id=1/submission_369.zip,2072
17,127,370,submissions_files/assignment_id=17/student_id=127/submission_370.zip,1477
17,113,371,submissions_files/assignment_id=17/student_id=113/submission_371.zip,1425
17,52,372,submissions_files/assignment_id=17/student_id=52/submission_372.zip,1430
17,71,373,submissions_files/assignment_id=17/student_id=71/submission_373.zip,962
17,125,374,submissions_files/assignment_id=17/student_id=125/submission_374.zip,1595
17,90,375,submissions_files/assignment_id=17/student_id=90/submission_375.zip,1433
17,41,376,submissions_files/assignment_id=17/student_id=41/submission_376.zip,4959
18,135,377,submissions_files/assignment_id=18/student_id=135/submission_377.zip,3558
18,89,378,submissions_files/assignment_id=18/student_id=89/submission_378.zip,3402
18,68,379,submissions_files/assignment_id=18/student_id=68/submission_379.zip,4762
18,70,380,submissions_files/assignment_id=18/student_id=70/submission_380.zip,3041
18,7,381,submissions_files/assignment_id=18/student_id=7/submission_381.zip,1730
18,21,382,submissions_files/assignment_id=18/student_id=21/submission_382.zip,4535
18,14,383,submissions_files/assignment_id=18/student_id=14/submission_383.zip,600
18,37,384,submissions_files/assignment_id=18/student_id=37/submission_384.zip,285
18,120,385,submissions_files/assignment_id=18/student_id=120/submission_385.zip,3833
18,73,386,submissions_files/assignment_id=18/student_id=73/submission_386.zip,2249
18,12,387,submissions_files/assignment_id=18/student_id=12/submission_387.zip,3706
18,121,388,submissions_files/assignment_id=18/student_id=121/submission_388.zip,3140
18,24,389,submissions_files/assignment_id=18/student_id=24/submission_389.zip,1117
18,100,390,submissions_files/assignment_id=18/student_id=100/submission_390.zip,2698
18,119,391,submissions_files/assignment_id=18/student_id=119/submission_391.zip,2442
18,29,392,submissions_files/assignment_id=18/student_id=29/submission_392.zip,1279
18,55,393,submissions_files/assignment_id=18/student_id=55/submission_393.zip,3356
18,42,394,submissions_files/assignment_id=18/student_id=42/submission_394.zip,637
18,133,395,submissions_files/assignment_id=18/student_id=133/submission_395.zip,2861
18,17,396,submissions_files/assignment_id=18/student_id=17/submission_396.zip,4054
18,4,397,submissions_files/assignment_id=18/student_id=4/submission_397.zip,4849
18,95,398,submissions_files/assignment_id=18/student_id=95/submission_398.zip,2975
18,77,399,submissions_files/assignment_id=18/student_id=77/submission_399.zip,2039
18,60,400,submissions_files/assignment_id=18/student_id=60/submission_400.zip,227
19,61,401,submissions_files/assignment_id=19/student_id=61/submission_401.zip,311
19,88,402,submissions_files/assignment_id=19/student_id=88/submission_402.zip,4224
19,97,403,submissions_files/assignment_id=19/student_id=97/submission_403.zip,1619
19,121,404,submissions_files/assignment_id=19/student_id=121/submission_404.zip,3552
19,134,405,submissions_files/assignment_id=19/student_id=134/submission_405.zip,4888
19,53,406,submissions_files/assignment_id=19/student_id=53/submission_406.zip,4457
19,55,407,submissions_files/assignment_id=19/student_id=55/submission_407.zip,4639
19,129,408,submissions_files/assignment_id=19/student_id=129/submission_408.zip,2950
19,56,409,submissions_files/assignment_id=19/student_id=56/submission_409.zip,2967
19,108,410,submissions_files/assignment_id=19/student_id=108/submission_410.zip,1491
19,80,411,submissions_files/assignment_id=19/student_id=80/submission_411.zip,2688
19,110,412,submissions_files/assignment_id=19/student_id=110/submission_412.zip,2882
19,23,413,submissions_files/assignment_id=19/student_id=23/submission_413.zip,4220
19,20,414,submissions_files/assignment_id=19/student_id=20/submission_414.zip,450
19,132,415,submissions_files/assignment_id=19/student_id=132/submission_415.zip,3815
19,83,416,submissions_files/assignment_id=19/student_id=83/submission_416.zip,4380
19,8,417,submissions_files/assignment_id=19/student_id=8/submission_417.zip,3659
19,137,418,submissions_files/assignment_id=19/student_id=137/submission_418.zip,4957
19,22,419,submissions_files/assignment_id=19/student_id=22/submission_419.zip,2118
19,6,420,submissions_files/assignment_id=19/student_id=6/submission_420.zip,1282
19,30,421,submissions_files/assignment_id=19/student_id=30/submission_421.zip,3879
19,84,422,submissions_files/assignment_id=19/student_id=84/submission_422.zip,3398
19,105,423,submissions_files/assignment_id=19/student_id=105/submission_423.zip,885
19,17,424,submissions_files/assignment_id=19/student_id=17/submission_424.zip,4272
19,86,425,submissions_files/assignment_id=19/student_id=86/submission_425.zip,1405
19,69,426,submissions_files/assignment_id=19/student_id=69/submission_426.zip,1373
20,1,427,submissions_files/assignment_id=20/student_id=1/submission_427.zip,781
20,135,428,submissions_files/assignment_id=20/student_id=135/submission_428.zip,4553
20,90,429,submissions_files/assignment_id=20/student_id=90/submission_429.zip,2595
20,18,430,submissions_files/assignment_id=20/student_id=18/submission_430.zip,319
20,113,431,submissions_files/assignment_id=20/student_id=113/submission_431.zip,2427
20,121,432,submissions_files/assignment_id=20/student_id=121/submission_432.zip,232
20,125,433,submissions_files/assignment_id=20/student_id=125/submission_433.zip,3964
20,123,434,submissions_files/assignment_id=20/student_id=123/submission_434.zip,3974
20,52,435,submissions_files/assignment_id=20/student_id=52/submission_435.zip,1719
20,66,436,submissions_files/assignment_id=20/student_id=66/submission_436.zip,3854
20,49,437,submissions_files/assignment_id=20/student_id=49/submission_437.zip,1705
20,104,438,submissions_files/assignment_id=20/student_id=104/submission_438.zip,2492
20,117,439,submissions_files/assignment_id=20/student_id=117/submission_439.zip,945
20,127,440,submissions_files/assignment_id=20/student_id=127/submission_440.zip,4614
20,77,441,submissions_files/assignment_id=20/student_id=77/submission_441.zip,3098
20,71,442,submissions_files/assignment_id=20/student_id=71/submission_442.zip,3240
20,41,443,submissions_files/assignment_id=20/student_id=41/submission_443.zip,1870
20,7,444,submissions_files/assignment_id=20/student_id=7/submission_444.zip,341
20,126,445,submissions_files/assignment_id=20/student_id=126/submission_445.zip,2458
20,138,446,submissions_files/assignment_id=20/student_id=138/submission_446.zip,2300
21,95,447,submissions_files/assignment_id=21/student_id=95/submission_447.zip,4823
21,24,448,submissions_files/assignment_id=21/student_id=24/submission_448.zip,2197
21,71,449,submissions_files/assignment_id=21/student_id=71/submission_449.zip,175
21,104,450,submissions_files/assignment_id=21/student_id=104/submission_450.zip,3049
21,13,451,submissions_files/assignment_id=21/student_id=13/submission_451.zip,1687
21,108,452,submissions_files/assignment_id=21/student_id=108/submission_452.zip,4385
21,118,453,submissions_files/assignment_id=21/student_id=118/submission_453.zip,3876
21,130,454,submissions_files/assignment_id=21/student_id=130/submission_454.zip,3503
21,17,455,submissions_files/assignment_id=21/student_id=17/submission_455.zip,134
21,4,456,submissions_files/assignment_id=21/student_id=4/submission_456.zip,3187
21,74,457,submissions_files/assignment_id=21/student_id=74/submission_457.zip,407
21,44,458,submissions_files/assignment_id=21/student_id=44/submission_458.zip,298
21,11,459,submissions_files/assignment_id=21/student_id=11/submission_459.zip,4978
21,50,460,submissions_files/assignment_id=21/student_id=50/submission_460.zip,3046
21,35,461,submissions_files/assignment_id=21/student_id=35/submission_461.zip,4832
21,122,462,submissions_files/assignment_id=21/student_id=122/submission_462.zip,899
21,105,463,submissions_files/assignment_id=21/student_id=105/submission_463.zip,2897
21,92,464,submissions_files/assignment_id=21/student_id=92/submission_464.zip,2635
21,45,465,submissions_files/assignment_id=21/student_id=45/submission_465.zip,2185
21,133,466,submissions_files/assignment_id=21/student_id=133/submission_466.zip,779
21,32,467,submissions_files/assignment_id=21/student_id=32/submission_467.zip,2335
21,82,468,submissions_files/assignment_id=21/student_id=82/submission_468.zip,1404
21,85,469,submissions_files/assignment_id=21/student_id=85/submission_469.zip,715
21,31,470,submissions_files/assignment_id=21/student_id=31/submission_470.zip,4073
21,63,471,submissions_files/assignment_id=21/student_id=63/submission_471.zip,1853
21,22,472,submissions_files/assignment_id=21/student_id=22/submission_472.zip,4007
22,113,473,submissions_files/assignment_id=22/student_id=113/submission_473.zip,2903
22,49,474,submissions_files/assignment_id=22/student_id=49/submission_474.zip,2018
22,138,475,submissions_files/assignment_id=22/student_id=138/submission_475.zip,4281
22,66,476,submissions_files/assignment_id=22/student_id=66/submission_476.zip,2189
22,125,477,submissions_files/assignment_id=22/student_id=125/submission_477.zip,4212
22,52,478,submissions_files/assignment_id=22/student_id=52/submission_478.zip,1690
22,18,479,submissions_files/assignment_id=22/student_id=18/submission_479.zip,1916
22,126,480,submissions_files/assignment_id=22/student_id=126/submission_480.zip,3887
22,135,481,submissions_files/assignment_id=22/student_id=135/submission_481.zip,422
22,41,482,submissions_files/assignment_id=22/student_id=41/submission_482.zip,3964
22,90,483,submissions_files/assignment_id=22/student_id=90/submission_483.zip,1604
22,77,484,submissions_files/assignment_id=22/student_id=77/submission_484.zip,3322
22,127,485,submissions_files/assignment_id=22/student_id=127/submission_485.zip,4010
22,121,486,submissions_files/assignment_id=22/student_id=121/submission_486.zip,811
22,123,487,submissions_files/assignment_id=22/student_id=123/submission_487.zip,2918
22,71,488,submissions_files/assignment_id=22/student_id=71/submission_488.zip,2599
22,1,489,submissions_files/assignment_id=22/student_id=1/submission_489.zip,1976
22,117,490,submissions_files/assignment_id=22/student_id=117/submission_490.zip,3290
22,7,491,submissions_files/assignment_id=22/student_id=7/submission_491.zip,4389
22,104,492,submissions_files/assignment_id=22/student_id=104/submission_492.zip,4970
23,31,493,submissions_files/assignment_id=23/student_id=31/submission_493.zip,776
23,45,494,submissions_files/assignment_id=23/student_id=45/submission_494.zip,3802
23,15,495,submissions_files/assignment_id=23/student_id=15/submission_495.zip,2689
23,130,496,submissions_files/assignment_id=23/student_id=130/submission_496.zip,502
23,32,497,submissions_files/assignment_id=23/student_id=32/submission_497.zip,4961
23,91,498,submissions_files/assignment_id=23/student_id=91/submission_498.zip,3438
23,36,499,submissions_files/assignment_id=23/student_id=36/submission_499.zip,2750
23,100,500,submissions_files/assignment_id=23/student_id=100/submission_500.zip,4401
23,125,501,submissions_files/assignment_id=23/student_id=125/submission_501.zip,3416
23,12,502,submissions_files/assignment_id=23/student_id=12/submission_502.zip,1187
23,28,503,submissions_files/assignment_id=23/student_id=28/submission_503.zip,4158
23,116,504,submissions_files/assignment_id=23/student_id=116/submission_504.zip,961
23,29,505,submissions_files/assignment_id=23/student_id=29/submission_505.zip,2315
23,14,506,submissions_files/assignment_id=23/student_id=14/submission_506.zip,3885
23,57,507,submissions_files/assignment_id=23/student_id=57/submission_507.zip,959
23,58,508,submissions_files/assignment_id=23/student_id=58/submission_508.zip,2037
23,53,509,submissions_files/assignment_id=23/student_id=53/submission_509.zip,1618
23,111,510,submissions_files/assignment_id=23/student_id=111/submission_510.zip,4968
23,39,511,submissions_files/assignment_id=23/student_id=39/submission_511.zip,1794
23,1,512,submissions_files/assignment_id=23/student_id=1/submission_512.zip,4450
23,131,513,submissions_files/assignment_id=23/student_id=131/submission_513.zip,1162
23,10,514,submissions_files/assignment_id=23/student_id=10/submission_514.zip,4041
23,115,515,submissions_files/assignment_id=23/student_id=115/submission_515.zip,2733
23,44,516,submissions_files/assignment_id=23/student_id=44/submission_516.zip,826
23,37,517,submissions_files/assignment_id=23/student_id=37/submission_517.zip,2971
23,65,518,submissions_files/assignment_id=23/student_id=65/submission_518.zip,4664
23,67,519,submissions_files/assignment_id=23/student_id=67/submission_519.zip,4008
23,102,520,submissions_files/assignment_id=23/student_id=102/submission_520.zip,2481
24,11,521,submissions_files/assignment_id=24/student_id=11/submission_521.zip,3082
24,122,522,submissions_files/assignment_id=24/student_id=122/submission_522.zip,2588
24,92,523,submissions_files/assignment_id=24/student_id=92/submission_523.zip,2624
24,13,524,submissions_files/assignment_id=24/student_id=13/submission_524.zip,4013
24,130,525,submissions_files/assignment_id=24/student_id=130/submission_525.zip,1366
24,22,526,submissions_files/assignment_id=24/student_id=22/submission_526.zip,3476
24,104,527,submissions_files/assignment_id=24/student_id=104/submission_527.zip,2508
24,71,528,submissions_files/assignment_id=24/student_id=71/submission_528.zip,1667
24,31,529,submissions_files/assignment_id=24/student_id=31/submission_529.zip,2363
24,24,530,submissions_files/assignment_id=24/student_id=24/submission_530.zip,452
24,17,531,submissions_files/assignment_id=24/student_id=17/submission_531.zip,2748
24,4,532,submissions_files/assignment_id=24/student_id=4/submission_532.zip,3727
24,74,533,submissions_files/assignment_id=24/student_id=74/submission_533.zip,2421
24,35,534,submissions_files/assignment_id=24/student_id=35/submission_534.zip,3447
24,85,535,submissions_files/assignment_id=24/student_id=85/submission_535.zip,1031
24,118,536,submissions_files/assignment_id=24/student_id=118/submission_536.zip,3894
24,32,537,submissions_files/assignment_id=24/student_id=32/submission_537.zip,2137
24,105,538,submissions_files/assignment_id=24/student_id=105/submission_538.zip,4830
24,133,539,submissions_files/assignment_id=24/student_id=133/submission_539.zip,4431
24,108,540,submissions_files/assignment_id=24/student_id=108/submission_540.zip,4043
24,50,541,submissions_files/assignment_id=24/student_id=50/submission_541.zip,3229
24,95,542,submissions_files/assignment_id=24/student_id=95/submission_542.zip,4674
24,82,543,submissions_files/assignment_id=24/student_id=82/submission_543.zip,1052
24,45,544,submissions_files/assignment_id=24/student_id=45/submission_544.zip,4909
24,44,545,submissions_files/assignment_id=24/student_id=44/submission_545.zip,182
24,63,546,submissions_files/assignment_id=24/student_id=63/submission_546.zip,4859
25,119,547,submissions_files/assignment_id=25/student_id=119/submission_547.zip,3844
25,98,548,submissions_files/assignment_id=25/student_id=98/submission_548.zip,2473
25,81,549,submissions_files/assignment_id=25/student_id=81/submission_549.zip,4168
25,24,550,submissions_files/assignment_id=25/student_id=24/submission_550.zip,4211
25,138,551,submissions_files/assignment_id=25/student_id=138/submission_551.zip,3294
25,109,552,submissions_files/assignment_id=25/student_id=109/submission_552.zip,4045
25,54,553,submissions_files/assignment_id=25/student_id=54/submission_553.zip,3337
25,116,554,submissions_files/assignment_id=25/student_id=116/submission_554.zip,4523
25,57,555,submissions_files/assignment_id=25/student_id=57/submission_555.zip,4856
25,4,556,submissions_files/assignment_id=25/student_id=4/submission_556.zip,3938
25,48,557,submissions_files/assignment_id=25/student_id=48/submission_557.zip,1012
25,15,558,submissions_files/assignment_id=25/student_id=15/submission_558.zip,1483
25,69,559,submissions_files/assignment_id=25/student_id=69/submission_559.zip,2840
25,18,560,submissions_files/assignment_id=25/student_id=18/submission_560.zip,3624
25,134,561,submissions_files/assignment_id=25/student_id=134/submission_561.zip,818
25,28,562,submissions_files/assignment_id=25/student_id=28/submission_562.zip,710
25,59,563,submissions_files/assignment_id=25/student_id=59/submission_563.zip,978
25,49,564,submissions_files/assignment_id=25/student_id=49/submission_564.zip,2230
25,71,565,submissions_files/assignment_id=25/student_id=71/submission_565.zip,3248
25,70,566,submissions_files/assignment_id=25/student_id=70/submission_566.zip,1571
26,93,567,submissions_files/assignment_id=26/student_id=93/submission_567.zip,940
26,80,568,submissions_files/assignment_id=26/student_id=80/submission_568.zip,2276
26,136,569,submissions_files/assignment_id=26/student_id=136/submission_569.zip,1627
26,34,570,submissions_files/assignment_id=26/student_id=34/submission_570.zip,4249
26,115,571,submissions_files/assignment_id=26/student_id=115/submission_571.zip,1949
26,127,572,submissions_files/assignment_id=26/student_id=127/submission_572.zip,1161
26,91,573,submissions_files/assignment_id=26/student_id=91/submission_573.zip,949
26,19,574,submissions_files/assignment_id=26/student_id=19/submission_574.zip,3817
26,9,575,submissions_files/assignment_id=26/student_id=9/submission_575.zip,1943
26,46,576,submissions_files/assignment_id=26/student_id=46/submission_576.zip,3665
26,131,577,submissions_files/assignment_id=26/student_id=131/submission_577.zip,3425
26,72,578,submissions_files/assignment_id=26/student_id=72/submission_578.zip,4590
26,44,579,submissions_files/assignment_id=26/student_id=44/submission_579.zip,4568
26,16,580,submissions_files/assignment_id=26/student_id=16/submission_580.zip,4960
26,114,581,submissions_files/assignment_id=26/student_id=114/submission_581.zip,1549
26,98,582,submissions_files/assignment_id=26/student_id=98/submission_582.zip,752
26,66,583,submissions_files/assignment_id=26/student_id=66/submission_583.zip,2479
26,81,584,submissions_files/assignment_id=26/student_id=81/submission_584.zip,3009
26,109,585,submissions_files/assignment_id=26/student_id=109/submission_585.zip,345
26,78,586,submissions_files/assignment_id=26/student_id=78/submission_586.zip,3263
26,7,587,submissions_files/assignment_id=26/student_id=7/submission_587.zip,4325
26,128,588,submissions_files/assignment_id=26/student_id=128/submission_588.zip,3164
26,55,589,submissions_files/assignment_id=26/student_id=55/submission_589.zip,2540
26,47,590,submissions_files/assignment_id=26/student_id=47/submission_590.zip,1584
26,65,591,submissions_files/assignment_id=26/student_id=65/submission_591.zip,4918
26,89,592,submissions_files/assignment_id=26/student_id=89/submission_592.zip,3445
27,59,593,submissions_files/assignment_id=27/student_id=59/submission_593.zip,4641
27,109,594,submissions_files/assignment_id=27/student_id=109/submission_594.zip,611
27,31,595,submissions_files/assignment_id=27/student_id=31/submission_595.zip,2120
27,98,596,submissions_files/assignment_id=27/student_id=98/submission_596.zip,2213
27,114,597,submissions_files/assignment_id=27/student_id=114/submission_597.zip,1120
27,40,598,submissions_files/assignment_id=27/student_id=40/submission_598.zip,475
27,95,599,submissions_files/assignment_id=27/student_id=95/submission_599.zip,4196
27,67,600,submissions_files/assignment_id=27/student_id=67/submission_600.zip,423
27,3,601,submissions_files/assignment_id=27/student_id=3/submission_601.zip,458
27,64,602,submissions_files/assignment_id=27/student_id=64/submission_602.zip,2299
27,36,603,submissions_files/assignment_id=27/student_id=36/submission_603.zip,2503
27,16,604,submissions_files/assignment_id=27/student_id=16/submission_604.zip,2984
27,120,605,submissions_files/assignment_id=27/student_id=120/submission_605.zip,4356
27,99,606,submissions_files/assignment_id=27/student_id=99/submission_606.zip,2083
27,52,607,submissions_files/assignment_id=27/student_id=52/submission_607.zip,1045
27,118,608,submissions_files/assignment_id=27/student_id=118/submission_608.zip,666
27,21,609,submissions_files/assignment_id=27/student_id=21/submission_609.zip,1704
27,84,610,submissions_files/assignment_id=27/student_id=84/submission_610.zip,3698
27,135,611,submissions_files/assignment_id=27/student_id=135/submission_611.zip,4390
28,84,612,submissions_files/assignment_id=28/student_id=84/submission_612.zip,3307
28,118,613,submissions_files/assignment_id=28/student_id=118/submission_613.zip,4577
28,99,614,submissions_files/assignment_id=28/student_id=99/submission_614.zip,3067
28,67,615,submissions_files/assignment_id=28/student_id=67/submission_615.zip,227
28,16,616,submissions_files/assignment_id=28/student_id=16/submission_616.zip,4967
28,59,617,submissions_files/assignment_id=28/student_id=59/submission_617.zip,177
28,36,618,submissions_files/assignment_id=28/student_id=36/submission_618.zip,1072
28,135,619,submissions_files/assignment_id=28/student_id=135/submission_619.zip,3952
28,40,620,submissions_files/assignment_id=28/student_id=40/submission_620.zip,1444
28,3,621,submissions_files/assignment_id=28/student_id=3/submission_621.zip,653
28,95,622,submissions_files/assignment_id=28/student_id=95/submission_622.zip,1052
28,31,623,submissions_files/assignment_id=28/student_id=31/submission_623.zip,1290
28,52,624,submissions_files/assignment_id=28/student_id=52/submission_624.zip,4324
28,64,625,submissions_files/assignment_id=28/student_id=64/submission_625.zip,163
28,120,626,submissions_files/assignment_id=28/student_id=120/submission_626.zip,246
28,98,627,submissions_files/assignment_id=28/student_id=98/submission_627.zip,4825
28,114,628,submissions_files/assignment_id=28/student_id=114/submission_628.zip,3858
28,109,629,submissions_files/assignment_id=28/student_id=109/submission_629.zip,3564
28,21,630,submissions_files/assignment_id=28/student_id=21/submission_630.zip,1931
29,70,631,submissions_files/assignment_id=29/student_id=70/submission_631.zip,3673
29,59,632,submissions_files/assignment_id=29/student_id=59/submission_632.zip,178
29,48,633,submissions_files/assignment_id=29/student_id=48/submission_633.zip,4663
29,49,634,submissions_files/assignment_id=29/student_id=49/submission_634.zip,410
29,81,635,submissions_files/assignment_id=29/student_id=81/submission_635.zip,595
29,71,636,submissions_files/assignment_id=29/student_id=71/submission_636.zip,2358
29,15,637,submissions_files/assignment_id=29/student_id=15/submission_637.zip,1816
29,54,638,submissions_files/assignment_id=29/student_id=54/submission_638.zip,1991
29,134,639,submissions_files/assignment_id=29/student_id=134/submission_639.zip,985
29,69,640,submissions_files/assignment_id=29/student_id=69/submission_640.zip,3150
29,24,641,submissions_files/assignment_id=29/student_id=24/submission_641.zip,2837
29,98,642,submissions_files/assignment_id=29/student_id=98/submission_642.zip,1438
29,138,643,submissions_files/assignment_id=29/student_id=138/submission_643.zip,1732
29,57,644,submissions_files/assignment_id=29/student_id=57/submission_644.zip,1708
29,4,645,submissions_files/assignment_id=29/student_id=4/submission_645.zip,3742
29,18,646,submissions_files/assignment_id=29/student_id=18/submission_646.zip,2730
29,119,647,submissions_files/assignment_id=29/student_id=119/submission_647.zip,2739
29,109,648,submissions_files/assignment_id=29/student_id=109/submission_648.zip,3595
29,116,649,submissions_files/assignment_id=29/student_id=116/submission_649.zip,766
29,28,650,submissions_files/assignment_id=29/student_id=28/submission_650.zip,4514
30,21,651,submissions_files/assignment_id=30/student_id=21/submission_651.zip,3400
30,3,652,submissions_files/assignment_id=30/student_id=3/submission_652.zip,2911
30,84,653,submissions_files/assignment_id=30/student_id=84/submission_653.zip,3638
30,67,654,submissions_files/assignment_id=30/student_id=67/submission_654.zip,1854
30,120,655,submissions_files/assignment_id=30/student_id=120/submission_655.zip,4216
30,114,656,submissions_files/assignment_id=30/student_id=114/submission_656.zip,3629
30,95,657,submissions_files/assignment_id=30/student_id=95/submission_657.zip,4368
30,31,658,submissions_files/assignment_id=30/student_id=31/submission_658.zip,4020
30,99,659,submissions_files/assignment_id=30/student_id=99/submission_659.zip,3633
30,59,660,submissions_files/assignment_id=30/student_id=59/submission_660.zip,1418
30,118,661,submissions_files/assignment_id=30/student_id=118/submission_661.zip,3811
30,135,662,submissions_files/assignment_id=30/student_id=135/submission_662.zip,2021
30,40,663,submissions_files/assignment_id=30/student_id=40/submission_663.zip,66
30,52,664,submissions_files/assignment_id=30/student_id=52/submission_664.zip,3568
30,109,665,submissions_files/assignment_id=30/student_id=109/submission_665.zip,181
30,16,666,submissions_files/assignment_id=30/student_id=16/submission_666.zip,463
30,36,667,submissions_files/assignment_id=30/student_id=36/submission_667.zip,1650
30,98,668,submissions_files/assignment_id=30/student_id=98/submission_668.zip,1282
30,64,669,submissions_files/assignment_id=30/student_id=64/submission_669.zip,4649
31,134,670,submissions_files/assignment_id=31/student_id=134/submission_670.zip,1881
31,137,671,submissions_files/assignment_id=31/student_id=137/submission_671.zip,1306
31,20,672,submissions_files/assignment_id=31/student_id=20/submission_672.zip,4025
31,53,673,submissions_files/assignment_id=31/student_id=53/submission_673.zip,2008
31,22,674,submissions_files/assignment_id=31/student_id=22/submission_674.zip,3781
31,80,675,submissions_files/assignment_id=31/student_id=80/submission_675.zip,4511
31,110,676,submissions_files/assignment_id=31/student_id=110/submission_676.zip,3844
31,132,677,submissions_files/assignment_id=31/student_id=132/submission_677.zip,3955
31,88,678,submissions_files/assignment_id=31/student_id=88/submission_678.zip,2448
31,55,679,submissions_files/assignment_id=31/student_id=55/submission_679.zip,673
31,8,680,submissions_files/assignment_id=31/student_id=8/submission_680.zip,4715
31,121,681,submissions_files/assignment_id=31/student_id=121/submission_681.zip,2885
31,84,682,submissions_files/assignment_id=31/student_id=84/submission_682.zip,2901
31,97,683,submissions_files/assignment_id=31/student_id=97/submission_683.zip,2694
31,69,684,submissions_files/assignment_id=31/student_id=69/submission_684.zip,3563
31,83,685,submissions_files/assignment_id=31/student_id=83/submission_685.zip,937
31,30,686,submissions_files/assignment_id=31/student_id=30/submission_686.zip,3324
31,105,687,submissions_files/assignment_id=31/student_id=105/submission_687.zip,3961
31,56,688,submissions_files/assignment_id=31/student_id=56/submission_688.zip,4386
31,61,689,submissions_files/assignment_id=31/student_id=61/submission_689.zip,928
31,129,690,submissions_files/assignment_id=31/student_id=129/submission_690.zip,3005
31,17,691,submissions_files/assignment_id=31/student_id=17/submission_691.zip,4371
31,6,692,submissions_files/assignment_id=31/student_id=6/submission_692.zip,1601
31,108,693,submissions_files/assignment_id=31/student_id=108/submission_693.zip,3126
31,23,694,submissions_files/assignment_id=31/student_id=23/submission_694.zip,566
31,86,695,submissions_files/assignment_id=31/student_id=86/submission_695.zip,3477
32,4,696,submissions_files/assignment_id=32/student_id=4/submission_696.zip,2130
32,134,697,submissions_files/assignment_id=32/student_id=134/submission_697.zip,2160
32,90,698,submissions_files/assignment_id=32/student_id=90/submission_698.zip,3384
32,14,699,submissions_files/assignment_id=32/student_id=14/submission_699.zip,2086
32,51,700,submissions_files/assignment_id=32/student_id=51/submission_700.zip,270
32,47,701,submissions_files/assignment_id=32/student_id=47/submission_701.zip,2695
32,89,702,submissions_files/assignment_id=32/student_id=89/submission_702.zip,105
32,73,703,submissions_files/assignment_id=32/student_id=73/submission_703.zip,3177
32,69,704,submissions_files/assignment_id=32/student_id=69/submission_704.zip,987
32,1,705,submissions_files/assignment_id=32/student_id=1/submission_705.zip,3569
32,118,706,submissions_files/assignment_id=32/student_id=118/submission_706.zip,2801
32,112,707,submissions_files/assignment_id=32/student_id=112/submission_707.zip,4471
32,127,708,submissions_files/assignment_id=32/student_id=127/submission_708.zip,2242
32,21,709,submissions_files/assignment_id=32/student_id=21/submission_709.zip,1172
32,106,710,submissions_files/assignment_id=32/student_id=106/submission_710.zip,3738
32,33,711,submissions_files/assignment_id=32/student_id=33/submission_711.zip,1067
32,129,712,submissions_files/assignment_id=32/student_id=129/submission_712.zip,3304
32,43,713,submissions_files/assignment_id=32/student_id=43/submission_713.zip,753
32,138,714,submissions_files/assignment_id=32/student_id=138/submission_714.zip,4261
32,63,715,submissions_files/assignment_id=32/student_id=63/submission_715.zip,2304
32,128,716,submissions_files/assignment_id=32/student_id=128/submission_716.zip,679
32,34,717,submissions_files/assignment_id=32/student_id=34/submission_717.zip,1007
32,40,718,submissions_files/assignment_id=32/student_id=40/submission_718.zip,4622
32,81,719,submissions_files/assignment_id=32/student_id=81/submission_719.zip,1543
33,112,720,submissions_files/assignment_id=33/student_id=112/submission_720.zip,3080
33,69,721,submissions_files/assignment_id=33/student_id=69/submission_721.zip,4830
33,127,722,submissions_files/assignment_id=33/student_id=127/submission_722.zip,822
33,106,723,submissions_files/assignment_id=33/student_id=106/submission_723.zip,2082
33,118,724,submissions_files/assignment_id=33/student_id=118/submission_724.zip,3719
33,89,725,submissions_files/assignment_id=33/student_id=89/submission_725.zip,4290
33,128,726,submissions_files/assignment_id=33/student_id=128/submission_726.zip,3627
33,81,727,submissions_files/assignment_id=33/student_id=81/submission_727.zip,2173
33,129,728,submissions_files/assignment_id=33/student_id=129/submission_728.zip,3020
33,14,729,submissions_files/assignment_id=33/student_id=14/submission_729.zip,4350
33,90,730,submissions_files/assignment_id=33/student_id=90/submission_730.zip,3553
33,63,731,submissions_files/assignment_id=33/student_id=63/submission_731.zip,1709
33,73,732,submissions_files/assignment_id=33/student_id=73/submission_732.zip,1705
33,34,733,submissions_files/assignment_id=33/student_id=34/submission_733.zip,672
33,134,734,submissions_files/assignment_id=33/student_id=134/submission_734.zip,2866
33,4,735,submissions_files/assignment_id=33/student_id=4/submission_735.zip,3580
33,1,736,submissions_files/assignment_id=33/student_id=1/submission_736.zip,3609
33,138,737,submissions_files/assignment_id=33/student_id=138/submission_737.zip,2428
33,40,738,submissions_files/assignment_id=33/student_id=40/submission_738.zip,1200
33,43,739,submissions_files/assignment_id=33/student_id=43/submission_739.zip,1489
33,47,740,submissions_files/assignment_id=33/student_id=47/submission_740.zip,4332
33,21,741,submissions_files/assignment_id=33/student_id=21/submission_741.zip,120
33,33,742,submissions_files/assignment_id=33/student_id=33/submission_742.zip,107
33,51,743,submissions_files/assignment_id=33/student_id=51/submission_743.zip,1237
34,81,744,submissions_files/assignment_id=34/student_id=81/submission_744.zip,3012
34,34,745,submissions_files/assignment_id=34/student_id=34/submission_745.zip,4201
34,7,746,submissions_files/assignment_id=34/student_id=7/submission_746.zip,1695
34,46,747,submissions_files/assignment_id=34/student_id=46/submission_747.zip,500
34,80,748,submissions_files/assignment_id=34/student_id=80/submission_748.zip,3073
34,65,749,submissions_files/assignment_id=34/student_id=65/submission_749.zip,3436
34,89,750,submissions_files/assignment_id=34/student_id=89/submission_750.zip,1133
34,16,751,submissions_files/assignment_id=34/student_id=16/submission_751.zip,3563
34,66,752,submissions_files/assignment_id=34/student_id=66/submission_752.zip,3929
34,93,753,submissions_files/assignment_id=34/student_id=93/submission_753.zip,3723
34,44,754,submissions_files/assignment_id=34/student_id=44/submission_754.zip,2586
34,91,755,submissions_files/assignment_id=34/student_id=91/submission_755.zip,448
34,78,756,submissions_files/assignment_id=34/student_id=78/submission_756.zip,3726
34,109,757,submissions_files/assignment_id=34/student_id=109/submission_757.zip,3619
34,98,758,submissions_files/assignment_id=34/student_id=98/submission_758.zip,3340
34,136,759,submissions_files/assignment_id=34/student_id=136/submission_759.zip,543
34,9,760,submissions_files/assignment_id=34/student_id=9/submission_760.zip,589
34,47,761,submissions_files/assignment_id=34/student_id=47/submission_761.zip,1504
34,19,762,submissions_files/assignment_id=34/student_id=19/submission_762.zip,4579
34,55,763,submissions_files/assignment_id=34/student_id=55/submission_763.zip,2301
34,115,764,submissions_files/assignment_id=34/student_id=115/submission_764.zip,2101
34,72,765,submissions_files/assignment_id=34/student_id=72/submission_765.zip,3575
34,131,766,submissions_files/assignment_id=34/student_id=131/submission_766.zip,3054
34,127,767,submissions_files/assignment_id=34/student_id=127/submission_767.zip,1968
34,114,768,submissions_files/assignment_id=34/student_id=114/submission_768.zip,1614
34,128,769,submissions_files/assignment_id=34/student_id=128/submission_769.zip,4716
35,13,770,submissions_files/assignment_id=35/student_id=13/submission_770.zip,3008
35,9,771,submissions_files/assignment_id=35/student_id=9/submission_771.zip,4807
35,126,772,submissions_files/assignment_id=35/student_id=126/submission_772.zip,2319
35,27,773,submissions_files/assignment_id=35/student_id=27/submission_773.zip,89
35,57,774,submissions_files/assignment_id=35/student_id=57/submission_774.zip,1966
35,111,775,submissions_files/assignment_id=35/student_id=111/submission_775.zip,2073
35,62,776,submissions_files/assignment_id=35/student_id=62/submission_776.zip,1995
35,8,777,submissions_files/assignment_id=35/student_id=8/submission_777.zip,2525
35,78,778,submissions_files/assignment_id=35/student_id=78/submission_778.zip,1121
35,2,779,submissions_files/assignment_id=35/student_id=2/submission_779.zip,2969
35,124,780,submissions_files/assignment_id=35/student_id=124/submission_780.zip,4403
35,36,781,submissions_files/assignment_id=35/student_id=36/submission_781.zip,176
35,11,782,submissions_files/assignment_id=35/student_id=11/submission_782.zip,4496
35,56,783,submissions_files/assignment_id=35/student_id=56/submission_783.zip,353
35,83,784,submissions_files/assignment_id=35/student_id=83/submission_784.zip,3942
35,67,785,submissions_files/assignment_id=35/student_id=67/submission_785.zip,4442
35,73,786,submissions_files/assignment_id=35/student_id=73/submission_786.zip,3835
36,79,787,submissions_files/assignment_id=36/student_id=79/submission_787.zip,791
36,71,788,submissions_files/assignment_id=36/student_id=71/submission_788.zip,403
36,123,789,submissions_files/assignment_id=36/student_id=123/submission_789.zip,3506
36,5,790,submissions_files/assignment_id=36/student_id=5/submission_790.zip,450
36,2,791,submissions_files/assignment_id=36/student_id=2/submission_791.zip,2545
36,36,792,submissions_files/assignment_id=36/student_id=36/submission_792.zip,2608
36,106,793,submissions_files/assignment_id=36/student_id=106/submission_793.zip,1626
36,25,794,submissions_files/assignment_id=36/student_id=25/submission_794.zip,3728
36,103,795,submissions_files/assignment_id=36/student_id=103/submission_795.zip,3599
36,28,796,submissions_files/assignment_id=36/student_id=28/submission_796.zip,4256
36,10,797,submissions_files/assignment_id=36/student_id=10/submission_797.zip,1871
36,109,798,submissions_files/assignment_id=36/student_id=109/submission_798.zip,1893
36,80,799,submissions_files/assignment_id=36/student_id=80/submission_799.zip,153
36,96,800,submissions_files/assignment_id=36/student_id=96/submission_800.zip,4823
36,43,801,submissions_files/assignment_id=36/student_id=43/submission_801.zip,4366
36,42,802,submissions_files/assignment_id=36/student_id=42/submission_802.zip,1212
36,45,803,submissions_files/assignment_id=36/student_id=45/submission_803.zip,2338
36,30,804,submissions_files/assignment_id=36/student_id=30/submission_804.zip,1619
36,21,805,submissions_files/assignment_id=36/student_id=21/submission_805.zip,2459
36,81,806,submissions_files/assignment_id=36/student_id=81/submission_806.zip,2901
36,27,807,submissions_files/assignment_id=36/student_id=27/submission_807.zip,121
36,110,808,submissions_files/assignment_id=36/student_id=110/submission_808.zip,356
36,76,809,submissions_files/assignment_id=36/student_id=76/submission_809.zip,4094
37,38,810,submissions_files/assignment_id=37/student_id=38/submission_810.zip,558
37,92,811,submissions_files/assignment_id=37/student_id=92/submission_811.zip,4389
37,41,812,submissions_files/assignment_id=37/student_id=41/submission_812.zip,3212
37,43,813,submissions_files/assignment_id=37/student_id=43/submission_813.zip,3478
37,120,814,submissions_files/assignment_id=37/student_id=120/submission_814.zip,4870
37,137,815,submissions_files/assignment_id=37/student_id=137/submission_815.zip,3556
37,111,816,submissions_files/assignment_id=37/student_id=111/submission_816.zip,648
37,136,817,submissions_files/assignment_id=37/student_id=136/submission_817.zip,2635
37,45,818,submissions_files/assignment_id=37/student_id=45/submission_818.zip,1293
37,117,819,submissions_files/assignment_id=37/student_id=117/submission_819.zip,3528
37,56,820,submissions_files/assignment_id=37/student_id=56/submission_820.zip,1942
37,82,821,submissions_files/assignment_id=37/student_id=82/submission_821.zip,2534
37,81,822,submissions_files/assignment_id=37/student_id=81/submission_822.zip,4147
37,75,823,submissions_files/assignment_id=37/student_id=75/submission_823.zip,4403
37,26,824,submissions_files/assignment_id=37/student_id=26/submission_824.zip,431
37,86,825,submissions_files/assignment_id=37/student_id=86/submission_825.zip,2832
37,36,826,submissions_files/assignment_id=37/student_id=36/submission_826.zip,2576
37,21,827,submissions_files/assignment_id=37/student_id=21/submission_827.zip,4322
37,12,828,submissions_files/assignment_id=37/student_id=12/submission_828.zip,2471
37,30,829,submissions_files/assignment_id=37/student_id=30/submission_829.zip,4655
37,15,830,submissions_files/assignment_id=37/student_id=15/submission_830.zip,1901
37,122,831,submissions_files/assignment_id=37/student_id=122/submission_831.zip,2254
37,106,832,submissions_files/assignment_id=37/student_id=106/submission_832.zip,542
37,2,833,submissions_files/assignment_id=37/student_id=2/submission_833.zip,1813
37,33,834,submissions_files/assignment_id=37/student_id=33/submission_834.zip,3826
37,138,835,submissions_files/assignment_id=37/student_id=138/submission_835.zip,4172
37,11,836,submissions_files/assignment_id=37/student_id=11/submission_836.zip,3402
38,34,837,submissions_files/assignment_id=38/student_id=34/submission_837.zip,164
38,17,838,submissions_files/assignment_id=38/student_id=17/submission_838.zip,4320
38,92,839,submissions_files/assignment_id=38/student_id=92/submission_839.zip,3857
38,61,840,submissions_files/assignment_id=38/student_id=61/submission_840.zip,2245
38,129,841,submissions_files/assignment_id=38/student_id=129/submission_841.zip,4050
38,47,842,submissions_files/assignment_id=38/student_id=47/submission_842.zip,2206
38,132,843,submissions_files/assignment_id=38/student_id=132/submission_843.zip,1461
38,3,844,submissions_files/assignment_id=38/student_id=3/submission_844.zip,3505
38,130,845,submissions_files/assignment_id=38/student_id=130/submission_845.zip,2558
38,62,846,submissions_files/assignment_id=38/student_id=62/submission_846.zip,2105
38,49,847,submissions_files/assignment_id=38/student_id=49/submission_847.zip,3176
38,20,848,submissions_files/assignment_id=38/student_id=20/submission_848.zip,956
38,52,849,submissions_files/assignment_id=38/student_id=52/submission_849.zip,586
38,109,850,submissions_files/assignment_id=38/student_id=109/submission_850.zip,3749
38,57,851,submissions_files/assignment_id=38/student_id=57/submission_851.zip,3300
38,83,852,submissions_files/assignment_id=38/student_id=83/submission_852.zip,1720
38,96,853,submissions_files/assignment_id=38/student_id=96/submission_853.zip,360
38,76,854,submissions_files/assignment_id=38/student_id=76/submission_854.zip,4293
38,51,855,submissions_files/assignment_id=38/student_id=51/submission_855.zip,3786
38,30,856,submissions_files/assignment_id=38/student_id=30/submission_856.zip,1523
38,56,857,submissions_files/assignment_id=38/student_id=56/submission_857.zip,4244
38,138,858,submissions_files/assignment_id=38/student_id=138/submission_858.zip,68
38,69,859,submissions_files/assignment_id=38/student_id=69/submission_859.zip,167
38,48,860,submissions_files/assignment_id=38/student_id=48/submission_860.zip,4627
38,100,861,submissions_files/assignment_id=38/student_id=100/submission_861.zip,1702
38,68,862,submissions_files/assignment_id=38/student_id=68/submission_862.zip,2476
39,133,863,submissions_files/assignment_id=39/student_id=133/submission_863.zip,500
39,119,864,submissions_files/assignment_id=39/student_id=119/submission_864.zip,4375
39,4,865,submissions_files/assignment_id=39/student_id=4/submission_865.zip,946
39,64,866,submissions_files/assignment_id=39/student_id=64/submission_866.zip,969
39,2,867,submissions_files/assignment_id=39/student_id=2/submission_867.zip,478
39,120,868,submissions_files/assignment_id=39/student_id=120/submission_868.zip,4830
39,137,869,submissions_files/assignment_id=39/student_id=137/submission_869.zip,606
39,139,870,submissions_files/assignment_id=39/student_id=139/submission_870.zip,3352
39,9,871,submissions_files/assignment_id=39/student_id=9/submission_871.zip,1327
39,95,872,submissions_files/assignment_id=39/student_id=95/submission_872.zip,3137
39,51,873,submissions_files/assignment_id=39/student_id=51/submission_873.zip,4496
39,72,874,submissions_files/assignment_id=39/student_id=72/submission_874.zip,555
39,7,875,submissions_files/assignment_id=39/student_id=7/submission_875.zip,373
39,108,876,submissions_files/assignment_id=39/student_id=108/submission_876.zip,4930
39,121,877,submissions_files/assignment_id=39/student_id=121/submission_877.zip,4814
39,44,878,submissions_files/assignment_id=39/student_id=44/submission_878.zip,2524
40,15,879,submissions_files/assignment_id=40/student_id=15/submission_879.zip,4313
40,109,880,submissions_files/assignment_id=40/student_id=109/submission_880.zip,452
40,57,881,submissions_files/assignment_id=40/student_id=57/submission_881.zip,2356
40,49,882,submissions_files/assignment_id=40/student_id=49/submission_882.zip,327
40,70,883,submissions_files/assignment_id=40/student_id=70/submission_883.zip,242
40,116,884,submissions_files/assignment_id=40/student_id=116/submission_884.zip,1416
40,18,885,submissions_files/assignment_id=40/student_id=18/submission_885.zip,1668
40,69,886,submissions_files/assignment_id=40/student_id=69/submission_886.zip,340
40,48,887,submissions_files/assignment_id=40/student_id=48/submission_887.zip,2137
40,28,888,submissions_files/assignment_id=40/student_id=28/submission_888.zip,3995
40,54,889,submissions_files/assignment_id=40/student_id=54/submission_889.zip,1634
40,59,890,submissions_files/assignment_id=40/student_id=59/submission_890.zip,4150
40,134,891,submissions_files/assignment_id=40/student_id=134/submission_891.zip,4605
40,98,892,submissions_files/assignment_id=40/student_id=98/submission_892.zip,2652
40,4,893,submissions_files/assignment_id=40/student_id=4/submission_893.zip,2153
40,81,894,submissions_files/assignment_id=40/student_id=81/submission_894.zip,4473
40,71,895,submissions_files/assignment_id=40/student_id=71/submission_895.zip,3621
40,138,896,submissions_files/assignment_id=40/student_id=138/submission_896.zip,303
40,24,897,submissions_files/assignment_id=40/student_id=24/submission_897.zip,1481
40,119,898,submissions_files/assignment_id=40/student_id=119/submission_898.zip,307
41,17,899,submissions_files/assignment_id=41/student_id=17/submission_899.zip,1644
41,130,900,submissions_files/assignment_id=41/student_id=130/submission_900.zip,4212
41,105,901,submissions_files/assignment_id=41/student_id=105/submission_901.zip,596
41,11,902,submissions_files/assignment_id=41/student_id=11/submission_902.zip,1945
41,63,903,submissions_files/assignment_id=41/student_id=63/submission_903.zip,261
41,108,904,submissions_files/assignment_id=41/student_id=108/submission_904.zip,2264
41,95,905,submissions_files/assignment_id=41/student_id=95/submission_905.zip,479
41,24,906,submissions_files/assignment_id=41/student_id=24/submission_906.zip,625
41,50,907,submissions_files/assignment_id=41/student_id=50/submission_907.zip,1740
41,44,908,submissions_files/assignment_id=41/student_id=44/submission_908.zip,2937
41,92,909,submissions_files/assignment_id=41/student_id=92/submission_909.zip,3786
41,32,910,submissions_files/assignment_id=41/student_id=32/submission_910.zip,3858
41,74,911,submissions_files/assignment_id=41/student_id=74/submission_911.zip,1048
41,4,912,submissions_files/assignment_id=41/student_id=4/submission_912.zip,3906
41,13,913,submissions_files/assignment_id=41/student_id=13/submission_913.zip,3119
41,85,914,submissions_files/assignment_id=41/student_id=85/submission_914.zip,846
41,118,915,submissions_files/assignment_id=41/student_id=118/submission_915.zip,4473
41,104,916,submissions_files/assignment_id=41/student_id=104/submission_916.zip,4888
41,71,917,submissions_files/assignment_id=41/student_id=71/submission_917.zip,1153
41,31,918,submissions_files/assignment_id=41/student_id=31/submission_918.zip,2181
41,82,919,submissions_files/assignment_id=41/student_id=82/submission_919.zip,1808
41,22,920,submissions_files/assignment_id=41/student_id=22/submission_920.zip,3152
41,35,921,submissions_files/assignment_id=41/student_id=35/submission_921.zip,367
41,122,922,submissions_files/assignment_id=41/student_id=122/submission_922.zip,1660
41,45,923,submissions_files/assignment_id=41/student_id=45/submission_923.zip,206
41,133,924,submissions_files/assignment_id=41/student_id=133/submission_924.zip,4773
42,120,925,submissions_files/assignment_id=42/student_id=120/submission_925.zip,3498
42,59,926,submissions_files/assignment_id=42/student_id=59/submission_926.zip,215
42,64,927,submissions_files/assignment_id=42/student_id=64/submission_927.zip,224
42,135,928,submissions_files/assignment_id=42/student_id=135/submission_928.zip,1232
42,99,929,submissions_files/assignment_id=42/student_id=99/submission_929.zip,1820
42,114,930,submissions_files/assignment_id=42/student_id=114/submission_930.zip,3025
42,98,931,submissions_files/assignment_id=42/student_id=98/submission_931.zip,1376
42,95,932,submissions_files/assignment_id=42/student_id=95/submission_932.zip,4125
42,109,933,submissions_files/assignment_id=42/student_id=109/submission_933.zip,1489
42,3,934,submissions_files/assignment_id=42/student_id=3/submission_934.zip,3844
42,16,935,submissions_files/assignment_id=42/student_id=16/submission_935.zip,2610
42,67,936,submissions_files/assignment_id=42/student_id=67/submission_936.zip,2781
42,31,937,submissions_files/assignment_id=42/student_id=31/submission_937.zip,1280
42,118,938,submissions_files/assignment_id=42/student_id=118/submission_938.zip,2857
42,36,939,submissions_files/assignment_id=42/student_id=36/submission_939.zip,2045
42,84,940,submissions_files/assignment_id=42/student_id=84/submission_940.zip,3535
42,21,941,submissions_files/assignment_id=42/student_id=21/submission_941.zip,3162
42,40,942,submissions_files/assignment_id=42/student_id=40/submission_942.zip,1550
42,52,943,submissions_files/assignment_id=42/student_id=52/submission_943.zip,4160
43,61,944,submissions_files/assignment_id=43/student_id=61/submission_944.zip,4981
43,96,945,submissions_files/assignment_id=43/student_id=96/submission_945.zip,1408
43,52,946,submissions_files/assignment_id=43/student_id=52/submission_946.zip,2350
43,69,947,submissions_files/assignment_id=43/student_id=69/submission_947.zip,4824
43,30,948,submissions_files/assignment_id=43/student_id=30/submission_948.zip,3421
43,20,949,submissions_files/assignment_id=43/student_id=20/submission_949.zip,2043
43,68,950,submissions_files/assignment_id=43/student_id=68/submission_950.zip,162
43,129,951,submissions_files/assignment_id=43/student_id=129/submission_951.zip,4604
43,100,952,submissions_files/assignment_id=43/student_id=100/submission_952.zip,3160
43,132,953,submissions_files/assignment_id=43/student_id=132/submission_953.zip,2602
43,83,954,submissions_files/assignment_id=43/student_id=83/submission_954.zip,1298
43,76,955,submissions_files/assignment_id=43/student_id=76/submission_955.zip,4299
43,3,956,submissions_files/assignment_id=43/student_id=3/submission_956.zip,1886
43,56,957,submissions_files/assignment_id=43/student_id=56/submission_957.zip,376
43,92,958,submissions_files/assignment_id=43/student_id=92/submission_958.zip,688
43,17,959,submissions_files/assignment_id=43/student_id=17/submission_959.zip,4162
43,138,960,submissions_files/assignment_id=43/student_id=138/submission_960.zip,425
43,57,961,submissions_files/assignment_id=43/student_id=57/submission_961.zip,491
43,51,962,submissions_files/assignment_id=43/student_id=51/submission_962.zip,3379
43,48,963,submissions_files/assignment_id=43/student_id=48/submission_963.zip,4701
43,34,964,submissions_files/assignment_id=43/student_id=34/submission_964.zip,1743
43,62,965,submissions_files/assignment_id=43/student_id=62/submission_965.zip,4716
43,47,966,submissions_files/assignment_id=43/student_id=47/submission_966.zip,2425
43,109,967,submissions_files/assignment_id=43/student_id=109/submission_967.zip,322
43,49,968,submissions_files/assignment_id=43/student_id=49/submission_968.zip,3849
43,130,969,submissions_files/assignment_id=43/student_id=130/submission_969.zip,3314
44,79,970,submissions_files/assignment_id=44/student_id=79/submission_970.zip,4536
44,106,971,submissions_files/assignment_id=44/student_id=106/submission_971.zip,622
44,27,972,submissions_files/assignment_id=44/student_id=27/submission_972.zip,3561
44,21,973,submissions_files/assignment_id=44/student_id=21/submission_973.zip,106
44,25,974,submissions_files/assignment_id=44/student_id=25/submission_974.zip,2482
44,80,975,submissions_files/assignment_id=44/student_id=80/submission_975.zip,4019
44,30,976,submissions_files/assignment_id=44/student_id=30/submission_976.zip,3380
44,45,977,submissions_files/assignment_id=44/student_id=45/submission_977.zip,4349
44,81,978,submissions_files/assignment_id=44/student_id=81/submission_978.zip,3113
44,103,979,submissions_files/assignment_id=44/student_id=103/submission_979.zip,705
44,28,980,submissions_files/assignment_id=44/student_id=28/submission_980.zip,3094
44,76,981,submissions_files/assignment_id=44/student_id=76/submission_981.zip,52
44,110,982,submissions_files/assignment_id=44/student_id=110/submission_982.zip,4389
44,109,983,submissions_files/assignment_id=44/student_id=109/submission_983.zip,1374
44,43,984,submissions_files/assignment_id=44/student_id=43/submission_984.zip,3894
44,42,985,submissions_files/assignment_id=44/student_id=42/submission_985.zip,498
44,10,986,submissions_files/assignment_id=44/student_id=10/submission_986.zip,1858
44,71,987,submissions_files/assignment_id=44/student_id=71/submission_987.zip,4327
44,96,988,submissions_files/assignment_id=44/student_id=96/submission_988.zip,715
44,36,989,submissions_files/assignment_id=44/student_id=36/submission_989.zip,382
44,2,990,submissions_files/assignment_id=44/student_id=2/submission_990.zip,1218
44,123,991,submissions_files/assignment_id=44/student_id=123/submission_991.zip,2051
44,5,992,submissions_files/assignment_id=44/student_id=5/submission_992.zip,4419
45,66,993,submissions_files/assignment_id=45/student_id=66/submission_993.zip,1838
45,127,994,submissions_files/assignment_id=45/student_id=127/submission_994.zip,195
45,136,995,submissions_files/assignment_id=45/student_id=136/submission_995.zip,1325
45,47,996,submissions_files/assignment_id=45/student_id=47/submission_996.zip,2593
45,44,997,submissions_files/assignment_id=45/student_id=44/submission_997.zip,3748
45,55,998,submissions_files/assignment_id=45/student_id=55/submission_998.zip,3524
45,34,999,submissions_files/assignment_id=45/student_id=34/submission_999.zip,4356
45,91,1000,submissions_files/assignment_id=45/student_id=91/submission_1000.zip,1931
45,16,1001,submissions_files/assignment_id=45/student_id=16/submission_1001.zip,2745
45,109,1002,submissions_files/assignment_id=45/student_id=109/submission_1002.zip,4733
45,65,1003,submissions_files/assignment_id=45/student_id=65/submission_1003.zip,3864
45,93,1004,submissions_files/assignment_id=45/student_id=93/submission_1004.zip,3751
45,128,1005,submissions_files/assignment_id=45/student_id=128/submission_1005.zip,4400
45,89,1006,submissions_files/assignment_id=45/student_id=89/submission_1006.zip,3388
45,46,1007,submissions_files/assignment_id=45/student_id=46/submission_1007.zip,3334
45,114,1008,submissions_files/assignment_id=45/student_id=114/submission_1008.zip,4496
45,115,1009,submissions_files/assignment_id=45/student_id=115/submission_1009.zip,1221
45,9,1010,submissions_files/assignment_id=45/student_id=9/submission_1010.zip,1231
45,72,1011,submissions_files/assignment_id=45/student_id=72/submission_1011.zip,661
45,7,1012,submissions_files/assignment_id=45/student_id=7/submission_1012.zip,4280
45,131,1013,submissions_files/assignment_id=45/student_id=131/submission_1013.zip,2100
45,78,1014,submissions_files/assignment_id=45/student_id=78/submission_1014.zip,3612
45,80,1015,submissions_files/assignment_id=45/student_id=80/submission_1015.zip,1210
45,98,1016,submissions_files/assignment_id=45/student_id=98/submission_1016.zip,4304
45,81,1017,submissions_files/assignment_id=45/student_id=81/submission_1017.zip,4096
45,19,1018,submissions_files/assignment_id=45/student_id=19/submission_1018.zip,2599
46,56,1019,submissions_files/assignment_id=46/student_id=56/submission_1019.zip,3874
46,52,1020,submissions_files/assignment_id=46/student_id=52/submission_1020.zip,1236
46,17,1021,submissions_files/assignment_id=46/student_id=17/submission_1021.zip,2434
46,34,1022,submissions_files/assignment_id=46/student_id=34/submission_1022.zip,3716
46,20,1023,submissions_files/assignment_id=46/student_id=20/submission_1023.zip,486
46,69,1024,submissions_files/assignment_id=46/student_id=69/submission_1024.zip,4587
46,92,1025,submissions_files/assignment_id=46/student_id=92/submission_1025.zip,67
46,61,1026,submissions_files/assignment_id=46/student_id=61/submission_1026.zip,3364
46,129,1027,submissions_files/assignment_id=46/student_id=129/submission_1027.zip,2604
46,76,1028,submissions_files/assignment_id=46/student_id=76/submission_1028.zip,1442
46,83,1029,submissions_files/assignment_id=46/student_id=83/submission_1029.zip,1828
46,51,1030,submissions_files/assignment_id=46/student_id=51/submission_1030.zip,4721
46,49,1031,submissions_files/assignment_id=46/student_id=49/submission_1031.zip,2873
46,96,1032,submissions_files/assignment_id=46/student_id=96/submission_1032.zip,864
46,3,1033,submissions_files/assignment_id=46/student_id=3/submission_1033.zip,3136
46,130,1034,submissions_files/assignment_id=46/student_id=130/submission_1034.zip,4114
46,100,1035,submissions_files/assignment_id=46/student_id=100/submission_1035.zip,3029
46,68,1036,submissions_files/assignment_id=46/student_id=68/submission_1036.zip,1949
46,57,1037,submissions_files/assignment_id=46/student_id=57/submission_1037.zip,4940
46,109,1038,submissions_files/assignment_id=46/student_id=109/submission_1038.zip,482
46,138,1039,submissions_files/assignment_id=46/student_id=138/submission_1039.zip,2613
46,48,1040,submissions_files/assignment_id=46/student_id=48/submission_1040.zip,1250
46,30,1041,submissions_files/assignment_id=46/student_id=30/submission_1041.zip,4267
46,47,1042,submissions_files/assignment_id=46/student_id=47/submission_1042.zip,2448
46,132,1043,submissions_files/assignment_id=46/student_id=132/submission_1043.zip,509
46,62,1044,submissions_files/assignment_id=46/student_id=62/submission_1044.zip,2864
47,94,1045,submissions_files/assignment_id=47/student_id=94/submission_1045.zip,3958
47,77,1046,submissions_files/assignment_id=47/student_id=77/submission_1046.zip,510
47,78,1047,submissions_files/assignment_id=47/student_id=78/submission_1047.zip,4606
47,5,1048,submissions_files/assignment_id=47/student_id=5/submission_1048.zip,2946
47,29,1049,submissions_files/assignment_id=47/student_id=29/submission_1049.zip,2667
47,119,1050,submissions_files/assignment_id=47/student_id=119/submission_1050.zip,2553
47,101,1051,submissions_files/assignment_id=47/student_id=101/submission_1051.zip,2730
47,95,1052,submissions_files/assignment_id=47/student_id=95/submission_1052.zip,4385
47,58,1053,submissions_files/assignment_id=47/student_id=58/submission_1053.zip,1774
47,71,1054,submissions_files/assignment_id=47/student_id=71/submission_1054.zip,4070
47,46,1055,submissions_files/assignment_id=47/student_id=46/submission_1055.zip,4843
47,88,1056,submissions_files/assignment_id=47/student_id=88/submission_1056.zip,1868
47,123,1057,submissions_files/assignment_id=47/student_id=123/submission_1057.zip,2989
47,70,1058,submissions_files/assignment_id=47/student_id=70/submission_1058.zip,4400
47,61,1059,submissions_files/assignment_id=47/student_id=61/submission_1059.zip,3206
47,97,1060,submissions_files/assignment_id=47/student_id=97/submission_1060.zip,2645
47,108,1061,submissions_files/assignment_id=47/student_id=108/submission_1061.zip,3916
47,25,1062,submissions_files/assignment_id=47/student_id=25/submission_1062.zip,4294
48,44,1063,submissions_files/assignment_id=48/student_id=44/submission_1063.zip,755
48,72,1064,submissions_files/assignment_id=48/student_id=72/submission_1064.zip,4154
48,4,1065,submissions_files/assignment_id=48/student_id=4/submission_1065.zip,3655
48,120,1066,submissions_files/assignment_id=48/student_id=120/submission_1066.zip,3463
48,9,1067,submissions_files/assignment_id=48/student_id=9/submission_1067.zip,3755
48,51,1068,submissions_files/assignment_id=48/student_id=51/submission_1068.zip,2041
48,108,1069,submissions_files/assignment_id=48/student_id=108/submission_1069.zip,3739
48,64,1070,submissions_files/assignment_id=48/student_id=64/submission_1070.zip,1033
48,2,1071,submissions_files/assignment_id=48/student_id=2/submission_1071.zip,689
48,7,1072,submissions_files/assignment_id=48/student_id=7/submission_1072.zip,819
48,139,1073,submissions_files/assignment_id=48/student_id=139/submission_1073.zip,2182
48,119,1074,submissions_files/assignment_id=48/student_id=119/submission_1074.zip,1587
48,133,1075,submissions_files/assignment_id=48/student_id=133/submission_1075.zip,1041
48,95,1076,submissions_files/assignment_id=48/student_id=95/submission_1076.zip,1193
48,137,1077,submissions_files/assignment_id=48/student_id=137/submission_1077.zip,2693
48,121,1078,submissions_files/assignment_id=48/student_id=121/submission_1078.zip,3923
49,130,1079,submissions_files/assignment_id=49/student_id=130/submission_1079.zip,1933
49,63,1080,submissions_files/assignment_id=49/student_id=63/submission_1080.zip,3723
49,103,1081,submissions_files/assignment_id=49/student_id=103/submission_1081.zip,434
49,85,1082,submissions_files/assignment_id=49/student_id=85/submission_1082.zip,703
49,122,1083,submissions_files/assignment_id=49/student_id=122/submission_1083.zip,366
49,68,1084,submissions_files/assignment_id=49/student_id=68/submission_1084.zip,1444
49,90,1085,submissions_files/assignment_id=49/student_id=90/submission_1085.zip,881
49,93,1086,submissions_files/assignment_id=49/student_id=93/submission_1086.zip,2446
49,35,1087,submissions_files/assignment_id=49/student_id=35/submission_1087.zip,4127
49,50,1088,submissions_files/assignment_id=49/student_id=50/submission_1088.zip,69
49,129,1089,submissions_files/assignment_id=49/student_id=129/submission_1089.zip,2592
49,19,1090,submissions_files/assignment_id=49/student_id=19/submission_1090.zip,3495
49,29,1091,submissions_files/assignment_id=49/student_id=29/submission_1091.zip,4744
49,110,1092,submissions_files/assignment_id=49/student_id=110/submission_1092.zip,4839
49,37,1093,submissions_files/assignment_id=49/student_id=37/submission_1093.zip,150
49,131,1094,submissions_files/assignment_id=49/student_id=131/submission_1094.zip,4792
49,80,1095,submissions_files/assignment_id=49/student_id=80/submission_1095.zip,4506
49,81,1096,submissions_files/assignment_id=49/student_id=81/submission_1096.zip,1000
49,116,1097,submissions_files/assignment_id=49/student_id=116/submission_1097.zip,190
49,66,1098,submissions_files/assignment_id=49/student_id=66/submission_1098.zip,1973
49,92,1099,submissions_files/assignment_id=49/student_id=92/submission_1099.zip,2913
49,133,1100,submissions_files/assignment_id=49/student_id=133/submission_1100.zip,2884
49,86,1101,submissions_files/assignment_id=49/student_id=86/submission_1101.zip,3196
50,54,1102,submissions_files/assignment_id=50/student_id=54/submission_1102.zip,4639
50,112,1103,submissions_files/assignment_id=50/student_id=112/submission_1103.zip,1654
50,2,1104,submissions_files/assignment_id=50/student_id=2/submission_1104.zip,2238
50,65,1105,submissions_files/assignment_id=50/student_id=65/submission_1105.zip,777
50,118,1106,submissions_files/assignment_id=50/student_id=118/submission_1106.zip,3247
50,5,1107,submissions_files/assignment_id=50/student_id=5/submission_1107.zip,63
50,80,1108,submissions_files/assignment_id=50/student_id=80/submission_1108.zip,2756
50,22,1109,submissions_files/assignment_id=50/student_id=22/submission_1109.zip,4347
50,84,1110,submissions_files/assignment_id=50/student_id=84/submission_1110.zip,1203
50,93,1111,submissions_files/assignment_id=50/student_id=93/submission_1111.zip,2775
50,55,1112,submissions_files/assignment_id=50/student_id=55/submission_1112.zip,4179
50,79,1113,submissions_files/assignment_id=50/student_id=79/submission_1113.zip,3121
50,48,1114,submissions_files/assignment_id=50/student_id=48/submission_1114.zip,3400
50,53,1115,submissions_files/assignment_id=50/student_id=53/submission_1115.zip,3018
50,63,1116,submissions_files/assignment_id=50/student_id=63/submission_1116.zip,1925
50,108,1117,submissions_files/assignment_id=50/student_id=108/submission_1117.zip,4867
50,131,1118,submissions_files/assignment_id=50/student_id=131/submission_1118.zip,2265
50,19,1119,submissions_files/assignment_id=50/student_id=19/submission_1119.zip,1172
50,45,1120,submissions_files/assignment_id=50/student_id=45/submission_1120.zip,1663
50,64,1121,submissions_files/assignment_id=50/student_id=64/submission_1121.zip,193
50,49,1122,submissions_files/assignment_id=50/student_id=49/submission_1122.zip,3154
50,35,1123,submissions_files/assignment_id=50/student_id=35/submission_1123.zip,929
50,16,1124,submissions_files/assignment_id=50/student_id=16/submission_1124.zip,4258
50,56,1125,submissions_files/assignment_id=50/student_id=56/submission_1125.zip,2882
50,26,1126,submissions_files/assignment_id=50/student_id=26/submission_1126.zip,997
51,106,1127,submissions_files/assignment_id=51/student_id=106/submission_1127.zip,999
51,139,1128,submissions_files/assignment_id=51/student_id=139/submission_1128.zip,2914
51,104,1129,submissions_files/assignment_id=51/student_id=104/submission_1129.zip,3568
51,102,1130,submissions_files/assignment_id=51/student_id=102/submission_1130.zip,194
51,40,1131,submissions_files/assignment_id=51/student_id=40/submission_1131.zip,2285
51,94,1132,submissions_files/assignment_id=51/student_id=94/submission_1132.zip,4535
51,21,1133,submissions_files/assignment_id=51/student_id=21/submission_1133.zip,1746
51,124,1134,submissions_files/assignment_id=51/student_id=124/submission_1134.zip,1163
51,54,1135,submissions_files/assignment_id=51/student_id=54/submission_1135.zip,4239
51,29,1136,submissions_files/assignment_id=51/student_id=29/submission_1136.zip,3503
51,10,1137,submissions_files/assignment_id=51/student_id=10/submission_1137.zip,2248
51,38,1138,submissions_files/assignment_id=51/student_id=38/submission_1138.zip,1283
51,89,1139,submissions_files/assignment_id=51/student_id=89/submission_1139.zip,190
51,24,1140,submissions_files/assignment_id=51/student_id=24/submission_1140.zip,799
51,135,1141,submissions_files/assignment_id=51/student_id=135/submission_1141.zip,321
51,91,1142,submissions_files/assignment_id=51/student_id=91/submission_1142.zip,1482
51,107,1143,submissions_files/assignment_id=51/student_id=107/submission_1143.zip,1491
51,117,1144,submissions_files/assignment_id=51/student_id=117/submission_1144.zip,1105
51,45,1145,submissions_files/assignment_id=51/student_id=45/submission_1145.zip,2045
51,14,1146,submissions_files/assignment_id=51/student_id=14/submission_1146.zip,4462
52,32,1147,submissions_files/assignment_id=52/student_id=32/submission_1147.zip,2186
52,69,1148,submissions_files/assignment_id=52/student_id=69/submission_1148.zip,3277
52,70,1149,submissions_files/assignment_id=52/student_id=70/submission_1149.zip,3376
52,121,1150,submissions_files/assignment_id=52/student_id=121/submission_1150.zip,4387
52,86,1151,submissions_files/assignment_id=52/student_id=86/submission_1151.zip,2727
52,19,1152,submissions_files/assignment_id=52/student_id=19/submission_1152.zip,2847
52,22,1153,submissions_files/assignment_id=52/student_id=22/submission_1153.zip,3088
52,123,1154,submissions_files/assignment_id=52/student_id=123/submission_1154.zip,2397
52,85,1155,submissions_files/assignment_id=52/student_id=85/submission_1155.zip,2718
52,104,1156,submissions_files/assignment_id=52/student_id=104/submission_1156.zip,4672
52,128,1157,submissions_files/assignment_id=52/student_id=128/submission_1157.zip,3224
52,107,1158,submissions_files/assignment_id=52/student_id=107/submission_1158.zip,1801
52,126,1159,submissions_files/assignment_id=52/student_id=126/submission_1159.zip,4889
52,99,1160,submissions_files/assignment_id=52/student_id=99/submission_1160.zip,964
52,64,1161,submissions_files/assignment_id=52/student_id=64/submission_1161.zip,3767
52,112,1162,submissions_files/assignment_id=52/student_id=112/submission_1162.zip,4804
52,17,1163,submissions_files/assignment_id=52/student_id=17/submission_1163.zip,4705
52,6,1164,submissions_files/assignment_id=52/student_id=6/submission_1164.zip,684
52,10,1165,submissions_files/assignment_id=52/student_id=10/submission_1165.zip,3477
52,33,1166,submissions_files/assignment_id=52/student_id=33/submission_1166.zip,2018
52,31,1167,submissions_files/assignment_id=52/student_id=31/submission_1167.zip,2980
53,22,1168,submissions_files/assignment_id=53/student_id=22/submission_1168.zip,428
53,17,1169,submissions_files/assignment_id=53/student_id=17/submission_1169.zip,4268
53,32,1170,submissions_files/assignment_id=53/student_id=32/submission_1170.zip,2071
53,6,1171,submissions_files/assignment_id=53/student_id=6/submission_1171.zip,1164
53,107,1172,submissions_files/assignment_id=53/student_id=107/submission_1172.zip,3170
53,104,1173,submissions_files/assignment_id=53/student_id=104/submission_1173.zip,2954
53,69,1174,submissions_files/assignment_id=53/student_id=69/submission_1174.zip,1857
53,128,1175,submissions_files/assignment_id=53/student_id=128/submission_1175.zip,3768
53,33,1176,submissions_files/assignment_id=53/student_id=33/submission_1176.zip,4345
53,70,1177,submissions_files/assignment_id=53/student_id=70/submission_1177.zip,4617
53,112,1178,submissions_files/assignment_id=53/student_id=112/submission_1178.zip,1115
53,10,1179,submissions_files/assignment_id=53/student_id=10/submission_1179.zip,403
53,123,1180,submissions_files/assignment_id=53/student_id=123/submission_1180.zip,3477
53,64,1181,submissions_files/assignment_id=53/student_id=64/submission_1181.zip,987
53,126,1182,submissions_files/assignment_id=53/student_id=126/submission_1182.zip,2633
53,99,1183,submissions_files/assignment_id=53/student_id=99/submission_1183.zip,3530
53,85,1184,submissions_files/assignment_id=53/student_id=85/submission_1184.zip,4612
53,121,1185,submissions_files/assignment_id=53/student_id=121/submission_1185.zip,4760
53,86,1186,submissions_files/assignment_id=53/student_id=86/submission_1186.zip,528
53,31,1187,submissions_files/assignment_id=53/student_id=31/submission_1187.zip,3331
53,19,1188,submissions_files/assignment_id=53/student_id=19/submission_1188.zip,2228
54,123,1189,submissions_files/assignment_id=54/student_id=123/submission_1189.zip,3354
54,94,1190,submissions_files/assignment_id=54/student_id=94/submission_1190.zip,251
54,46,1191,submissions_files/assignment_id=54/student_id=46/submission_1191.zip,2106
54,71,1192,submissions_files/assignment_id=54/student_id=71/submission_1192.zip,4427
54,95,1193,submissions_files/assignment_id=54/student_id=95/submission_1193.zip,1189
54,119,1194,submissions_files/assignment_id=54/student_id=119/submission_1194.zip,570
54,77,1195,submissions_files/assignment_id=54/student_id=77/submission_1195.zip,1383
54,97,1196,submissions_files/assignment_id=54/student_id=97/submission_1196.zip,785
54,58,1197,submissions_files/assignment_id=54/student_id=58/submission_1197.zip,1091
54,108,1198,submissions_files/assignment_id=54/student_id=108/submission_1198.zip,3824
54,70,1199,submissions_files/assignment_id=54/student_id=70/submission_1199.zip,2849
54,5,1200,submissions_files/assignment_id=54/student_id=5/submission_1200.zip,315
54,29,1201,submissions_files/assignment_id=54/student_id=29/submission_1201.zip,2403
54,78,1202,submissions_files/assignment_id=54/student_id=78/submission_1202.zip,2222
54,25,1203,submissions_files/assignment_id=54/student_id=25/submission_1203.zip,3048
54,61,1204,submissions_files/assignment_id=54/student_id=61/submission_1204.zip,3620
54,101,1205,submissions_files/assignment_id=54/student_id=101/submission_1205.zip,1252
54,88,1206,submissions_files/assignment_id=54/student_id=88/submission_1206.zip,4012
55,58,1207,submissions_files/assignment_id=55/student_id=58/submission_1207.zip,3881
55,46,1208,submissions_files/assignment_id=55/student_id=46/submission_1208.zip,3789
55,5,1209,submissions_files/assignment_id=55/student_id=5/submission_1209.zip,2214
55,71,1210,submissions_files/assignment_id=55/student_id=71/submission_1210.zip,521
55,94,1211,submissions_files/assignment_id=55/student_id=94/submission_1211.zip,2319
55,77,1212,submissions_files/assignment_id=55/student_id=77/submission_1212.zip,614
55,108,1213,submissions_files/assignment_id=55/student_id=108/submission_1213.zip,3197
55,70,1214,submissions_files/assignment_id=55/student_id=70/submission_1214.zip,3797
55,78,1215,submissions_files/assignment_id=55/student_id=78/submission_1215.zip,3836
55,88,1216,submissions_files/assignment_id=55/student_id=88/submission_1216.zip,2858
55,97,1217,submissions_files/assignment_id=55/student_id=97/submission_1217.zip,667
55,95,1218,submissions_files/assignment_id=55/student_id=95/submission_1218.zip,485
55,25,1219,submissions_files/assignment_id=55/student_id=25/submission_1219.zip,1834
55,29,1220,submissions_files/assignment_id=55/student_id=29/submission_1220.zip,2745
55,61,1221,submissions_files/assignment_id=55/student_id=61/submission_1221.zip,1604
55,123,1222,submissions_files/assignment_id=55/student_id=123/submission_1222.zip,3725
55,119,1223,submissions_files/assignment_id=55/student_id=119/submission_1223.zip,2287
55,101,1224,submissions_files/assignment_id=55/student_id=101/submission_1224.zip,1606
56,130,1225,submissions_files/assignment_id=56/student_id=130/submission_1225.zip,3819
56,32,1226,submissions_files/assignment_id=56/student_id=32/submission_1226.zip,4927
56,44,1227,submissions_files/assignment_id=56/student_id=44/submission_1227.zip,4839
56,133,1228,submissions_files/assignment_id=56/student_id=133/submission_1228.zip,2129
56,35,1229,submissions_files/assignment_id=56/student_id=35/submission_1229.zip,718
56,118,1230,submissions_files/assignment_id=56/student_id=118/submission_1230.zip,3155
56,85,1231,submissions_files/assignment_id=56/student_id=85/submission_1231.zip,3651
56,22,1232,submissions_files/assignment_id=56/student_id=22/submission_1232.zip,4291
56,108,1233,submissions_files/assignment_id=56/student_id=108/submission_1233.zip,196
56,95,1234,submissions_files/assignment_id=56/student_id=95/submission_1234.zip,843
56,74,1235,submissions_files/assignment_id=56/student_id=74/submission_1235.zip,2713
56,24,1236,submissions_files/assignment_id=56/student_id=24/submission_1236.zip,971
56,122,1237,submissions_files/assignment_id=56/student_id=122/submission_1237.zip,2740
56,13,1238,submissions_files/assignment_id=56/student_id=13/submission_1238.zip,4797
56,104,1239,submissions_files/assignment_id=56/student_id=104/submission_1239.zip,4428
56,82,1240,submissions_files/assignment_id=56/student_id=82/submission_1240.zip,2366
56,92,1241,submissions_files/assignment_id=56/student_id=92/submission_1241.zip,3661
56,31,1242,submissions_files/assignment_id=56/student_id=31/submission_1242.zip,3236
56,50,1243,submissions_files/assignment_id=56/student_id=50/submission_1243.zip,3605
56,105,1244,submissions_files/assignment_id=56/student_id=105/submission_1244.zip,2940
56,4,1245,submissions_files/assignment_id=56/student_id=4/submission_1245.zip,1582
56,11,1246,submissions_files/assignment_id=56/student_id=11/submission_1246.zip,1203
56,63,1247,submissions_files/assignment_id=56/student_id=63/submission_1247.zip,1167
56,71,1248,submissions_files/assignment_id=56/student_id=71/submission_1248.zip,3278
56,45,1249,submissions_files/assignment_id=56/student_id=45/submission_1249.zip,1879
56,17,1250,submissions_files/assignment_id=56/student_id=17/submission_1250.zip,1010
57,67,1251,submissions_files/assignment_id=57/student_id=67/submission_1251.zip,1989
57,3,1252,submissions_files/assignment_id=57/student_id=3/submission_1252.zip,1818
57,36,1253,submissions_files/assignment_id=57/student_id=36/submission_1253.zip,2871
57,114,1254,submissions_files/assignment_id=57/student_id=114/submission_1254.zip,3457
57,95,1255,submissions_files/assignment_id=57/student_id=95/submission_1255.zip,3660
57,40,1256,submissions_files/assignment_id=57/student_id=40/submission_1256.zip,2841
57,118,1257,submissions_files/assignment_id=57/student_id=118/submission_1257.zip,1466
57,135,1258,submissions_files/assignment_id=57/student_id=135/submission_1258.zip,679
57,99,1259,submissions_files/assignment_id=57/student_id=99/submission_1259.zip,4888
57,64,1260,submissions_files/assignment_id=57/student_id=64/submission_1260.zip,1304
57,120,1261,submissions_files/assignment_id=57/student_id=120/submission_1261.zip,4437
57,31,1262,submissions_files/assignment_id=57/student_id=31/submission_1262.zip,4635
57,21,1263,submissions_files/assignment_id=57/student_id=21/submission_1263.zip,1397
57,16,1264,submissions_files/assignment_id=57/student_id=16/submission_1264.zip,2945
57,98,1265,submissions_files/assignment_id=57/student_id=98/submission_1265.zip,2233
57,84,1266,submissions_files/assignment_id=57/student_id=84/submission_1266.zip,3530
57,109,1267,submissions_files/assignment_id=57/student_id=109/submission_1267.zip,2035
57,59,1268,submissions_files/assignment_id=57/student_id=59/submission_1268.zip,3300
57,52,1269,submissions_files/assignment_id=57/student_id=52/submission_1269.zip,757
58,77,1270,submissions_files/assignment_id=58/student_id=77/submission_1270.zip,1618
58,61,1271,submissions_files/assignment_id=58/student_id=61/submission_1271.zip,4525
58,46,1272,submissions_files/assignment_id=58/student_id=46/submission_1272.zip,3170
58,70,1273,submissions_files/assignment_id=58/student_id=70/submission_1273.zip,4386
58,5,1274,submissions_files/assignment_id=58/student_id=5/submission_1274.zip,1559
58,25,1275,submissions_files/assignment_id=58/student_id=25/submission_1275.zip,1802
58,101,1276,submissions_files/assignment_id=58/student_id=101/submission_1276.zip,3912
58,94,1277,submissions_files/assignment_id=58/student_id=94/submission_1277.zip,3699
58,119,1278,submissions_files/assignment_id=58/student_id=119/submission_1278.zip,1403
58,58,1279,submissions_files/assignment_id=58/student_id=58/submission_1279.zip,1100
58,95,1280,submissions_files/assignment_id=58/student_id=95/submission_1280.zip,2538
58,29,1281,submissions_files/assignment_id=58/student_id=29/submission_1281.zip,391
58,71,1282,submissions_files/assignment_id=58/student_id=71/submission_1282.zip,3045
58,97,1283,submissions_files/assignment_id=58/student_id=97/submission_1283.zip,1844
58,88,1284,submissions_files/assignment_id=58/student_id=88/submission_1284.zip,858
58,123,1285,submissions_files/assignment_id=58/student_id=123/submission_1285.zip,1907
58,78,1286,submissions_files/assignment_id=58/student_id=78/submission_1286.zip,1753
58,108,1287,submissions_files/assignment_id=58/student_id=108/submission_1287.zip,4065
59,38,1288,submissions_files/assignment_id=59/student_id=38/submission_1288.zip,2694
59,40,1289,submissions_files/assignment_id=59/student_id=40/submission_1289.zip,1814
59,135,1290,submissions_files/assignment_id=59/student_id=135/submission_1290.zip,2372
59,94,1291,submissions_files/assignment_id=59/student_id=94/submission_1291.zip,1223
59,117,1292,submissions_files/assignment_id=59/student_id=117/submission_1292.zip,4235
59,89,1293,submissions_files/assignment_id=59/student_id=89/submission_1293.zip,2528
59,24,1294,submissions_files/assignment_id=59/student_id=24/submission_1294.zip,4956
59,10,1295,submissions_files/assignment_id=59/student_id=10/submission_1295.zip,1537
59,14,1296,submissions_files/assignment_id=59/student_id=14/submission_1296.zip,3068
59,107,1297,submissions_files/assignment_id=59/student_id=107/submission_1297.zip,3418
59,104,1298,submissions_files/assignment_id=59/student_id=104/submission_1298.zip,4727
59,45,1299,submissions_files/assignment_id=59/student_id=45/submission_1299.zip,2088
59,21,1300,submissions_files/assignment_id=59/student_id=21/submission_1300.zip,2185
59,54,1301,submissions_files/assignment_id=59/student_id=54/submission_1301.zip,4984
59,102,1302,submissions_files/assignment_id=59/student_id=102/submission_1302.zip,4517
59,29,1303,submissions_files/assignment_id=59/student_id=29/submission_1303.zip,544
59,91,1304,submissions_files/assignment_id=59/student_id=91/submission_1304.zip,1025
59,124,1305,submissions_files/assignment_id=59/student_id=124/submission_1305.zip,4779
59,106,1306,submissions_files/assignment_id=59/student_id=106/submission_1306.zip,3000
59,139,1307,submissions_files/assignment_id=59/student_id=139/submission_1307.zip,3539
60,73,1308,submissions_files/assignment_id=60/student_id=73/submission_1308.zip,3084
60,43,1309,submissions_files/assignment_id=60/student_id=43/submission_1309.zip,2983
60,1,1310,submissions_files/assignment_id=60/student_id=1/submission_1310.zip,4643
60,89,1311,submissions_files/assignment_id=60/student_id=89/submission_1311.zip,604
60,51,1312,submissions_files/assignment_id=60/student_id=51/submission_1312.zip,281
60,127,1313,submissions_files/assignment_id=60/student_id=127/submission_1313.zip,1282
60,40,1314,submissions_files/assignment_id=60/student_id=40/submission_1314.zip,1594
60,63,1315,submissions_files/assignment_id=60/student_id=63/submission_1315.zip,149
60,106,1316,submissions_files/assignment_id=60/student_id=106/submission_1316.zip,2892
60,34,1317,submissions_files/assignment_id=60/student_id=34/submission_1317.zip,850
60,112,1318,submissions_files/assignment_id=60/student_id=112/submission_1318.zip,158
60,128,1319,submissions_files/assignment_id=60/student_id=128/submission_1319.zip,88
60,90,1320,submissions_files/assignment_id=60/student_id=90/submission_1320.zip,4091
60,4,1321,submissions_files/assignment_id=60/student_id=4/submission_1321.zip,1530
60,21,1322,submissions_files/assignment_id=60/student_id=21/submission_1322.zip,2731
60,33,1323,submissions_files/assignment_id=60/student_id=33/submission_1323.zip,1447
60,129,1324,submissions_files/assignment_id=60/student_id=129/submission_1324.zip,4172
60,47,1325,submissions_files/assignment_id=60/student_id=47/submission_1325.zip,3008
60,134,1326,submissions_files/assignment_id=60/student_id=134/submission_1326.zip,881
60,138,1327,submissions_files/assignment_id=60/student_id=138/submission_1327.zip,4874
60,118,1328,submissions_files/assignment_id=60/student_id=118/submission_1328.zip,56
60,14,1329,submissions_files/assignment_id=60/student_id=14/submission_1329.zip,283
60,81,1330,submissions_files/assignment_id=60/student_id=81/submission_1330.zip,1725
60,69,1331,submissions_files/assignment_id=60/student_id=69/submission_1331.zip,4192
61,51,1332,submissions_files/assignment_id=61/student_id=51/submission_1332.zip,1537
61,68,1333,submissions_files/assignment_id=61/student_id=68/submission_1333.zip,4969
61,69,1334,submissions_files/assignment_id=61/student_id=69/submission_1334.zip,3581
61,30,1335,submissions_files/assignment_id=61/student_id=30/submission_1335.zip,1396
61,129,1336,submissions_files/assignment_id=61/student_id=129/submission_1336.zip,1764
61,92,1337,submissions_files/assignment_id=61/student_id=92/submission_1337.zip,4809
61,34,1338,submissions_files/assignment_id=61/student_id=34/submission_1338.zip,3571
61,17,1339,submissions_files/assignment_id=61/student_id=17/submission_1339.zip,4646
61,47,1340,submissions_files/assignment_id=61/student_id=47/submission_1340.zip,4581
61,96,1341,submissions_files/assignment_id=61/student_id=96/submission_1341.zip,521
61,76,1342,submissions_files/assignment_id=61/student_id=76/submission_1342.zip,1325
61,49,1343,submissions_files/assignment_id=61/student_id=49/submission_1343.zip,2579
61,130,1344,submissions_files/assignment_id=61/student_id=130/submission_1344.zip,1282
61,3,1345,submissions_files/assignment_id=61/student_id=3/submission_1345.zip,4449
61,52,1346,submissions_files/assignment_id=61/student_id=52/submission_1346.zip,4121
61,20,1347,submissions_files/assignment_id=61/student_id=20/submission_1347.zip,3041
61,48,1348,submissions_files/assignment_id=61/student_id=48/submission_1348.zip,3687
61,57,1349,submissions_files/assignment_id=61/student_id=57/submission_1349.zip,1342
61,109,1350,submissions_files/assignment_id=61/student_id=109/submission_1350.zip,2173
61,100,1351,submissions_files/assignment_id=61/student_id=100/submission_1351.zip,4057
61,62,1352,submissions_files/assignment_id=61/student_id=62/submission_1352.zip,3689
61,56,1353,submissions_files/assignment_id=61/student_id=56/submission_1353.zip,4396
61,132,1354,submissions_files/assignment_id=61/student_id=132/submission_1354.zip,3774
61,61,1355,submissions_files/assignment_id=61/student_id=61/submission_1355.zip,3002
61,83,1356,submissions_files/assignment_id=61/student_id=83/submission_1356.zip,1171
61,138,1357,submissions_files/assignment_id=61/student_id=138/submission_1357.zip,4598
62,28,1358,submissions_files/assignment_id=62/student_id=28/submission_1358.zip,1351
62,12,1359,submissions_files/assignment_id=62/student_id=12/submission_1359.zip,2808
62,82,1360,submissions_files/assignment_id=62/student_id=82/submission_1360.zip,4902
62,13,1361,submissions_files/assignment_id=62/student_id=13/submission_1361.zip,3533
62,41,1362,submissions_files/assignment_id=62/student_id=41/submission_1362.zip,3348
62,40,1363,submissions_files/assignment_id=62/student_id=40/submission_1363.zip,3881
62,42,1364,submissions_files/assignment_id=62/student_id=42/submission_1364.zip,2125
62,77,1365,submissions_files/assignment_id=62/student_id=77/submission_1365.zip,4786
62,27,1366,submissions_files/assignment_id=62/student_id=27/submission_1366.zip,503
62,66,1367,submissions_files/assignment_id=62/student_id=66/submission_1367.zip,4192
62,140,1368,submissions_files/assignment_id=62/student_id=140/submission_1368.zip,4386
62,97,1369,submissions_files/assignment_id=62/student_id=97/submission_1369.zip,2523
62,91,1370,submissions_files/assignment_id=62/student_id=91/submission_1370.zip,1162
62,20,1371,submissions_files/assignment_id=62/student_id=20/submission_1371.zip,2598
62,94,1372,submissions_files/assignment_id=62/student_id=94/submission_1372.zip,3817
62,64,1373,submissions_files/assignment_id=62/student_id=64/submission_1373.zip,3965
62,87,1374,submissions_files/assignment_id=62/student_id=87/submission_1374.zip,1867
62,83,1375,submissions_files/assignment_id=62/student_id=83/submission_1375.zip,2302
62,102,1376,submissions_files/assignment_id=62/student_id=102/submission_1376.zip,187
62,93,1377,submissions_files/assignment_id=62/student_id=93/submission_1377.zip,1419
62,124,1378,submissions_files/assignment_id=62/student_id=124/submission_1378.zip,2028
63,51,1379,submissions_files/assignment_id=63/student_id=51/submission_1379.zip,1540
63,127,1380,submissions_files/assignment_id=63/student_id=127/submission_1380.zip,2641
63,118,1381,submissions_files/assignment_id=63/student_id=118/submission_1381.zip,987
63,98,1382,submissions_files/assignment_id=63/student_id=98/submission_1382.zip,2707
63,113,1383,submissions_files/assignment_id=63/student_id=113/submission_1383.zip,1397
63,134,1384,submissions_files/assignment_id=63/student_id=134/submission_1384.zip,2522
63,70,1385,submissions_files/assignment_id=63/student_id=70/submission_1385.zip,1467
63,83,1386,submissions_files/assignment_id=63/student_id=83/submission_1386.zip,1440
63,44,1387,submissions_files/assignment_id=63/student_id=44/submission_1387.zip,2833
63,101,1388,submissions_files/assignment_id=63/student_id=101/submission_1388.zip,1567
63,19,1389,submissions_files/assignment_id=63/student_id=19/submission_1389.zip,822
63,23,1390,submissions_files/assignment_id=63/student_id=23/submission_1390.zip,3281
63,60,1391,submissions_files/assignment_id=63/student_id=60/submission_1391.zip,4626
63,115,1392,submissions_files/assignment_id=63/student_id=115/submission_1392.zip,4475
63,74,1393,submissions_files/assignment_id=63/student_id=74/submission_1393.zip,3202
63,125,1394,submissions_files/assignment_id=63/student_id=125/submission_1394.zip,2269
63,65,1395,submissions_files/assignment_id=63/student_id=65/submission_1395.zip,3972
63,77,1396,submissions_files/assignment_id=63/student_id=77/submission_1396.zip,570
63,88,1397,submissions_files/assignment_id=63/student_id=88/submission_1397.zip,2226
64,106,1398,submissions_files/assignment_id=64/student_id=106/submission_1398.zip,798
64,42,1399,submissions_files/assignment_id=64/student_id=42/submission_1399.zip,2678
64,80,1400,submissions_files/assignment_id=64/student_id=80/submission_1400.zip,1815
64,71,1401,submissions_files/assignment_id=64/student_id=71/submission_1401.zip,1164
64,81,1402,submissions_files/assignment_id=64/student_id=81/submission_1402.zip,2230
64,103,1403,submissions_files/assignment_id=64/student_id=103/submission_1403.zip,1188
64,36,1404,submissions_files/assignment_id=64/student_id=36/submission_1404.zip,4693
64,30,1405,submissions_files/assignment_id=64/student_id=30/submission_1405.zip,4630
64,28,1406,submissions_files/assignment_id=64/student_id=28/submission_1406.zip,2308
64,5,1407,submissions_files/assignment_id=64/student_id=5/submission_1407.zip,2788
64,10,1408,submissions_files/assignment_id=64/student_id=10/submission_1408.zip,1017
64,76,1409,submissions_files/assignment_id=64/student_id=76/submission_1409.zip,4953
64,21,1410,submissions_files/assignment_id=64/student_id=21/submission_1410.zip,4293
64,43,1411,submissions_files/assignment_id=64/student_id=43/submission_1411.zip,1291
64,96,1412,submissions_files/assignment_id=64/student_id=96/submission_1412.zip,1100
64,2,1413,submissions_files/assignment_id=64/student_id=2/submission_1413.zip,2636
64,45,1414,submissions_files/assignment_id=64/student_id=45/submission_1414.zip,4294
64,110,1415,submissions_files/assignment_id=64/student_id=110/submission_1415.zip,4649
64,27,1416,submissions_files/assignment_id=64/student_id=27/submission_1416.zip,2959
64,79,1417,submissions_files/assignment_id=64/student_id=79/submission_1417.zip,2144
64,123,1418,submissions_files/assignment_id=64/student_id=123/submission_1418.zip,778
64,109,1419,submissions_files/assignment_id=64/student_id=109/submission_1419.zip,163
64,25,1420,submissions_files/assignment_id=64/student_id=25/submission_1420.zip,2200
65,83,1421,submissions_files/assignment_id=65/student_id=83/submission_1421.zip,3568
65,12,1422,submissions_files/assignment_id=65/student_id=12/submission_1422.zip,4318
65,130,1423,submissions_files/assignment_id=65/student_id=130/submission_1423.zip,4260
65,1,1424,submissions_files/assignment_id=65/student_id=1/submission_1424.zip,4292
65,140,1425,submissions_files/assignment_id=65/student_id=140/submission_1425.zip,3043
65,115,1426,submissions_files/assignment_id=65/student_id=115/submission_1426.zip,4153
65,103,1427,submissions_files/assignment_id=65/student_id=103/submission_1427.zip,4732
65,139,1428,submissions_files/assignment_id=65/student_id=139/submission_1428.zip,1674
65,108,1429,submissions_files/assignment_id=65/student_id=108/submission_1429.zip,1410
65,31,1430,submissions_files/assignment_id=65/student_id=31/submission_1430.zip,2134
65,18,1431,submissions_files/assignment_id=65/student_id=18/submission_1431.zip,4519
65,106,1432,submissions_files/assignment_id=65/student_id=106/submission_1432.zip,3768
65,63,1433,submissions_files/assignment_id=65/student_id=63/submission_1433.zip,2669
65,58,1434,submissions_files/assignment_id=65/student_id=58/submission_1434.zip,2758
65,33,1435,submissions_files/assignment_id=65/student_id=33/submission_1435.zip,839
65,65,1436,submissions_files/assignment_id=65/student_id=65/submission_1436.zip,1381
65,29,1437,submissions_files/assignment_id=65/student_id=29/submission_1437.zip,2197
65,62,1438,submissions_files/assignment_id=65/student_id=62/submission_1438.zip,3507
65,6,1439,submissions_files/assignment_id=65/student_id=6/submission_1439.zip,3233
65,47,1440,submissions_files/assignment_id=65/student_id=47/submission_1440.zip,2640
66,97,1441,submissions_files/assignment_id=66/student_id=97/submission_1441.zip,4805
66,77,1442,submissions_files/assignment_id=66/student_id=77/submission_1442.zip,1643
66,20,1443,submissions_files/assignment_id=66/student_id=20/submission_1443.zip,4811
66,83,1444,submissions_files/assignment_id=66/student_id=83/submission_1444.zip,3145
66,140,1445,submissions_files/assignment_id=66/student_id=140/submission_1445.zip,2495
66,64,1446,submissions_files/assignment_id=66/student_id=64/submission_1446.zip,3489
66,28,1447,submissions_files/assignment_id=66/student_id=28/submission_1447.zip,4941
66,91,1448,submissions_files/assignment_id=66/student_id=91/submission_1448.zip,1309
66,27,1449,submissions_files/assignment_id=66/student_id=27/submission_1449.zip,1169
66,102,1450,submissions_files/assignment_id=66/student_id=102/submission_1450.zip,4106
66,12,1451,submissions_files/assignment_id=66/student_id=12/submission_1451.zip,907
66,94,1452,submissions_files/assignment_id=66/student_id=94/submission_1452.zip,1470
66,41,1453,submissions_files/assignment_id=66/student_id=41/submission_1453.zip,1830
66,87,1454,submissions_files/assignment_id=66/student_id=87/submission_1454.zip,1612
66,82,1455,submissions_files/assignment_id=66/student_id=82/submission_1455.zip,293
66,42,1456,submissions_files/assignment_id=66/student_id=42/submission_1456.zip,4336
66,124,1457,submissions_files/assignment_id=66/student_id=124/submission_1457.zip,3135
66,93,1458,submissions_files/assignment_id=66/student_id=93/submission_1458.zip,1421
66,40,1459,submissions_files/assignment_id=66/student_id=40/submission_1459.zip,4018
66,66,1460,submissions_files/assignment_id=66/student_id=66/submission_1460.zip,3207
66,13,1461,submissions_files/assignment_id=66/student_id=13/submission_1461.zip,339
67,11,1462,submissions_files/assignment_id=67/student_id=11/submission_1462.zip,346
67,35,1463,submissions_files/assignment_id=67/student_id=35/submission_1463.zip,733
67,22,1464,submissions_files/assignment_id=67/student_id=22/submission_1464.zip,3315
67,133,1465,submissions_files/assignment_id=67/student_id=133/submission_1465.zip,572
67,71,1466,submissions_files/assignment_id=67/student_id=71/submission_1466.zip,1532
67,122,1467,submissions_files/assignment_id=67/student_id=122/submission_1467.zip,3964
67,130,1468,submissions_files/assignment_id=67/student_id=130/submission_1468.zip,1742
67,74,1469,submissions_files/assignment_id=67/student_id=74/submission_1469.zip,1742
67,92,1470,submissions_files/assignment_id=67/student_id=92/submission_1470.zip,4236
67,95,1471,submissions_files/assignment_id=67/student_id=95/submission_1471.zip,4772
67,45,1472,submissions_files/assignment_id=67/student_id=45/submission_1472.zip,898
67,82,1473,submissions_files/assignment_id=67/student_id=82/submission_1473.zip,2406
67,105,1474,submissions_files/assignment_id=67/student_id=105/submission_1474.zip,4639
67,118,1475,submissions_files/assignment_id=67/student_id=118/submission_1475.zip,2940
67,85,1476,submissions_files/assignment_id=67/student_id=85/submission_1476.zip,414
67,31,1477,submissions_files/assignment_id=67/student_id=31/submission_1477.zip,2175
67,63,1478,submissions_files/assignment_id=67/student_id=63/submission_1478.zip,909
67,13,1479,submissions_files/assignment_id=67/student_id=13/submission_1479.zip,560
67,104,1480,submissions_files/assignment_id=67/student_id=104/submission_1480.zip,3041
67,24,1481,submissions_files/assignment_id=67/student_id=24/submission_1481.zip,2394
67,4,1482,submissions_files/assignment_id=67/student_id=4/submission_1482.zip,1638
67,50,1483,submissions_files/assignment_id=67/student_id=50/submission_1483.zip,2153
67,17,1484,submissions_files/assignment_id=67/student_id=17/submission_1484.zip,975
67,32,1485,submissions_files/assignment_id=67/student_id=32/submission_1485.zip,3860
67,44,1486,submissions_files/assignment_id=67/student_id=44/submission_1486.zip,4791
67,108,1487,submissions_files/assignment_id=67/student_id=108/submission_1487.zip,1909
68,91,1488,submissions_files/assignment_id=68/student_id=91/submission_1488.zip,2312
68,45,1489,submissions_files/assignment_id=68/student_id=45/submission_1489.zip,1909
68,29,1490,submissions_files/assignment_id=68/student_id=29/submission_1490.zip,3813
68,44,1491,submissions_files/assignment_id=68/student_id=44/submission_1491.zip,3418
68,102,1492,submissions_files/assignment_id=68/student_id=102/submission_1492.zip,2820
68,125,1493,submissions_files/assignment_id=68/student_id=125/submission_1493.zip,3083
68,37,1494,submissions_files/assignment_id=68/student_id=37/submission_1494.zip,1133
68,67,1495,submissions_files/assignment_id=68/student_id=67/submission_1495.zip,4638
68,1,1496,submissions_files/assignment_id=68/student_id=1/submission_1496.zip,2146
68,130,1497,submissions_files/assignment_id=68/student_id=130/submission_1497.zip,1948
68,57,1498,submissions_files/assignment_id=68/student_id=57/submission_1498.zip,1647
68,116,1499,submissions_files/assignment_id=68/student_id=116/submission_1499.zip,2937
68,58,1500,submissions_files/assignment_id=68/student_id=58/submission_1500.zip,1621
68,65,1501,submissions_files/assignment_id=68/student_id=65/submission_1501.zip,263
68,111,1502,submissions_files/assignment_id=68/student_id=111/submission_1502.zip,1752
68,32,1503,submissions_files/assignment_id=68/student_id=32/submission_1503.zip,3095
68,131,1504,submissions_files/assignment_id=68/student_id=131/submission_1504.zip,2254
68,12,1505,submissions_files/assignment_id=68/student_id=12/submission_1505.zip,2247
68,36,1506,submissions_files/assignment_id=68/student_id=36/submission_1506.zip,2828
68,53,1507,submissions_files/assignment_id=68/student_id=53/submission_1507.zip,4543
68,10,1508,submissions_files/assignment_id=68/student_id=10/submission_1508.zip,809
68,31,1509,submissions_files/assignment_id=68/student_id=31/submission_1509.zip,1846
68,115,1510,submissions_files/assignment_id=68/student_id=115/submission_1510.zip,370
68,39,1511,submissions_files/assignment_id=68/student_id=39/submission_1511.zip,4727
68,28,1512,submissions_files/assignment_id=68/student_id=28/submission_1512.zip,1512
68,15,1513,submissions_files/assignment_id=68/student_id=15/submission_1513.zip,4472
68,100,1514,submissions_files/assignment_id=68/student_id=100/submission_1514.zip,2525
68,14,1515,submissions_files/assignment_id=68/student_id=14/submission_1515.zip,148
69,123,1516,submissions_files/assignment_id=69/student_id=123/submission_1516.zip,381
69,70,1517,submissions_files/assignment_id=69/student_id=70/submission_1517.zip,2795
69,22,1518,submissions_files/assignment_id=69/student_id=22/submission_1518.zip,694
69,112,1519,submissions_files/assignment_id=69/student_id=112/submission_1519.zip,4848
69,19,1520,submissions_files/assignment_id=69/student_id=19/submission_1520.zip,4099
69,64,1521,submissions_files/assignment_id=69/student_id=64/submission_1521.zip,3706
69,104,1522,submissions_files/assignment_id=69/student_id=104/submission_1522.zip,335
69,85,1523,submissions_files/assignment_id=69/student_id=85/submission_1523.zip,1043
69,6,1524,submissions_files/assignment_id=69/student_id=6/submission_1524.zip,534
69,121,1525,submissions_files/assignment_id=69/student_id=121/submission_1525.zip,98
69,31,1526,submissions_files/assignment_id=69/student_id=31/submission_1526.zip,2122
69,126,1527,submissions_files/assignment_id=69/student_id=126/submission_1527.zip,4897
69,17,1528,submissions_files/assignment_id=69/student_id=17/submission_1528.zip,3185
69,33,1529,submissions_files/assignment_id=69/student_id=33/submission_1529.zip,711
69,69,1530,submissions_files/assignment_id=69/student_id=69/submission_1530.zip,3395
69,32,1531,submissions_files/assignment_id=69/student_id=32/submission_1531.zip,3791
69,107,1532,submissions_files/assignment_id=69/student_id=107/submission_1532.zip,3004
69,86,1533,submissions_files/assignment_id=69/student_id=86/submission_1533.zip,3149
69,10,1534,submissions_files/assignment_id=69/student_id=10/submission_1534.zip,4729
69,128,1535,submissions_files/assignment_id=69/student_id=128/submission_1535.zip,2481
69,99,1536,submissions_files/assignment_id=69/student_id=99/submission_1536.zip,1912
70,30,1537,submissions_files/assignment_id=70/student_id=30/submission_1537.zip,4352
70,80,1538,submissions_files/assignment_id=70/student_id=80/submission_1538.zip,2865
70,97,1539,submissions_files/assignment_id=70/student_id=97/submission_1539.zip,1786
70,83,1540,submissions_files/assignment_id=70/student_id=83/submission_1540.zip,764
70,8,1541,submissions_files/assignment_id=70/student_id=8/submission_1541.zip,4527
70,110,1542,submissions_files/assignment_id=70/student_id=110/submission_1542.zip,421
70,61,1543,submissions_files/assignment_id=70/student_id=61/submission_1543.zip,2543
70,105,1544,submissions_files/assignment_id=70/student_id=105/submission_1544.zip,1194
70,86,1545,submissions_files/assignment_id=70/student_id=86/submission_1545.zip,2614
70,84,1546,submissions_files/assignment_id=70/student_id=84/submission_1546.zip,164
70,23,1547,submissions_files/assignment_id=70/student_id=23/submission_1547.zip,4198
70,134,1548,submissions_files/assignment_id=70/student_id=134/submission_1548.zip,1196
70,137,1549,submissions_files/assignment_id=70/student_id=137/submission_1549.zip,2403
70,53,1550,submissions_files/assignment_id=70/student_id=53/submission_1550.zip,973
70,20,1551,submissions_files/assignment_id=70/student_id=20/submission_1551.zip,3616
70,129,1552,submissions_files/assignment_id=70/student_id=129/submission_1552.zip,1073
70,69,1553,submissions_files/assignment_id=70/student_id=69/submission_1553.zip,175
70,17,1554,submissions_files/assignment_id=70/student_id=17/submission_1554.zip,2821
70,56,1555,submissions_files/assignment_id=70/student_id=56/submission_1555.zip,1189
70,132,1556,submissions_files/assignment_id=70/student_id=132/submission_1556.zip,4261
70,121,1557,submissions_files/assignment_id=70/student_id=121/submission_1557.zip,78
70,55,1558,submissions_files/assignment_id=70/student_id=55/submission_1558.zip,646
70,6,1559,submissions_files/assignment_id=70/student_id=6/submission_1559.zip,488
70,88,1560,submissions_files/assignment_id=70/student_id=88/submission_1560.zip,2847
70,108,1561,submissions_files/assignment_id=70/student_id=108/submission_1561.zip,2186
70,22,1562,submissions_files/assignment_id=70/student_id=22/submission_1562.zip,641
