_id,submission_id,teacher_id,ts,rubric,overall_comment
fb_wkrrvaogrynz,1297,13,2025-02-17 02:36:49,"[{""criterion"": ""correctness"", ""points"": 2, ""comment"": ""ok""}, {""criterion"": ""report"", ""points"": 3, ""comment"": ""excellent""}, {""criterion"": ""style"", ""points"": 1, ""comment"": ""ok""}, {""criterion"": ""tests"", ""points"": 2, ""comment"": ""excellent""}]",Great solution
fb_nflyrmrifwvh,1504,4,2025-02-03 07:15:18,"[{""criterion"": ""report"", ""points"": 5, ""comment"": ""excellent""}, {""criterion"": ""correctness"", ""points"": 4, ""comment"": ""good""}, {""criterion"": ""style"", ""points"": 0, ""comment"": ""needs work""}]",Incomplete
fb_mnihbpxcvwnt,539,10,2025-03-12 11:48:34,"[{""criterion"": ""report"", ""points"": 2, ""comment"": ""good""}, {""criterion"": ""style"", ""points"": 4, ""comment"": ""missing""}]",Please improve
fb_tsnbtklemwqc,146,11,2025-07-26 05:22:16,"[{""criterion"": ""report"", ""points"": 0, ""comment"": ""needs work""}, {""criterion"": ""tests"", ""points"": 3, ""comment"": ""missing""}, {""criterion"": ""performance"", ""points"": 3, ""comment"": ""ok""}]",Please improve
fb_tpgmzgorebcu,944,7,2025-06-09 22:23:22,"[{""criterion"": ""style"", ""points"": 5, ""comment"": ""needs work""}, {""criterion"": ""tests"", ""points"": 0, ""comment"": ""needs work""}, {""criterion"": ""performance"", ""points"": 1, ""comment"": ""needs work""}]",Nice work
fb_kiixwodkzacq,726,1,2025-06-05 05:50:11,"[{""criterion"": ""style"", ""points"": 1, ""comment"": ""missing""}, {""criterion"": ""tests"", ""points"": 2, ""comment"": ""ok""}]",Great solution
fb_cukbdvrtcsnd,103,10,2025-06-25 15:40:28,"[{""criterion"": ""performance"", ""points"": 4, ""comment"": ""needs work""}, {""criterion"": ""correctness"", ""points"": 1, ""comment"": ""ok""}]",Incomplete
fb_lxjhfqbifzka,653,4,2025-02-21 13:26:42,"[{""criterion"": ""style"", ""points"": 3, ""comment"": ""needs work""}, {""criterion"": ""performance"", ""points"": 0, ""comment"": ""excellent""}]",Nice work
fb_peubojahvwck,912,10,2025-07-29 04:36:29,"[{""criterion"": ""report"", ""points"": 2, ""comment"": ""excellent""}, {""criterion"": ""style"", ""points"": 1, ""comment"": ""missing""}, {""criterion"": ""correctness"", ""points"": 0, ""comment"": ""excellent""}, {""criterion"": ""tests"", ""points"": 2, ""comment"": ""missing""}, {""criterion"": ""performance"", ""points"": 4, ""comment"": ""missing""}]",Incomplete
fb_ccruxxumhjct,859,7,2025-12-10 03:42:41,"[{""criterion"": ""correctness"", ""points"": 5, ""comment"": ""needs work""}, {""criterion"": ""tests"", ""points"": 0, ""comment"": ""needs work""}, {""criterion"": ""report"", ""points"": 1, ""comment"": ""ok""}]",Nice work
fb_fjhlthrpuyrg,506,4,2025-06-28 14:23:34,"[{""criterion"": ""style"", ""points"": 4, ""comment"": ""excellent""}, {""criterion"": ""correctness"", ""points"": 3, ""comment"": ""missing""}, {""criterion"": ""tests"", ""points"": 1, ""comment"": ""ok""}]",Nice work
fb_sfmxzgazqerm,137,11,2025-07-23 10:40:16,"[{""criterion"": ""tests"", ""points"": 3, ""comment"": ""ok""}, {""criterion"": ""report"", ""points"": 5, ""comment"": ""needs work""}, {""criterion"": ""style"", ""points"": 2, ""comment"": ""excellent""}]",Please improve
fb_knwxqraywgsv,1470,10,2025-09-30 21:18:00,"[{""criterion"": ""correctness"", ""points"": 5, ""comment"": ""needs work""}, {""criterion"": ""performance"", ""points"": 4, ""comment"": ""missing""}, {""criterion"": ""style"", ""points"": 5, ""comment"": ""ok""}, {""criterion"": ""tests"", ""points"": 1, ""comment"": ""needs work""}]",Great solution
fb_qeetbocqaahi,544,10,2025-03-06 14:46:19,"[{""criterion"": ""report"", ""points"": 3, ""comment"": ""good""}, {""criterion"": ""performance"", ""points"": 5, ""comment"": ""ok""}, {""criterion"": ""correctness"", ""points"": 4, ""comment"": ""missing""}]",Please improve
fb_qlafcthffpec,588,6,2025-01-20 07:58:58,"[{""criterion"": ""style"", ""points"": 2, ""comment"": ""excellent""}, {""criterion"": ""performance"", ""points"": 3, ""comment"": ""good""}, {""criterion"": ""tests"", ""points"": 2, ""comment"": ""ok""}, {""criterion"": ""report"", ""points"": 1, ""comment"": ""ok""}]",Consider edge cases
fb_lycdmqsqmdgw,986,11,2025-04-26 04:11:20,"[{""criterion"": ""performance"", ""points"": 3, ""comment"": ""missing""}, {""criterion"": ""correctness"", ""points"": 1, ""comment"": ""excellent""}]",Incomplete
fb_clfvtcudyxas,308,13,2025-08-01 02:42:09,"[{""criterion"": ""tests"", ""points"": 2, ""comment"": ""missing""}, {""criterion"": ""correctness"", ""points"": 4, ""comment"": ""missing""}, {""criterion"": ""report"", ""points"": 1, ""comment"": ""ok""}, {""criterion"": ""style"", ""points"": 3, ""comment"": ""missing""}, {""criterion"": ""performance"", ""points"": 4, ""comment"": ""needs work""}]",Please improve
fb_xntaofetagug,528,10,2025-03-14 13:16:33,"[{""criterion"": ""tests"", ""points"": 1, ""comment"": ""missing""}, {""criterion"": ""style"", ""points"": 2, ""comment"": ""good""}, {""criterion"": ""performance"", ""points"": 3, ""comment"": ""missing""}, {""criterion"": ""report"", ""points"": 3, ""comment"": ""missing""}]",Please improve
fb_hwwpuerzwxnz,256,9,2025-08-04 05:26:36,"[{""criterion"": ""style"", ""points"": 4, ""comment"": ""good""}, {""criterion"": ""tests"", ""points"": 4, ""comment"": ""missing""}, {""criterion"": ""performance"", ""points"": 5, ""comment"": ""excellent""}, {""criterion"": ""correctness"", ""points"": 3, ""comment"": ""ok""}]",Nice work
fb_lpjjhrgesvnz,248,9,2025-07-31 09:23:02,"[{""criterion"": ""report"", ""points"": 1, ""comment"": ""excellent""}, {""criterion"": ""style"", ""points"": 3, ""comment"": ""ok""}, {""criterion"": ""correctness"", ""points"": 3, ""comment"": ""needs work""}]",Please improve
fb_yibpqmhijlda,1400,11,2025-02-01 20:19:05,"[{""criterion"": ""correctness"", ""points"": 2, ""comment"": ""missing""}, {""criterion"": ""performance"", ""points"": 5, ""comment"": ""missing""}]",Consider edge cases
fb_qtwaqxmigbmw,1456,4,2025-08-18 01:51:35,"[{""criterion"": ""report"", ""points"": 3, ""comment"": ""missing""}, {""criterion"": ""tests"", ""points"": 2, ""comment"": ""excellent""}, {""criterion"": ""style"", ""points"": 1, ""comment"": ""missing""}, {""criterion"": ""performance"", ""points"": 1, ""comment"": ""good""}, {""criterion"": ""correctness"", ""points"": 5, ""comment"": ""missing""}]",Consider edge cases
fb_wuqrupkmyjkc,732,1,2025-06-09 15:55:14,"[{""criterion"": ""report"", ""points"": 5, ""comment"": ""good""}, {""criterion"": ""tests"", ""points"": 0, ""comment"": ""ok""}]",Nice work
fb_poejykairbot,1266,4,2025-02-15 05:25:44,"[{""criterion"": ""style"", ""points"": 4, ""comment"": ""missing""}, {""criterion"": ""report"", ""points"": 3, ""comment"": ""good""}, {""criterion"": ""correctness"", ""points"": 3, ""comment"": ""missing""}, {""criterion"": ""tests"", ""points"": 1, ""comment"": ""good""}]",Great solution
fb_gxkefjesaafi,224,4,2025-02-27 00:37:32,"[{""criterion"": ""report"", ""points"": 2, ""comment"": ""needs work""}, {""criterion"": ""correctness"", ""points"": 4, ""comment"": ""excellent""}]",Consider edge cases
fb_bdeerxwrputp,1531,10,2025-10-03 18:47:12,"[{""criterion"": ""correctness"", ""points"": 2, ""comment"": ""needs work""}, {""criterion"": ""performance"", ""points"": 4, ""comment"": ""excellent""}, {""criterion"": ""style"", ""points"": 1, ""comment"": ""excellent""}]",Consider edge cases
fb_upkvfjvsazby,289,11,2025-06-28 19:20:51,"[{""criterion"": ""tests"", ""points"": 3, ""comment"": ""good""}, {""criterion"": ""correctness"", ""points"": 2, ""comment"": ""missing""}, {""criterion"": ""performance"", ""points"": 1, ""comment"": ""missing""}, {""criterion"": ""style"", ""points"": 0, ""comment"": ""missing""}]",Consider edge cases
fb_dbfzmjhgqecs,1360,4,2025-03-16 02:25:41,"[{""criterion"": ""correctness"", ""points"": 1, ""comment"": ""excellent""}, {""criterion"": ""tests"", ""points"": 0, ""comment"": ""excellent""}, {""criterion"": ""style"", ""points"": 0, ""comment"": ""missing""}]",Incomplete
fb_fmgmupriywdi,193,1,2025-02-26 09:45:21,"[{""criterion"": ""report"", ""points"": 0, ""comment"": ""needs work""}, {""criterion"": ""style"", ""points"": 2, ""comment"": ""good""}, {""criterion"": ""correctness"", ""points"": 0, ""comment"": ""needs work""}]",Incomplete
fb_rjodtvwpqszq,777,14,2025-12-06 11:09:52,"[{""criterion"": ""tests"", ""points"": 3, ""comment"": ""needs work""}, {""criterion"": ""correctness"", ""points"": 5, ""comment"": ""needs work""}]",Please improve
fb_lezixydgyfne,1067,4,2025-06-02 20:25:57,"[{""criterion"": ""performance"", ""points"": 4, ""comment"": ""ok""}, {""criterion"": ""tests"", ""points"": 1, ""comment"": ""ok""}, {""criterion"": ""correctness"", ""points"": 4, ""comment"": ""excellent""}, {""criterion"": ""style"", ""points"": 1, ""comment"": ""needs work""}]",Consider edge cases
fb_ukbtavqxfews,384,9,2025-05-04 12:04:00,"[{""criterion"": ""tests"", ""points"": 4, ""comment"": ""missing""}, {""criterion"": ""style"", ""points"": 1, ""comment"": ""excellent""}, {""criterion"": ""performance"", ""points"": 1, ""comment"": ""missing""}, {""criterion"": ""correctness"", ""points"": 3, ""comment"": ""missing""}]",Please improve
fb_xovwhhnkwnjq,291,13,2025-08-07 00:50:20,"[{""criterion"": ""tests"", ""points"": 1, ""comment"": ""excellent""}, {""criterion"": ""style"", ""points"": 5, ""comment"": ""ok""}, {""criterion"": ""performance"", ""points"": 3, ""comment"": ""missing""}, {""criterion"": ""report"", ""points"": 0, ""comment"": ""good""}, {""criterion"": ""correctness"", ""points"": 4, ""comment"": ""needs work""}]",Please improve
fb_pvaanwbvitam,838,7,2025-12-12 12:33:20,"[{""criterion"": ""report"", ""points"": 0, ""comment"": ""good""}, {""criterion"": ""correctness"", ""points"": 4, ""comment"": ""needs work""}, {""criterion"": ""tests"", ""points"": 5, ""comment"": ""good""}]",Great solution
fb_hvbfsevjdgda,447,10,2025-12-01 17:40:02,"[{""criterion"": ""performance"", ""points"": 3, ""comment"": ""needs work""}, {""criterion"": ""style"", ""points"": 5, ""comment"": ""ok""}]",Consider edge cases
fb_xupvvuhzrxxb,419,6,2025-11-19 02:06:56,"[{""criterion"": ""tests"", ""points"": 4, ""comment"": ""excellent""}, {""criterion"": ""report"", ""points"": 0, ""comment"": ""excellent""}, {""criterion"": ""correctness"", ""points"": 4, ""comment"": ""ok""}]",Great solution
fb_jnfxgbuchpqj,873,4,2025-07-06 17:09:45,"[{""criterion"": ""correctness"", ""points"": 3, ""comment"": ""missing""}, {""criterion"": ""report"", ""points"": 3, ""comment"": ""needs work""}, {""criterion"": ""tests"", ""points"": 2, ""comment"": ""needs work""}, {""criterion"": ""performance"", ""points"": 5, ""comment"": ""ok""}]",Incomplete
fb_jimctuotfkkk,114,10,2025-09-27 06:39:25,"[{""criterion"": ""correctness"", ""points"": 0, ""comment"": ""missing""}, {""criterion"": ""report"", ""points"": 2, ""comment"": ""good""}, {""criterion"": ""style"", ""points"": 2, ""comment"": ""excellent""}, {""criterion"": ""tests"", ""points"": 5, ""comment"": ""missing""}]",Great solution
fb_dejqkiivwily,1354,7,2025-10-25 17:22:10,"[{""criterion"": ""performance"", ""points"": 5, ""comment"": ""needs work""}, {""criterion"": ""tests"", ""points"": 3, ""comment"": ""ok""}, {""criterion"": ""correctness"", ""points"": 3, ""comment"": ""excellent""}, {""criterion"": ""report"", ""points"": 0, ""comment"": ""good""}, {""criterion"": ""style"", ""points"": 2, ""comment"": ""needs work""}]",Consider edge cases
fb_ibbqfwcuedir,196,1,2025-02-19 20:11:57,"[{""criterion"": ""correctness"", ""points"": 4, ""comment"": ""missing""}, {""criterion"": ""performance"", ""points"": 3, ""comment"": ""ok""}, {""criterion"": ""tests"", ""points"": 2, ""comment"": ""needs work""}]",Nice work
fb_wgehhgcxcjpl,1017,6,2025-02-08 10:17:23,"[{""criterion"": ""performance"", ""points"": 4, ""comment"": ""missing""}, {""criterion"": ""correctness"", ""points"": 1, ""comment"": ""missing""}, {""criterion"": ""tests"", ""points"": 2, ""comment"": ""good""}, {""criterion"": ""style"", ""points"": 3, ""comment"": ""missing""}]",Incomplete
fb_xvifvabiphiw,444,3,2025-11-13 12:01:36,"[{""criterion"": ""correctness"", ""points"": 2, ""comment"": ""missing""}, {""criterion"": ""performance"", ""points"": 4, ""comment"": ""needs work""}, {""criterion"": ""style"", ""points"": 5, ""comment"": ""ok""}, {""criterion"": ""report"", ""points"": 2, ""comment"": ""needs work""}]",Great solution
fb_plhhgrochkjt,127,10,2025-09-18 01:10:10,"[{""criterion"": ""performance"", ""points"": 1, ""comment"": ""missing""}, {""criterion"": ""report"", ""points"": 4, ""comment"": ""good""}, {""criterion"": ""correctness"", ""points"": 3, ""comment"": ""good""}]",Great solution
fb_ysfpgdfwipmi,1463,10,2025-10-04 23:51:25,"[{""criterion"": ""tests"", ""points"": 3, ""comment"": ""good""}, {""criterion"": ""correctness"", ""points"": 3, ""comment"": ""excellent""}, {""criterion"": ""style"", ""points"": 4, ""comment"": ""good""}]",Great solution
fb_qblggckvofpj,553,1,2025-05-13 18:56:39,"[{""criterion"": ""tests"", ""points"": 2, ""comment"": ""missing""}, {""criterion"": ""style"", ""points"": 4, ""comment"": ""needs work""}]",Please improve
fb_wcasaqmmzjqv,1109,9,2025-09-02 04:49:18,"[{""criterion"": ""correctness"", ""points"": 2, ""comment"": ""ok""}, {""criterion"": ""report"", ""points"": 5, ""comment"": ""good""}, {""criterion"": ""tests"", ""points"": 1, ""comment"": ""good""}]",Great solution
fb_wfajorwcepci,1454,4,2025-08-07 04:05:15,"[{""criterion"": ""performance"", ""points"": 5, ""comment"": ""ok""}, {""criterion"": ""report"", ""points"": 1, ""comment"": ""missing""}, {""criterion"": ""tests"", ""points"": 0, ""comment"": ""needs work""}, {""criterion"": ""style"", ""points"": 3, ""comment"": ""needs work""}]",Nice work
fb_gmrggqxayxgj,729,1,2025-06-11 13:32:05,"[{""criterion"": ""performance"", ""points"": 1, ""comment"": ""needs work""}, {""criterion"": ""tests"", ""points"": 4, ""comment"": ""good""}, {""criterion"": ""report"", ""points"": 1, ""comment"": ""ok""}, {""criterion"": ""correctness"", ""points"": 4, ""comment"": ""needs work""}]",Great solution
fb_eznkrjkhrztu,1208,3,2025-05-02 16:43:28,"[{""criterion"": ""style"", ""points"": 4, ""comment"": ""good""}, {""criterion"": ""report"", ""points"": 1, ""comment"": ""needs work""}, {""criterion"": ""tests"", ""points"": 0, ""comment"": ""good""}]",Please improve
fb_wkcdowrblqda,741,1,2025-06-06 02:24:15,"[{""criterion"": ""correctness"", ""points"": 1, ""comment"": ""missing""}, {""criterion"": ""report"", ""points"": 1, ""comment"": ""excellent""}, {""criterion"": ""performance"", ""points"": 4, ""comment"": ""excellent""}]",Incomplete
fb_gagocnprlbbb,40,6,2025-03-10 19:23:20,"[{""criterion"": ""performance"", ""points"": 2, ""comment"": ""ok""}, {""criterion"": ""tests"", ""points"": 1, ""comment"": ""needs work""}, {""criterion"": ""report"", ""points"": 3, ""comment"": ""good""}, {""criterion"": ""style"", ""points"": 2, ""comment"": ""missing""}]",Nice work
fb_fhkwveoqxidp,994,6,2025-02-09 23:47:03,"[{""criterion"": ""performance"", ""points"": 2, ""comment"": ""excellent""}, {""criterion"": ""style"", ""points"": 0, ""comment"": ""ok""}, {""criterion"": ""tests"", ""points"": 5, ""comment"": ""excellent""}]",Incomplete
fb_udncwyiukepn,138,11,2025-07-14 00:55:28,"[{""criterion"": ""style"", ""points"": 3, ""comment"": ""missing""}, {""criterion"": ""correctness"", ""points"": 3, ""comment"": ""missing""}, {""criterion"": ""tests"", ""points"": 2, ""comment"": ""ok""}, {""criterion"": ""performance"", ""points"": 5, ""comment"": ""missing""}]",Nice work
fb_gsqecutyvbsc,673,6,2025-08-30 02:07:59,"[{""criterion"": ""tests"", ""points"": 0, ""comment"": ""excellent""}, {""criterion"": ""report"", ""points"": 0, ""comment"": ""excellent""}, {""criterion"": ""style"", ""points"": 0, ""comment"": ""missing""}, {""criterion"": ""performance"", ""points"": 4, ""comment"": ""ok""}]",Nice work
fb_uqwgcaajqvvx,191,14,2025-08-29 03:25:02,"[{""criterion"": ""performance"", ""points"": 5, ""comment"": ""missing""}, {""criterion"": ""tests"", ""points"": 1, ""comment"": ""ok""}]",Incomplete
fb_ilesdvlqkqqe,1484,10,2025-10-07 06:50:54,"[{""criterion"": ""correctness"", ""points"": 3, ""comment"": ""excellent""}, {""criterion"": ""style"", ""points"": 4, ""comment"": ""excellent""}]",Please improve
fb_fokamqxhvgzl,1498,4,2025-02-08 15:20:48,"[{""criterion"": ""report"", ""points"": 2, ""comment"": ""excellent""}, {""criterion"": ""performance"", ""points"": 2, ""comment"": ""needs work""}, {""criterion"": ""style"", ""points"": 1, ""comment"": ""ok""}, {""criterion"": ""correctness"", ""points"": 1, ""comment"": ""ok""}]",Please improve
fb_znevqswzldxx,1441,4,2025-08-15 04:54:16,"[{""criterion"": ""tests"", ""points"": 5, ""comment"": ""ok""}, {""criterion"": ""correctness"", ""points"": 2, ""comment"": ""needs work""}, {""criterion"": ""report"", ""points"": 0, ""comment"": ""needs work""}]",Consider edge cases
fb_swduymqzsjwn,1075,4,2025-05-24 09:33:03,"[{""criterion"": ""correctness"", ""points"": 5, ""comment"": ""missing""}, {""criterion"": ""tests"", ""points"": 3, ""comment"": ""good""}, {""criterion"": ""report"", ""points"": 4, ""comment"": ""excellent""}]",Please improve
fb_xdevojhngsir,174,14,2025-09-25 00:26:59,"[{""criterion"": ""tests"", ""points"": 3, ""comment"": ""missing""}, {""criterion"": ""correctness"", ""points"": 0, ""comment"": ""excellent""}, {""criterion"": ""report"", ""points"": 0, ""comment"": ""ok""}]",Consider edge cases
fb_xlzfclnijxfe,1326,1,2025-05-20 13:14:57,"[{""criterion"": ""report"", ""points"": 3, ""comment"": ""needs work""}, {""criterion"": ""correctness"", ""points"": 2, ""comment"": ""missing""}]",Please improve
fb_tttkrrqhmgbl,429,3,2025-11-15 13:17:32,"[{""criterion"": ""performance"", ""points"": 0, ""comment"": ""excellent""}, {""criterion"": ""style"", ""points"": 2, ""comment"": ""excellent""}]",Incomplete
fb_ynbndbpuukvr,197,1,2025-02-28 17:46:28,"[{""criterion"": ""tests"", ""points"": 1, ""comment"": ""excellent""}, {""criterion"": ""performance"", ""points"": 0, ""comment"": ""needs work""}, {""criterion"": ""report"", ""points"": 4, ""comment"": ""excellent""}, {""criterion"": ""correctness"", ""points"": 3, ""comment"": ""needs work""}, {""criterion"": ""style"", ""points"": 1, ""comment"": ""good""}]",Nice work
fb_drsrkpqfrqvr,1205,3,2025-05-11 11:54:16,"[{""criterion"": ""style"", ""points"": 4, ""comment"": ""ok""}, {""criterion"": ""performance"", ""points"": 3, ""comment"": ""needs work""}]",Please improve
fb_oaftaudvptos,335,6,2025-10-23 14:18:58,"[{""criterion"": ""report"", ""points"": 4, ""comment"": ""good""}, {""criterion"": ""performance"", ""points"": 2, ""comment"": ""excellent""}]",Nice work
fb_ubdcyccryvpa,128,10,2025-09-28 17:14:47,"[{""criterion"": ""style"", ""points"": 0, ""comment"": ""missing""}, {""criterion"": ""tests"", ""points"": 0, ""comment"": ""missing""}, {""criterion"": ""report"", ""points"": 0, ""comment"": ""good""}, {""criterion"": ""correctness"", ""points"": 5, ""comment"": ""missing""}]",Consider edge cases
fb_wmhuujgmwgby,151,11,2025-07-16 03:03:04,"[{""criterion"": ""style"", ""points"": 4, ""comment"": ""ok""}, {""criterion"": ""performance"", ""points"": 0, ""comment"": ""good""}, {""criterion"": ""tests"", ""points"": 1, ""comment"": ""missing""}, {""criterion"": ""report"", ""points"": 0, ""comment"": ""missing""}, {""criterion"": ""correctness"", ""points"": 5, ""comment"": ""ok""}]",Nice work
fb_ptxeqfklcnvc,319,3,2025-11-22 02:11:04,"[{""criterion"": ""performance"", ""points"": 0, ""comment"": ""missing""}, {""criterion"": ""correctness"", ""points"": 3, ""comment"": ""good""}, {""criterion"": ""style"", ""points"": 3, ""comment"": ""missing""}, {""criterion"": ""report"", ""points"": 3, ""comment"": ""ok""}, {""criterion"": ""tests"", ""points"": 4, ""comment"": ""needs work""}]",Please improve
fb_aaaixnuuwpsv,454,10,2025-12-05 16:03:26,"[{""criterion"": ""report"", ""points"": 5, ""comment"": ""ok""}, {""criterion"": ""correctness"", ""points"": 1, ""comment"": ""ok""}, {""criterion"": ""tests"", ""points"": 4, ""comment"": ""ok""}, {""criterion"": ""style"", ""points"": 4, ""comment"": ""ok""}, {""criterion"": ""performance"", ""points"": 1, ""comment"": ""good""}]",Please improve
fb_suabxafixpcc,99,10,2025-07-02 16:18:03,"[{""criterion"": ""report"", ""points"": 0, ""comment"": ""excellent""}, {""criterion"": ""tests"", ""points"": 4, ""comment"": ""excellent""}, {""criterion"": ""style"", ""points"": 3, ""comment"": ""missing""}, {""criterion"": ""correctness"", ""points"": 1, ""comment"": ""good""}, {""criterion"": ""performance"", ""points"": 5, ""comment"": ""excellent""}]",Incomplete
fb_bwpdudreynca,1040,7,2025-06-27 08:19:51,"[{""criterion"": ""performance"", ""points"": 4, ""comment"": ""good""}, {""criterion"": ""tests"", ""points"": 0, ""comment"": ""good""}, {""criterion"": ""report"", ""points"": 4, ""comment"": ""excellent""}, {""criterion"": ""style"", ""points"": 3, ""comment"": ""ok""}]",Great solution
fb_ddwzoeiicefz,105,10,2025-07-06 00:56:18,"[{""criterion"": ""tests"", ""points"": 5, ""comment"": ""ok""}, {""criterion"": ""report"", ""points"": 2, ""comment"": ""excellent""}]",Great solution
fb_yohnqbsnsszp,613,4,2025-11-14 04:04:14,"[{""criterion"": ""tests"", ""points"": 1, ""comment"": ""ok""}, {""criterion"": ""correctness"", ""points"": 1, ""comment"": ""ok""}, {""criterion"": ""report"", ""points"": 2, ""comment"": ""good""}, {""criterion"": ""style"", ""points"": 2, ""comment"": ""excellent""}, {""criterion"": ""performance"", ""points"": 5, ""comment"": ""good""}]",Incomplete
fb_uizoussorcoj,1540,6,2025-05-21 17:53:48,"[{""criterion"": ""correctness"", ""points"": 3, ""comment"": ""missing""}, {""criterion"": ""performance"", ""points"": 1, ""comment"": ""missing""}, {""criterion"": ""report"", ""points"": 3, ""comment"": ""missing""}]",Incomplete
fb_lxpcwgtcxdyl,33,6,2025-03-04 22:46:33,"[{""criterion"": ""tests"", ""points"": 0, ""comment"": ""excellent""}, {""criterion"": ""style"", ""points"": 1, ""comment"": ""missing""}, {""criterion"": ""correctness"", ""points"": 0, ""comment"": ""ok""}, {""criterion"": ""report"", ""points"": 0, ""comment"": ""needs work""}]",Great solution
fb_oeqixbfkgwet,981,11,2025-04-28 16:50:54,"[{""criterion"": ""performance"", ""points"": 3, ""comment"": ""ok""}, {""criterion"": ""tests"", ""points"": 4, ""comment"": ""good""}]",Nice work
fb_ixnjcvzwsaym,464,10,2025-12-03 04:06:25,"[{""criterion"": ""performance"", ""points"": 3, ""comment"": ""ok""}, {""criterion"": ""correctness"", ""points"": 2, ""comment"": ""ok""}, {""criterion"": ""tests"", ""points"": 3, ""comment"": ""excellent""}, {""criterion"": ""style"", ""points"": 4, ""comment"": ""excellent""}, {""criterion"": ""report"", ""points"": 5, ""comment"": ""missing""}]",Incomplete
fb_oarbnytsjkwg,606,4,2025-10-01 10:54:33,"[{""criterion"": ""tests"", ""points"": 0, ""comment"": ""good""}, {""criterion"": ""style"", ""points"": 0, ""comment"": ""good""}, {""criterion"": ""report"", ""points"": 2, ""comment"": ""needs work""}]",Nice work
fb_ijbsdqhozsvc,1318,1,2025-05-25 15:01:28,"[{""criterion"": ""style"", ""points"": 5, ""comment"": ""needs work""}, {""criterion"": ""tests"", ""points"": 4, ""comment"": ""needs work""}, {""criterion"": ""performance"", ""points"": 0, ""comment"": ""excellent""}, {""criterion"": ""report"", ""points"": 2, ""comment"": ""good""}]",Great solution
fb_kirddwlrjjxs,280,11,2025-06-24 18:53:37,"[{""criterion"": ""correctness"", ""points"": 2, ""comment"": ""missing""}, {""criterion"": ""performance"", ""points"": 2, ""comment"": ""needs work""}]",Please improve
fb_qreppyvxuoxa,1513,4,2025-01-25 21:38:05,"[{""criterion"": ""style"", ""points"": 0, ""comment"": ""needs work""}, {""criterion"": ""report"", ""points"": 0, ""comment"": ""good""}, {""criterion"": ""tests"", ""points"": 4, ""comment"": ""needs work""}]",Consider edge cases
fb_qgcwwcldawge,926,4,2025-05-11 01:05:05,"[{""criterion"": ""correctness"", ""points"": 4, ""comment"": ""missing""}, {""criterion"": ""tests"", ""points"": 5, ""comment"": ""missing""}, {""criterion"": ""performance"", ""points"": 4, ""comment"": ""excellent""}]",Nice work
fb_mdvspqhdapnl,450,10,2025-12-07 22:30:07,"[{""criterion"": ""report"", ""points"": 5, ""comment"": ""excellent""}, {""criterion"": ""performance"", ""points"": 0, ""comment"": ""good""}, {""criterion"": ""correctness"", ""points"": 2, ""comment"": ""missing""}, {""criterion"": ""style"", ""points"": 0, ""comment"": ""needs work""}]",Nice work
fb_pygimqunxcoq,1389,3,2025-11-05 04:04:47,"[{""criterion"": ""style"", ""points"": 5, ""comment"": ""ok""}, {""criterion"": ""correctness"", ""points"": 1, ""comment"": ""ok""}]",Consider edge cases
fb_flsbspprcytx,997,6,2025-02-08 16:46:05,"[{""criterion"": ""correctness"", ""points"": 0, ""comment"": ""excellent""}, {""criterion"": ""style"", ""points"": 3, ""comment"": ""excellent""}, {""criterion"": ""tests"", ""points"": 1, ""comment"": ""good""}, {""criterion"": ""performance"", ""points"": 0, ""comment"": ""good""}, {""criterion"": ""report"", ""points"": 1, ""comment"": ""good""}]",Incomplete
fb_vnnvyajqrdwl,906,10,2025-07-24 04:28:37,"[{""criterion"": ""style"", ""points"": 2, ""comment"": ""good""}, {""criterion"": ""report"", ""points"": 0, ""comment"": ""needs work""}, {""criterion"": ""tests"", ""points"": 3, ""comment"": ""missing""}, {""criterion"": ""correctness"", ""points"": 4, ""comment"": ""good""}]",Great solution
fb_uzeobrtvlnqj,995,6,2025-02-12 07:04:19,"[{""criterion"": ""style"", ""points"": 2, ""comment"": ""good""}, {""criterion"": ""correctness"", ""points"": 1, ""comment"": ""needs work""}, {""criterion"": ""performance"", ""points"": 2, ""comment"": ""excellent""}]",Incomplete
fb_bhphvgynfvcn,1178,10,2025-07-28 12:22:36,"[{""criterion"": ""report"", ""points"": 5, ""comment"": ""good""}, {""criterion"": ""correctness"", ""points"": 4, ""comment"": ""good""}, {""criterion"": ""style"", ""points"": 5, ""comment"": ""missing""}, {""criterion"": ""performance"", ""points"": 0, ""comment"": ""excellent""}, {""criterion"": ""tests"", ""points"": 3, ""comment"": ""good""}]",Please improve
fb_vmlttahpxbcf,699,1,2025-10-24 21:24:20,"[{""criterion"": ""style"", ""points"": 4, ""comment"": ""excellent""}, {""criterion"": ""tests"", ""points"": 2, ""comment"": ""excellent""}, {""criterion"": ""performance"", ""points"": 2, ""comment"": ""ok""}, {""criterion"": ""report"", ""points"": 4, ""comment"": ""good""}, {""criterion"": ""correctness"", ""points"": 1, ""comment"": ""ok""}]",Nice work
fb_osbqdddgtkbi,30,6,2025-02-23 18:10:48,"[{""criterion"": ""correctness"", ""points"": 5, ""comment"": ""excellent""}, {""criterion"": ""style"", ""points"": 1, ""comment"": ""good""}]",Nice work
fb_ecoubhpuqkfq,740,1,2025-06-08 10:47:47,"[{""criterion"": ""tests"", ""points"": 0, ""comment"": ""missing""}, {""criterion"": ""style"", ""points"": 5, ""comment"": ""excellent""}, {""criterion"": ""performance"", ""points"": 1, ""comment"": ""missing""}, {""criterion"": ""correctness"", ""points"": 0, ""comment"": ""needs work""}, {""criterion"": ""report"", ""points"": 3, ""comment"": ""excellent""}]",Great solution
fb_wacodimitapt,1019,7,2025-07-06 13:39:27,"[{""criterion"": ""report"", ""points"": 3, ""comment"": ""good""}, {""criterion"": ""performance"", ""points"": 3, ""comment"": ""excellent""}, {""criterion"": ""style"", ""points"": 0, ""comment"": ""ok""}, {""criterion"": ""tests"", ""points"": 4, ""comment"": ""ok""}]",Consider edge cases
fb_cspwxvjrndfc,104,10,2025-06-29 18:32:12,"[{""criterion"": ""report"", ""points"": 4, ""comment"": ""missing""}, {""criterion"": ""style"", ""points"": 5, ""comment"": ""ok""}, {""criterion"": ""performance"", ""points"": 0, ""comment"": ""ok""}, {""criterion"": ""correctness"", ""points"": 0, ""comment"": ""good""}, {""criterion"": ""tests"", ""points"": 1, ""comment"": ""good""}]",Incomplete
fb_hsilscifgdbd,1383,3,2025-11-13 20:02:35,"[{""criterion"": ""performance"", ""points"": 3, ""comment"": ""good""}, {""criterion"": ""correctness"", ""points"": 3, ""comment"": ""missing""}, {""criterion"": ""style"", ""points"": 2, ""comment"": ""missing""}, {""criterion"": ""tests"", ""points"": 2, ""comment"": ""good""}, {""criterion"": ""report"", ""points"": 5, ""comment"": ""excellent""}]",Great solution
fb_aacqnrsqobmv,1021,7,2025-07-03 15:55:00,"[{""criterion"": ""report"", ""points"": 0, ""comment"": ""ok""}, {""criterion"": ""tests"", ""points"": 1, ""comment"": ""missing""}]",Please improve
fb_sxaqyaabevye,148,11,2025-07-24 03:30:08,"[{""criterion"": ""tests"", ""points"": 3, ""comment"": ""ok""}, {""criterion"": ""correctness"", ""points"": 0, ""comment"": ""excellent""}, {""criterion"": ""style"", ""points"": 1, ""comment"": ""excellent""}, {""criterion"": ""report"", ""points"": 5, ""comment"": ""missing""}, {""criterion"": ""performance"", ""points"": 4, ""comment"": ""good""}]",Incomplete
fb_exjbwmtdwquc,129,10,2025-09-28 13:30:17,"[{""criterion"": ""correctness"", ""points"": 5, ""comment"": ""ok""}, {""criterion"": ""performance"", ""points"": 2, ""comment"": ""good""}, {""criterion"": ""report"", ""points"": 5, ""comment"": ""good""}, {""criterion"": ""tests"", ""points"": 1, ""comment"": ""good""}, {""criterion"": ""style"", ""points"": 3, ""comment"": ""needs work""}]",Incomplete
fb_khfrlaitjdhr,273,11,2025-06-28 14:19:51,"[{""criterion"": ""correctness"", ""points"": 5, ""comment"": ""excellent""}, {""criterion"": ""report"", ""points"": 4, ""comment"": ""needs work""}, {""criterion"": ""performance"", ""points"": 3, ""comment"": ""missing""}, {""criterion"": ""tests"", ""points"": 4, ""comment"": ""excellent""}, {""criterion"": ""style"", ""points"": 2, ""comment"": ""excellent""}]",Nice work
fb_iqectjzjutdq,1553,6,2025-05-15 00:46:13,"[{""criterion"": ""style"", ""points"": 0, ""comment"": ""ok""}, {""criterion"": ""correctness"", ""points"": 0, ""comment"": ""good""}, {""criterion"": ""performance"", ""points"": 3, ""comment"": ""excellent""}, {""criterion"": ""tests"", ""points"": 4, ""comment"": ""missing""}, {""criterion"": ""report"", ""points"": 4, ""comment"": ""needs work""}]",Incomplete
fb_bujusrhogvmy,799,11,2025-07-29 08:29:20,"[{""criterion"": ""report"", ""points"": 5, ""comment"": ""missing""}, {""criterion"": ""correctness"", ""points"": 2, ""comment"": ""missing""}]",Incomplete
fb_abxzxvatruyu,802,11,2025-07-26 20:59:17,"[{""criterion"": ""style"", ""points"": 4, ""comment"": ""ok""}, {""criterion"": ""correctness"", ""points"": 3, ""comment"": ""good""}, {""criterion"": ""tests"", ""points"": 1, ""comment"": ""needs work""}]",Nice work
fb_plqcwyehyope,395,9,2025-04-30 05:09:54,"[{""criterion"": ""correctness"", ""points"": 1, ""comment"": ""needs work""}, {""criterion"": ""report"", ""points"": 3, ""comment"": ""ok""}, {""criterion"": ""style"", ""points"": 2, ""comment"": ""good""}]",Please improve
fb_mvzkvwebstlg,1368,4,2025-03-26 23:34:13,"[{""criterion"": ""performance"", ""points"": 3, ""comment"": ""good""}, {""criterion"": ""report"", ""points"": 0, ""comment"": ""needs work""}, {""criterion"": ""tests"", ""points"": 2, ""comment"": ""missing""}, {""criterion"": ""style"", ""points"": 0, ""comment"": ""excellent""}, {""criterion"": ""correctness"", ""points"": 1, ""comment"": ""missing""}]",Incomplete
fb_mggzkljvppxx,1409,11,2025-02-04 07:20:23,"[{""criterion"": ""correctness"", ""points"": 3, ""comment"": ""missing""}, {""criterion"": ""tests"", ""points"": 3, ""comment"": ""good""}, {""criterion"": ""report"", ""points"": 3, ""comment"": ""ok""}]",Consider edge cases
fb_cymvkbvvnzlw,451,10,2025-12-06 17:12:29,"[{""criterion"": ""report"", ""points"": 5, ""comment"": ""ok""}, {""criterion"": ""correctness"", ""points"": 0, ""comment"": ""missing""}, {""criterion"": ""style"", ""points"": 1, ""comment"": ""good""}, {""criterion"": ""tests"", ""points"": 1, ""comment"": ""needs work""}]",Great solution
fb_ksflvqdvqmwz,1522,10,2025-09-28 00:35:58,"[{""criterion"": ""performance"", ""points"": 3, ""comment"": ""needs work""}, {""criterion"": ""style"", ""points"": 3, ""comment"": ""needs work""}, {""criterion"": ""correctness"", ""points"": 0, ""comment"": ""missing""}]",Great solution
fb_gveuxcqpqizd,1163,10,2025-01-27 02:37:26,"[{""criterion"": ""style"", ""points"": 3, ""comment"": ""good""}, {""criterion"": ""tests"", ""points"": 3, ""comment"": ""needs work""}]",Incomplete
fb_wutiqnruhhyx,118,10,2025-09-20 04:56:01,"[{""criterion"": ""style"", ""points"": 2, ""comment"": ""ok""}, {""criterion"": ""correctness"", ""points"": 1, ""comment"": ""missing""}, {""criterion"": ""report"", ""points"": 5, ""comment"": ""excellent""}, {""criterion"": ""tests"", ""points"": 1, ""comment"": ""good""}]",Incomplete
fb_cvmrxkfsozzc,486,3,2025-09-12 14:33:50,"[{""criterion"": ""style"", ""points"": 3, ""comment"": ""missing""}, {""criterion"": ""tests"", ""points"": 1, ""comment"": ""missing""}, {""criterion"": ""performance"", ""points"": 3, ""comment"": ""needs work""}, {""criterion"": ""report"", ""points"": 5, ""comment"": ""missing""}, {""criterion"": ""correctness"", ""points"": 5, ""comment"": ""needs work""}]",Consider edge cases
fb_xcyscxqseouw,761,6,2025-05-17 04:15:04,"[{""criterion"": ""style"", ""points"": 3, ""comment"": ""good""}, {""criterion"": ""report"", ""points"": 3, ""comment"": ""needs work""}, {""criterion"": ""tests"", ""points"": 5, ""comment"": ""excellent""}, {""criterion"": ""performance"", ""points"": 0, ""comment"": ""ok""}, {""criterion"": ""correctness"", ""points"": 4, ""comment"": ""excellent""}]",Please improve
fb_czcqvhwdmluc,1390,3,2025-11-08 15:07:26,"[{""criterion"": ""style"", ""points"": 5, ""comment"": ""needs work""}, {""criterion"": ""report"", ""points"": 0, ""comment"": ""ok""}]",Nice work
fb_gcpmmhwdnkah,792,11,2025-07-22 09:28:20,"[{""criterion"": ""performance"", ""points"": 0, ""comment"": ""good""}, {""criterion"": ""report"", ""points"": 2, ""comment"": ""good""}, {""criterion"": ""style"", ""points"": 4, ""comment"": ""ok""}]",Please improve
fb_tetbfikvmpaz,1083,12,2025-01-26 17:15:27,"[{""criterion"": ""style"", ""points"": 4, ""comment"": ""missing""}, {""criterion"": ""performance"", ""points"": 5, ""comment"": ""needs work""}, {""criterion"": ""report"", ""points"": 2, ""comment"": ""ok""}]",Nice work
fb_wqvhadxksgnk,750,6,2025-05-24 22:00:59,"[{""criterion"": ""correctness"", ""points"": 5, ""comment"": ""needs work""}, {""criterion"": ""tests"", ""points"": 4, ""comment"": ""good""}, {""criterion"": ""style"", ""points"": 2, ""comment"": ""missing""}]",Consider edge cases
fb_avjarebtuzoe,132,10,2025-09-19 06:32:00,"[{""criterion"": ""style"", ""points"": 3, ""comment"": ""missing""}, {""criterion"": ""tests"", ""points"": 0, ""comment"": ""missing""}, {""criterion"": ""correctness"", ""points"": 3, ""comment"": ""good""}, {""criterion"": ""performance"", ""points"": 5, ""comment"": ""missing""}]",Nice work
fb_ktfepcmopbzz,1336,7,2025-10-24 22:25:37,"[{""criterion"": ""style"", ""points"": 0, ""comment"": ""ok""}, {""criterion"": ""correctness"", ""points"": 4, ""comment"": ""missing""}, {""criterion"": ""tests"", ""points"": 5, ""comment"": ""excellent""}, {""criterion"": ""performance"", ""points"": 4, ""comment"": ""missing""}]",Consider edge cases
fb_ediuiernmdtg,1293,13,2025-02-19 19:08:51,"[{""criterion"": ""tests"", ""points"": 1, ""comment"": ""excellent""}, {""criterion"": ""report"", ""points"": 5, ""comment"": ""ok""}, {""criterion"": ""performance"", ""points"": 4, ""comment"": ""ok""}, {""criterion"": ""style"", ""points"": 3, ""comment"": ""excellent""}]",Nice work
fb_tvfnhelcfflg,1066,4,2025-05-31 01:12:24,"[{""criterion"": ""style"", ""points"": 5, ""comment"": ""good""}, {""criterion"": ""tests"", ""points"": 3, ""comment"": ""excellent""}, {""criterion"": ""performance"", ""points"": 2, ""comment"": ""needs work""}]",Great solution
fb_fzqrbcwzhwdu,1273,3,2025-09-14 12:55:41,"[{""criterion"": ""performance"", ""points"": 2, ""comment"": ""excellent""}, {""criterion"": ""report"", ""points"": 4, ""comment"": ""needs work""}, {""criterion"": ""style"", ""points"": 4, ""comment"": ""good""}, {""criterion"": ""tests"", ""points"": 1, ""comment"": ""needs work""}, {""criterion"": ""correctness"", ""points"": 1, ""comment"": ""missing""}]",Great solution
fb_chojotsebfsm,737,1,2025-06-06 01:31:20,"[{""criterion"": ""tests"", ""points"": 4, ""comment"": ""excellent""}, {""criterion"": ""style"", ""points"": 2, ""comment"": ""excellent""}, {""criterion"": ""performance"", ""points"": 2, ""comment"": ""ok""}, {""criterion"": ""report"", ""points"": 3, ""comment"": ""needs work""}, {""criterion"": ""correctness"", ""points"": 2, ""comment"": ""ok""}]",Consider edge cases
fb_vbfxpiccqrhd,1269,4,2025-02-13 03:58:38,"[{""criterion"": ""performance"", ""points"": 5, ""comment"": ""excellent""}, {""criterion"": ""tests"", ""points"": 3, ""comment"": ""good""}, {""criterion"": ""style"", ""points"": 3, ""comment"": ""ok""}, {""criterion"": ""report"", ""points"": 2, ""comment"": ""excellent""}, {""criterion"": ""correctness"", ""points"": 2, ""comment"": ""excellent""}]",Great solution
fb_euoktfyftnpd,536,10,2025-03-04 18:47:31,"[{""criterion"": ""correctness"", ""points"": 4, ""comment"": ""needs work""}, {""criterion"": ""style"", ""points"": 3, ""comment"": ""needs work""}]",Please improve
fb_zwulybpvrijm,1419,11,2025-01-31 18:40:03,"[{""criterion"": ""tests"", ""points"": 0, ""comment"": ""excellent""}, {""criterion"": ""style"", ""points"": 3, ""comment"": ""good""}, {""criterion"": ""performance"", ""points"": 5, ""comment"": ""missing""}, {""criterion"": ""correctness"", ""points"": 0, ""comment"": ""ok""}, {""criterion"": ""report"", ""points"": 1, ""comment"": ""excellent""}]",Nice work
fb_xosmzewhtsht,283,11,2025-06-20 14:09:34,"[{""criterion"": ""tests"", ""points"": 5, ""comment"": ""missing""}, {""criterion"": ""performance"", ""points"": 3, ""comment"": ""needs work""}, {""criterion"": ""correctness"", ""points"": 4, ""comment"": ""missing""}, {""criterion"": ""report"", ""points"": 5, ""comment"": ""needs work""}]",Please improve
fb_gdppuvkqqynh,386,9,2025-05-08 04:37:14,"[{""criterion"": ""performance"", ""points"": 2, ""comment"": ""good""}, {""criterion"": ""correctness"", ""points"": 3, ""comment"": ""missing""}, {""criterion"": ""tests"", ""points"": 3, ""comment"": ""excellent""}, {""criterion"": ""style"", ""points"": 1, ""comment"": ""missing""}, {""criterion"": ""report"", ""points"": 3, ""comment"": ""ok""}]",Incomplete
fb_ldhdhmsvkyya,115,10,2025-09-21 23:12:20,"[{""criterion"": ""correctness"", ""points"": 2, ""comment"": ""missing""}, {""criterion"": ""tests"", ""points"": 5, ""comment"": ""ok""}, {""criterion"": ""report"", ""points"": 0, ""comment"": ""good""}]",Incomplete
fb_szjzhebgizzb,420,6,2025-11-21 00:26:52,"[{""criterion"": ""correctness"", ""points"": 3, ""comment"": ""missing""}, {""criterion"": ""report"", ""points"": 4, ""comment"": ""missing""}, {""criterion"": ""performance"", ""points"": 5, ""comment"": ""excellent""}]",Nice work
fb_dihchhizkrcx,247,9,2025-08-06 08:32:01,"[{""criterion"": ""style"", ""points"": 4, ""comment"": ""ok""}, {""criterion"": ""tests"", ""points"": 2, ""comment"": ""excellent""}, {""criterion"": ""performance"", ""points"": 5, ""comment"": ""ok""}, {""criterion"": ""report"", ""points"": 1, ""comment"": ""missing""}]",Please improve
fb_mbwgoejrxxby,1323,1,2025-05-19 00:18:54,"[{""criterion"": ""tests"", ""points"": 0, ""comment"": ""missing""}, {""criterion"": ""correctness"", ""points"": 4, ""comment"": ""excellent""}, {""criterion"": ""performance"", ""points"": 5, ""comment"": ""excellent""}, {""criterion"": ""style"", ""points"": 5, ""comment"": ""needs work""}, {""criterion"": ""report"", ""points"": 1, ""comment"": ""excellent""}]",Incomplete
fb_zuxvfrofzlyk,491,3,2025-09-01 14:42:15,"[{""criterion"": ""correctness"", ""points"": 0, ""comment"": ""ok""}, {""criterion"": ""tests"", ""points"": 5, ""comment"": ""good""}]",Great solution
fb_hjtvkmvrlsfd,626,4,2025-11-06 18:19:16,"[{""criterion"": ""report"", ""points"": 3, ""comment"": ""good""}, {""criterion"": ""performance"", ""points"": 2, ""comment"": ""ok""}]",Great solution
fb_dngeycaakumi,649,1,2025-11-28 01:55:52,"[{""criterion"": ""performance"", ""points"": 5, ""comment"": ""good""}, {""criterion"": ""style"", ""points"": 4, ""comment"": ""excellent""}, {""criterion"": ""tests"", ""points"": 3, ""comment"": ""ok""}, {""criterion"": ""report"", ""points"": 1, ""comment"": ""excellent""}, {""criterion"": ""correctness"", ""points"": 0, ""comment"": ""excellent""}]",Incomplete
fb_mmtdtfkkwnhy,1404,11,2025-02-05 09:55:36,"[{""criterion"": ""tests"", ""points"": 0, ""comment"": ""missing""}, {""criterion"": ""performance"", ""points"": 3, ""comment"": ""excellent""}, {""criterion"": ""correctness"", ""points"": 3, ""comment"": ""missing""}]",Nice work
fb_ynidqcsctclg,1412,11,2025-02-01 09:33:01,"[{""criterion"": ""report"", ""points"": 0, ""comment"": ""ok""}, {""criterion"": ""tests"", ""points"": 0, ""comment"": ""good""}]",Incomplete
fb_ztimqmbkdspi,1499,4,2025-02-06 11:36:55,"[{""criterion"": ""style"", ""points"": 3, ""comment"": ""missing""}, {""criterion"": ""tests"", ""points"": 2, ""comment"": ""good""}, {""criterion"": ""report"", ""points"": 0, ""comment"": ""good""}, {""criterion"": ""performance"", ""points"": 1, ""comment"": ""good""}, {""criterion"": ""correctness"", ""points"": 5, ""comment"": ""missing""}]",Consider edge cases
fb_dtkkpdjdrdfs,1146,13,2025-06-20 01:05:00,"[{""criterion"": ""tests"", ""points"": 5, ""comment"": ""excellent""}, {""criterion"": ""style"", ""points"": 5, ""comment"": ""needs work""}, {""criterion"": ""correctness"", ""points"": 3, ""comment"": ""needs work""}]",Nice work
fb_rpxoepgkmmby,400,9,2025-04-26 03:09:53,"[{""criterion"": ""correctness"", ""points"": 4, ""comment"": ""missing""}, {""criterion"": ""report"", ""points"": 1, ""comment"": ""needs work""}, {""criterion"": ""performance"", ""points"": 5, ""comment"": ""excellent""}, {""criterion"": ""style"", ""points"": 1, ""comment"": ""excellent""}, {""criterion"": ""tests"", ""points"": 5, ""comment"": ""missing""}]",Nice work
fb_pmjymnayofpy,1120,9,2025-08-28 17:38:11,"[{""criterion"": ""performance"", ""points"": 4, ""comment"": ""good""}, {""criterion"": ""report"", ""points"": 1, ""comment"": ""missing""}, {""criterion"": ""correctness"", ""points"": 1, ""comment"": ""excellent""}, {""criterion"": ""style"", ""points"": 2, ""comment"": ""missing""}]",Incomplete
fb_bitjtxuwqtjw,267,9,2025-07-29 23:39:58,"[{""criterion"": ""correctness"", ""points"": 1, ""comment"": ""missing""}, {""criterion"": ""performance"", ""points"": 0, ""comment"": ""excellent""}, {""criterion"": ""style"", ""points"": 5, ""comment"": ""missing""}, {""criterion"": ""tests"", ""points"": 1, ""comment"": ""missing""}, {""criterion"": ""report"", ""points"": 3, ""comment"": ""excellent""}]",Consider edge cases
fb_xspmfshrunox,858,7,2025-12-07 22:02:26,"[{""criterion"": ""report"", ""points"": 4, ""comment"": ""excellent""}, {""criterion"": ""correctness"", ""points"": 1, ""comment"": ""needs work""}, {""criterion"": ""style"", ""points"": 4, ""comment"": ""excellent""}]",Nice work
fb_qcujeyxnuddb,110,10,2025-09-29 08:17:40,"[{""criterion"": ""style"", ""points"": 4, ""comment"": ""missing""}, {""criterion"": ""correctness"", ""points"": 1, ""comment"": ""needs work""}, {""criterion"": ""tests"", ""points"": 1, ""comment"": ""missing""}]",Incomplete
fb_tiobesbbxvmw,1343,7,2025-10-27 09:59:58,"[{""criterion"": ""report"", ""points"": 4, ""comment"": ""needs work""}, {""criterion"": ""style"", ""points"": 5, ""comment"": ""missing""}, {""criterion"": ""performance"", ""points"": 2, ""comment"": ""excellent""}]",Great solution
fb_jlvmujdyfxie,1272,3,2025-09-17 23:53:18,"[{""criterion"": ""style"", ""points"": 4, ""comment"": ""excellent""}, {""criterion"": ""report"", ""points"": 1, ""comment"": ""excellent""}, {""criterion"": ""correctness"", ""points"": 3, ""comment"": ""good""}]",Great solution
fb_jjydjvlgtplm,303,13,2025-08-14 12:15:45,"[{""criterion"": ""performance"", ""points"": 0, ""comment"": ""needs work""}, {""criterion"": ""correctness"", ""points"": 1, ""comment"": ""needs work""}]",Great solution
fb_oyabodeacfxo,403,6,2025-11-26 15:16:56,"[{""criterion"": ""style"", ""points"": 4, ""comment"": ""excellent""}, {""criterion"": ""report"", ""points"": 3, ""comment"": ""excellent""}, {""criterion"": ""performance"", ""points"": 4, ""comment"": ""good""}, {""criterion"": ""tests"", ""points"": 4, ""comment"": ""ok""}, {""criterion"": ""correctness"", ""points"": 4, ""comment"": ""missing""}]",Consider edge cases
fb_tiloaqzxxksg,1026,7,2025-07-03 05:45:33,"[{""criterion"": ""tests"", ""points"": 4, ""comment"": ""good""}, {""criterion"": ""report"", ""points"": 1, ""comment"": ""good""}, {""criterion"": ""performance"", ""points"": 5, ""comment"": ""good""}, {""criterion"": ""style"", ""points"": 3, ""comment"": ""ok""}]",Consider edge cases
fb_kiolkthhgydq,413,6,2025-11-28 12:56:48,"[{""criterion"": ""performance"", ""points"": 1, ""comment"": ""needs work""}, {""criterion"": ""report"", ""points"": 2, ""comment"": ""needs work""}]",Please improve
fb_bypdijmdpbzr,428,3,2025-11-22 18:11:58,"[{""criterion"": ""report"", ""points"": 0, ""comment"": ""excellent""}, {""criterion"": ""performance"", ""points"": 5, ""comment"": ""good""}, {""criterion"": ""tests"", ""points"": 3, ""comment"": ""ok""}, {""criterion"": ""correctness"", ""points"": 4, ""comment"": ""ok""}, {""criterion"": ""style"", ""points"": 1, ""comment"": ""missing""}]",Nice work
fb_gnjepucnboaz,159,14,2025-09-30 14:15:40,"[{""criterion"": ""correctness"", ""points"": 2, ""comment"": ""good""}, {""criterion"": ""report"", ""points"": 5, ""comment"": ""missing""}, {""criterion"": ""performance"", ""points"": 5, ""comment"": ""good""}, {""criterion"": ""tests"", ""points"": 0, ""comment"": ""good""}, {""criterion"": ""style"", ""points"": 4, ""comment"": ""good""}]",Great solution
fb_fpxxmqhftxes,1399,11,2025-02-03 18:35:14,"[{""criterion"": ""performance"", ""points"": 0, ""comment"": ""excellent""}, {""criterion"": ""style"", ""points"": 3, ""comment"": ""needs work""}, {""criterion"": ""report"", ""points"": 4, ""comment"": ""needs work""}, {""criterion"": ""correctness"", ""points"": 0, ""comment"": ""excellent""}, {""criterion"": ""tests"", ""points"": 1, ""comment"": ""ok""}]",Nice work
fb_crvxvwhearki,1373,4,2025-03-20 14:04:45,"[{""criterion"": ""tests"", ""points"": 0, ""comment"": ""ok""}, {""criterion"": ""report"", ""points"": 2, ""comment"": ""missing""}, {""criterion"": ""style"", ""points"": 2, ""comment"": ""ok""}, {""criterion"": ""performance"", ""points"": 3, ""comment"": ""good""}]",Great solution
fb_kbizbclxljou,249,9,2025-07-30 22:39:57,"[{""criterion"": ""correctness"", ""points"": 5, ""comment"": ""missing""}, {""criterion"": ""performance"", ""points"": 1, ""comment"": ""missing""}, {""criterion"": ""tests"", ""points"": 2, ""comment"": ""ok""}, {""criterion"": ""report"", ""points"": 5, ""comment"": ""needs work""}, {""criterion"": ""style"", ""points"": 4, ""comment"": ""good""}]",Nice work
fb_tryvnmxyqevt,372,3,2025-10-26 08:29:28,"[{""criterion"": ""performance"", ""points"": 2, ""comment"": ""missing""}, {""criterion"": ""style"", ""points"": 5, ""comment"": ""excellent""}, {""criterion"": ""report"", ""points"": 4, ""comment"": ""ok""}, {""criterion"": ""correctness"", ""points"": 2, ""comment"": ""good""}]",Nice work
fb_kwkaniggygud,1428,5,2025-05-29 19:42:08,"[{""criterion"": ""tests"", ""points"": 4, ""comment"": ""needs work""}, {""criterion"": ""style"", ""points"": 0, ""comment"": ""ok""}, {""criterion"": ""correctness"", ""points"": 4, ""comment"": ""needs work""}, {""criterion"": ""performance"", ""points"": 0, ""comment"": ""ok""}, {""criterion"": ""report"", ""points"": 0, ""comment"": ""good""}]",Consider edge cases
fb_kjdqxdmdflan,1259,4,2025-02-04 07:05:38,"[{""criterion"": ""correctness"", ""points"": 3, ""comment"": ""ok""}, {""criterion"": ""performance"", ""points"": 0, ""comment"": ""needs work""}]",Consider edge cases
fb_iewhbdukfmon,1339,7,2025-10-16 19:17:30,"[{""criterion"": ""report"", ""points"": 3, ""comment"": ""good""}, {""criterion"": ""tests"", ""points"": 3, ""comment"": ""needs work""}, {""criterion"": ""style"", ""points"": 0, ""comment"": ""needs work""}, {""criterion"": ""performance"", ""points"": 0, ""comment"": ""missing""}]",Incomplete
fb_arlzqkplhqao,456,10,2025-11-29 04:06:28,"[{""criterion"": ""performance"", ""points"": 3, ""comment"": ""missing""}, {""criterion"": ""tests"", ""points"": 4, ""comment"": ""excellent""}, {""criterion"": ""style"", ""points"": 4, ""comment"": ""good""}, {""criterion"": ""correctness"", ""points"": 1, ""comment"": ""missing""}]",Great solution
fb_nwsltuwabslj,195,1,2025-02-25 12:15:39,"[{""criterion"": ""correctness"", ""points"": 3, ""comment"": ""needs work""}, {""criterion"": ""report"", ""points"": 2, ""comment"": ""needs work""}]",Consider edge cases
fb_kevxqtmadtkn,1359,4,2025-03-19 23:40:08,"[{""criterion"": ""report"", ""points"": 0, ""comment"": ""excellent""}, {""criterion"": ""correctness"", ""points"": 2, ""comment"": ""ok""}, {""criterion"": ""style"", ""points"": 0, ""comment"": ""needs work""}, {""criterion"": ""tests"", ""points"": 2, ""comment"": ""missing""}, {""criterion"": ""performance"", ""points"": 5, ""comment"": ""missing""}]",Consider edge cases
fb_freiddzlgtyv,1156,10,2025-01-25 04:07:45,"[{""criterion"": ""report"", ""points"": 5, ""comment"": ""needs work""}, {""criterion"": ""performance"", ""points"": 1, ""comment"": ""needs work""}]",Consider edge cases
fb_xshnqhcgcxoq,1141,13,2025-06-09 23:12:11,"[{""criterion"": ""tests"", ""points"": 4, ""comment"": ""good""}, {""criterion"": ""report"", ""points"": 0, ""comment"": ""missing""}, {""criterion"": ""style"", ""points"": 4, ""comment"": ""ok""}, {""criterion"": ""performance"", ""points"": 0, ""comment"": ""good""}]",Please improve
fb_qkbypiocffiu,501,4,2025-07-06 11:31:20,"[{""criterion"": ""correctness"", ""points"": 1, ""comment"": ""needs work""}, {""criterion"": ""performance"", ""points"": 1, ""comment"": ""missing""}, {""criterion"": ""style"", ""points"": 2, ""comment"": ""good""}, {""criterion"": ""report"", ""points"": 1, ""comment"": ""excellent""}]",Great solution
fb_qfzwidsgfznk,910,10,2025-07-26 01:09:11,"[{""criterion"": ""style"", ""points"": 3, ""comment"": ""needs work""}, {""criterion"": ""correctness"", ""points"": 3, ""comment"": ""missing""}, {""criterion"": ""performance"", ""points"": 4, ""comment"": ""good""}]",Great solution
fb_mhcebqhodgwy,1482,10,2025-10-01 18:15:39,"[{""criterion"": ""correctness"", ""points"": 1, ""comment"": ""ok""}, {""criterion"": ""performance"", ""points"": 5, ""comment"": ""ok""}]",Incomplete
fb_xsrlfhmronyb,1375,4,2025-03-21 17:41:58,"[{""criterion"": ""style"", ""points"": 5, ""comment"": ""good""}, {""criterion"": ""performance"", ""points"": 5, ""comment"": ""good""}, {""criterion"": ""tests"", ""points"": 5, ""comment"": ""excellent""}, {""criterion"": ""report"", ""points"": 2, ""comment"": ""missing""}]",Great solution
fb_iywbzjpvvcpr,202,1,2025-02-26 22:40:34,"[{""criterion"": ""style"", ""points"": 2, ""comment"": ""missing""}, {""criterion"": ""correctness"", ""points"": 3, ""comment"": ""needs work""}]",Nice work
fb_gwijmiqhptnd,1510,4,2025-02-02 19:50:02,"[{""criterion"": ""performance"", ""points"": 1, ""comment"": ""needs work""}, {""criterion"": ""tests"", ""points"": 0, ""comment"": ""missing""}, {""criterion"": ""correctness"", ""points"": 3, ""comment"": ""good""}, {""criterion"": ""report"", ""points"": 4, ""comment"": ""needs work""}, {""criterion"": ""style"", ""points"": 4, ""comment"": ""excellent""}]",Consider edge cases
fb_lugokfimloak,1219,3,2025-05-07 18:43:02,"[{""criterion"": ""tests"", ""points"": 0, ""comment"": ""ok""}, {""criterion"": ""style"", ""points"": 4, ""comment"": ""excellent""}, {""criterion"": ""correctness"", ""points"": 0, ""comment"": ""missing""}, {""criterion"": ""performance"", ""points"": 0, ""comment"": ""needs work""}]",Please improve
fb_azazrtodujvh,1376,4,2025-03-22 22:36:48,"[{""criterion"": ""performance"", ""points"": 5, ""comment"": ""ok""}, {""criterion"": ""report"", ""points"": 0, ""comment"": ""good""}, {""criterion"": ""style"", ""points"": 2, ""comment"": ""missing""}, {""criterion"": ""tests"", ""points"": 1, ""comment"": ""excellent""}, {""criterion"": ""correctness"", ""points"": 3, ""comment"": ""good""}]",Great solution
fb_guxluexjicpy,562,1,2025-05-09 23:10:42,"[{""criterion"": ""report"", ""points"": 2, ""comment"": ""excellent""}, {""criterion"": ""style"", ""points"": 5, ""comment"": ""needs work""}]",Incomplete
fb_uutzilxcqivr,367,3,2025-11-05 00:40:26,"[{""criterion"": ""tests"", ""points"": 2, ""comment"": ""needs work""}, {""criterion"": ""style"", ""points"": 4, ""comment"": ""good""}, {""criterion"": ""report"", ""points"": 2, ""comment"": ""ok""}, {""criterion"": ""correctness"", ""points"": 0, ""comment"": ""missing""}, {""criterion"": ""performance"", ""points"": 5, ""comment"": ""ok""}]",Incomplete
fb_eouortodlmnp,615,4,2025-11-04 21:40:48,"[{""criterion"": ""report"", ""points"": 5, ""comment"": ""excellent""}, {""criterion"": ""tests"", ""points"": 5, ""comment"": ""missing""}]",Great solution
fb_aytithisuxcv,409,6,2025-11-25 07:37:22,"[{""criterion"": ""correctness"", ""points"": 1, ""comment"": ""missing""}, {""criterion"": ""tests"", ""points"": 2, ""comment"": ""needs work""}]",Incomplete
fb_neblxdndgiip,1119,9,2025-08-25 11:44:50,"[{""criterion"": ""correctness"", ""points"": 3, ""comment"": ""missing""}, {""criterion"": ""performance"", ""points"": 2, ""comment"": ""missing""}, {""criterion"": ""style"", ""points"": 4, ""comment"": ""good""}]",Great solution
fb_cmzeebhbbhvq,1285,3,2025-09-21 02:34:45,"[{""criterion"": ""performance"", ""points"": 4, ""comment"": ""good""}, {""criterion"": ""tests"", ""points"": 2, ""comment"": ""missing""}, {""criterion"": ""correctness"", ""points"": 3, ""comment"": ""missing""}, {""criterion"": ""report"", ""points"": 3, ""comment"": ""good""}]",Nice work
fb_dqfzwmvbetoz,1228,10,2025-08-10 15:06:56,"[{""criterion"": ""performance"", ""points"": 5, ""comment"": ""ok""}, {""criterion"": ""tests"", ""points"": 1, ""comment"": ""missing""}]",Consider edge cases
fb_wozzsrnyodrp,821,8,2025-03-10 23:13:06,"[{""criterion"": ""correctness"", ""points"": 5, ""comment"": ""good""}, {""criterion"": ""performance"", ""points"": 1, ""comment"": ""ok""}, {""criterion"": ""style"", ""points"": 1, ""comment"": ""ok""}]",Incomplete
fb_omjverjyhjzw,543,10,2025-02-28 20:57:24,"[{""criterion"": ""report"", ""points"": 5, ""comment"": ""excellent""}, {""criterion"": ""tests"", ""points"": 5, ""comment"": ""missing""}, {""criterion"": ""style"", ""points"": 5, ""comment"": ""excellent""}, {""criterion"": ""performance"", ""points"": 3, ""comment"": ""needs work""}, {""criterion"": ""correctness"", ""points"": 1, ""comment"": ""needs work""}]",Great solution
fb_qzqolmcxzhae,1294,13,2025-02-23 04:05:21,"[{""criterion"": ""tests"", ""points"": 3, ""comment"": ""missing""}, {""criterion"": ""performance"", ""points"": 4, ""comment"": ""good""}]",Incomplete
fb_leexxplmqkbp,433,3,2025-11-13 09:32:19,"[{""criterion"": ""style"", ""points"": 5, ""comment"": ""missing""}, {""criterion"": ""performance"", ""points"": 3, ""comment"": ""needs work""}, {""criterion"": ""correctness"", ""points"": 1, ""comment"": ""ok""}]",Incomplete
fb_jmdiohnbkenq,831,8,2025-03-09 09:33:27,"[{""criterion"": ""report"", ""points"": 4, ""comment"": ""good""}, {""criterion"": ""performance"", ""points"": 1, ""comment"": ""excellent""}]",Consider edge cases
fb_rqnvswogkjiq,1353,7,2025-10-31 02:54:06,"[{""criterion"": ""tests"", ""points"": 2, ""comment"": ""needs work""}, {""criterion"": ""performance"", ""points"": 5, ""comment"": ""excellent""}, {""criterion"": ""report"", ""points"": 0, ""comment"": ""excellent""}, {""criterion"": ""correctness"", ""points"": 4, ""comment"": ""good""}, {""criterion"": ""style"", ""points"": 5, ""comment"": ""ok""}]",Great solution
fb_gsotackrbgrq,276,11,2025-06-17 16:25:10,"[{""criterion"": ""style"", ""points"": 4, ""comment"": ""excellent""}, {""criterion"": ""tests"", ""points"": 5, ""comment"": ""needs work""}]",Consider edge cases
fb_jvvsihpndcoi,1060,3,2025-08-25 12:28:27,"[{""criterion"": ""performance"", ""points"": 0, ""comment"": ""ok""}, {""criterion"": ""style"", ""points"": 2, ""comment"": ""needs work""}]",Consider edge cases
fb_modbnxwlfjww,1449,4,2025-08-22 12:20:14,"[{""criterion"": ""style"", ""points"": 4, ""comment"": ""good""}, {""criterion"": ""tests"", ""points"": 1, ""comment"": ""excellent""}, {""criterion"": ""correctness"", ""points"": 0, ""comment"": ""missing""}, {""criterion"": ""performance"", ""points"": 0, ""comment"": ""good""}]",Incomplete
fb_lulcnjuhimby,727,1,2025-06-08 18:45:23,"[{""criterion"": ""tests"", ""points"": 4, ""comment"": ""excellent""}, {""criterion"": ""report"", ""points"": 4, ""comment"": ""missing""}]",Consider edge cases
fb_udirlbjpzfkv,540,10,2025-03-10 12:26:59,"[{""criterion"": ""correctness"", ""points"": 5, ""comment"": ""ok""}, {""criterion"": ""style"", ""points"": 2, ""comment"": ""missing""}, {""criterion"": ""tests"", ""points"": 0, ""comment"": ""missing""}, {""criterion"": ""performance"", ""points"": 3, ""comment"": ""missing""}, {""criterion"": ""report"", ""points"": 1, ""comment"": ""needs work""}]",Nice work
fb_wdfpptemiwjm,982,11,2025-04-25 21:36:44,"[{""criterion"": ""style"", ""points"": 1, ""comment"": ""good""}, {""criterion"": ""correctness"", ""points"": 1, ""comment"": ""ok""}, {""criterion"": ""tests"", ""points"": 0, ""comment"": ""needs work""}, {""criterion"": ""performance"", ""points"": 4, ""comment"": ""excellent""}, {""criterion"": ""report"", ""points"": 2, ""comment"": ""needs work""}]",Consider edge cases
fb_winvsjophppv,636,1,2025-12-02 13:53:03,"[{""criterion"": ""correctness"", ""points"": 4, ""comment"": ""missing""}, {""criterion"": ""performance"", ""points"": 4, ""comment"": ""missing""}, {""criterion"": ""tests"", ""points"": 1, ""comment"": ""ok""}, {""criterion"": ""report"", ""points"": 5, ""comment"": ""missing""}]",Consider edge cases
fb_exsqzfdwbcrm,1345,7,2025-10-23 08:13:59,"[{""criterion"": ""tests"", ""points"": 2, ""comment"": ""excellent""}, {""criterion"": ""correctness"", ""points"": 2, ""comment"": ""needs work""}, {""criterion"": ""performance"", ""points"": 1, ""comment"": ""missing""}]",Incomplete
fb_sgrvdhyzdevq,1050,3,2025-08-17 11:38:18,"[{""criterion"": ""tests"", ""points"": 5, ""comment"": ""excellent""}, {""criterion"": ""report"", ""points"": 0, ""comment"": ""missing""}, {""criterion"": ""correctness"", ""points"": 2, ""comment"": ""excellent""}, {""criterion"": ""style"", ""points"": 1, ""comment"": ""needs work""}, {""criterion"": ""performance"", ""points"": 5, ""comment"": ""good""}]",Consider edge cases
fb_yxzkoqiqscsw,348,6,2025-10-22 06:37:13,"[{""criterion"": ""performance"", ""points"": 5, ""comment"": ""ok""}, {""criterion"": ""tests"", ""points"": 1, ""comment"": ""needs work""}, {""criterion"": ""style"", ""points"": 3, ""comment"": ""excellent""}, {""criterion"": ""report"", ""points"": 2, ""comment"": ""ok""}]",Incomplete
fb_zccjzkczouoj,41,6,2025-03-02 06:03:06,"[{""criterion"": ""report"", ""points"": 5, ""comment"": ""excellent""}, {""criterion"": ""style"", ""points"": 4, ""comment"": ""needs work""}, {""criterion"": ""correctness"", ""points"": 2, ""comment"": ""ok""}, {""criterion"": ""performance"", ""points"": 0, ""comment"": ""missing""}]",Consider edge cases
fb_ulzossocledn,548,1,2025-05-08 18:24:51,"[{""criterion"": ""tests"", ""points"": 3, ""comment"": ""missing""}, {""criterion"": ""correctness"", ""points"": 5, ""comment"": ""missing""}, {""criterion"": ""report"", ""points"": 2, ""comment"": ""ok""}]",Incomplete
fb_qdqxvewljaoj,808,11,2025-07-27 03:11:30,"[{""criterion"": ""style"", ""points"": 1, ""comment"": ""good""}, {""criterion"": ""correctness"", ""points"": 4, ""comment"": ""good""}, {""criterion"": ""tests"", ""points"": 2, ""comment"": ""missing""}]",Incomplete
fb_vzmviwodtosx,897,1,2025-05-07 22:25:47,"[{""criterion"": ""style"", ""points"": 0, ""comment"": ""missing""}, {""criterion"": ""tests"", ""points"": 5, ""comment"": ""missing""}, {""criterion"": ""correctness"", ""points"": 0, ""comment"": ""needs work""}]",Incomplete
fb_ezrrmvliigub,1443,4,2025-08-18 18:55:08,"[{""criterion"": ""tests"", ""points"": 2, ""comment"": ""ok""}, {""criterion"": ""correctness"", ""points"": 5, ""comment"": ""good""}, {""criterion"": ""report"", ""points"": 5, ""comment"": ""excellent""}, {""criterion"": ""style"", ""points"": 0, ""comment"": ""needs work""}]",Incomplete
fb_ukfwhcldzybu,13,4,2025-04-13 02:09:44,"[{""criterion"": ""report"", ""points"": 1, ""comment"": ""needs work""}, {""criterion"": ""style"", ""points"": 5, ""comment"": ""good""}, {""criterion"": ""performance"", ""points"": 1, ""comment"": ""needs work""}]",Incomplete
fb_jhcartfbntmr,1394,3,2025-11-14 14:55:52,"[{""criterion"": ""style"", ""points"": 0, ""comment"": ""ok""}, {""criterion"": ""correctness"", ""points"": 0, ""comment"": ""ok""}, {""criterion"": ""report"", ""points"": 3, ""comment"": ""excellent""}, {""criterion"": ""performance"", ""points"": 3, ""comment"": ""good""}]",Incomplete
fb_mbdhafvrfwpc,1001,6,2025-02-03 14:26:08,"[{""criterion"": ""performance"", ""points"": 3, ""comment"": ""good""}, {""criterion"": ""correctness"", ""points"": 2, ""comment"": ""ok""}, {""criterion"": ""style"", ""points"": 2, ""comment"": ""missing""}]",Incomplete
fb_ceshzvlhdbyv,1528,10,2025-10-04 16:24:31,"[{""criterion"": ""performance"", ""points"": 4, ""comment"": ""missing""}, {""criterion"": ""correctness"", ""points"": 1, ""comment"": ""excellent""}, {""criterion"": ""tests"", ""points"": 4, ""comment"": ""ok""}, {""criterion"": ""report"", ""points"": 0, ""comment"": ""missing""}]",Please improve
fb_ufuqvqpxomik,388,9,2025-04-27 04:17:42,"[{""criterion"": ""report"", ""points"": 3, ""comment"": ""ok""}, {""criterion"": ""style"", ""points"": 0, ""comment"": ""missing""}]",Great solution
fb_bdoqdlwzciwo,1465,10,2025-10-03 14:28:04,"[{""criterion"": ""performance"", ""points"": 1, ""comment"": ""excellent""}, {""criterion"": ""tests"", ""points"": 3, ""comment"": ""missing""}, {""criterion"": ""report"", ""points"": 4, ""comment"": ""excellent""}, {""criterion"": ""correctness"", ""points"": 5, ""comment"": ""missing""}, {""criterion"": ""style"", ""points"": 5, ""comment"": ""excellent""}]",Incomplete
fb_tlkhtgrvduyi,69,5,2025-10-27 08:39:28,"[{""criterion"": ""tests"", ""points"": 5, ""comment"": ""excellent""}, {""criterion"": ""performance"", ""points"": 0, ""comment"": ""ok""}, {""criterion"": ""report"", ""points"": 4, ""comment"": ""good""}, {""criterion"": ""style"", ""points"": 5, ""comment"": ""missing""}, {""criterion"": ""correctness"", ""points"": 4, ""comment"": ""needs work""}]",Please improve
fb_kpzvjvxayqjw,770,14,2025-12-13 17:25:34,"[{""criterion"": ""style"", ""points"": 3, ""comment"": ""needs work""}, {""criterion"": ""tests"", ""points"": 1, ""comment"": ""excellent""}, {""criterion"": ""performance"", ""points"": 4, ""comment"": ""ok""}, {""criterion"": ""report"", ""points"": 2, ""comment"": ""missing""}]",Incomplete
fb_shpsazayckvf,49,4,2025-12-05 02:13:41,"[{""criterion"": ""report"", ""points"": 1, ""comment"": ""excellent""}, {""criterion"": ""correctness"", ""points"": 2, ""comment"": ""ok""}, {""criterion"": ""tests"", ""points"": 5, ""comment"": ""missing""}]",Incomplete
fb_qkqhiiybeplv,1171,10,2025-07-28 05:09:09,"[{""criterion"": ""style"", ""points"": 4, ""comment"": ""needs work""}, {""criterion"": ""correctness"", ""points"": 0, ""comment"": ""ok""}, {""criterion"": ""performance"", ""points"": 1, ""comment"": ""excellent""}]",Please improve
fb_rassqbshresm,293,13,2025-08-03 12:35:29,"[{""criterion"": ""tests"", ""points"": 2, ""comment"": ""ok""}, {""criterion"": ""report"", ""points"": 1, ""comment"": ""ok""}, {""criterion"": ""style"", ""points"": 3, ""comment"": ""good""}]",Consider edge cases
fb_enalawthrfpg,591,6,2025-01-17 19:09:00,"[{""criterion"": ""performance"", ""points"": 1, ""comment"": ""excellent""}, {""criterion"": ""style"", ""points"": 1, ""comment"": ""excellent""}]",Incomplete
fb_shamaedmsrmb,286,11,2025-06-29 02:36:54,"[{""criterion"": ""correctness"", ""points"": 0, ""comment"": ""needs work""}, {""criterion"": ""performance"", ""points"": 1, ""comment"": ""needs work""}, {""criterion"": ""style"", ""points"": 3, ""comment"": ""good""}, {""criterion"": ""report"", ""points"": 0, ""comment"": ""excellent""}]",Consider edge cases
fb_tfhlwflpatbm,1413,11,2025-01-30 06:30:16,"[{""criterion"": ""report"", ""points"": 3, ""comment"": ""needs work""}, {""criterion"": ""style"", ""points"": 1, ""comment"": ""good""}, {""criterion"": ""performance"", ""points"": 0, ""comment"": ""excellent""}]",Consider edge cases
fb_kqrcqncdtjqk,620,4,2025-11-09 12:52:19,"[{""criterion"": ""performance"", ""points"": 5, ""comment"": ""missing""}, {""criterion"": ""correctness"", ""points"": 2, ""comment"": ""missing""}]",Please improve
fb_fncqpyvzeumd,1508,4,2025-02-03 06:13:43,"[{""criterion"": ""report"", ""points"": 1, ""comment"": ""ok""}, {""criterion"": ""performance"", ""points"": 1, ""comment"": ""good""}, {""criterion"": ""correctness"", ""points"": 4, ""comment"": ""missing""}, {""criterion"": ""tests"", ""points"": 0, ""comment"": ""good""}]",Great solution
fb_agtkijvitbtc,1091,12,2025-01-25 12:19:54,"[{""criterion"": ""performance"", ""points"": 3, ""comment"": ""ok""}, {""criterion"": ""style"", ""points"": 0, ""comment"": ""good""}, {""criterion"": ""tests"", ""points"": 4, ""comment"": ""missing""}]",Great solution
fb_fjcynjqopneb,773,14,2025-12-12 22:29:32,"[{""criterion"": ""tests"", ""points"": 0, ""comment"": ""needs work""}, {""criterion"": ""report"", ""points"": 3, ""comment"": ""needs work""}, {""criterion"": ""performance"", ""points"": 2, ""comment"": ""good""}]",Please improve
fb_jhbwlwzpzmfk,1349,7,2025-10-24 18:09:46,"[{""criterion"": ""style"", ""points"": 1, ""comment"": ""good""}, {""criterion"": ""performance"", ""points"": 2, ""comment"": ""missing""}, {""criterion"": ""correctness"", ""points"": 2, ""comment"": ""ok""}, {""criterion"": ""tests"", ""points"": 4, ""comment"": ""excellent""}]",Great solution
fb_lyopetdrhteg,849,7,2025-12-14 08:31:00,"[{""criterion"": ""style"", ""points"": 5, ""comment"": ""excellent""}, {""criterion"": ""correctness"", ""points"": 4, ""comment"": ""ok""}]",Consider edge cases
fb_xfhpxzovjsit,1489,4,2025-01-28 00:29:18,"[{""criterion"": ""report"", ""points"": 4, ""comment"": ""needs work""}, {""criterion"": ""correctness"", ""points"": 5, ""comment"": ""needs work""}]",Incomplete
fb_qbgikedlszcl,476,3,2025-09-05 12:23:32,"[{""criterion"": ""report"", ""points"": 1, ""comment"": ""excellent""}, {""criterion"": ""style"", ""points"": 3, ""comment"": ""excellent""}, {""criterion"": ""tests"", ""points"": 2, ""comment"": ""ok""}, {""criterion"": ""performance"", ""points"": 0, ""comment"": ""needs work""}, {""criterion"": ""correctness"", ""points"": 0, ""comment"": ""missing""}]",Consider edge cases
fb_ndyuhwkjtsun,1450,4,2025-08-19 21:31:09,"[{""criterion"": ""report"", ""points"": 3, ""comment"": ""excellent""}, {""criterion"": ""tests"", ""points"": 4, ""comment"": ""excellent""}, {""criterion"": ""correctness"", ""points"": 0, ""comment"": ""missing""}, {""criterion"": ""performance"", ""points"": 2, ""comment"": ""needs work""}, {""criterion"": ""style"", ""points"": 0, ""comment"": ""needs work""}]",Great solution
fb_xidjwudrjsla,816,8,2025-03-09 21:21:08,"[{""criterion"": ""correctness"", ""points"": 1, ""comment"": ""needs work""}, {""criterion"": ""report"", ""points"": 4, ""comment"": ""excellent""}]",Nice work
fb_heihokgerbwh,1135,13,2025-06-17 14:05:16,"[{""criterion"": ""style"", ""points"": 0, ""comment"": ""good""}, {""criterion"": ""performance"", ""points"": 2, ""comment"": ""excellent""}, {""criterion"": ""tests"", ""points"": 4, ""comment"": ""missing""}]",Consider edge cases
fb_dtazbmyjegax,89,10,2025-07-05 01:12:23,"[{""criterion"": ""report"", ""points"": 5, ""comment"": ""ok""}, {""criterion"": ""correctness"", ""points"": 0, ""comment"": ""excellent""}]",Nice work
fb_cygzemwjvlib,1159,10,2025-01-17 17:53:56,"[{""criterion"": ""tests"", ""points"": 3, ""comment"": ""needs work""}, {""criterion"": ""style"", ""points"": 5, ""comment"": ""excellent""}, {""criterion"": ""correctness"", ""points"": 2, ""comment"": ""needs work""}, {""criterion"": ""performance"", ""points"": 2, ""comment"": ""ok""}]",Nice work
fb_negpsisdzecs,1195,3,2025-05-11 05:45:30,"[{""criterion"": ""performance"", ""points"": 3, ""comment"": ""excellent""}, {""criterion"": ""tests"", ""points"": 5, ""comment"": ""good""}, {""criterion"": ""style"", ""points"": 1, ""comment"": ""missing""}, {""criterion"": ""correctness"", ""points"": 5, ""comment"": ""excellent""}, {""criterion"": ""report"", ""points"": 4, ""comment"": ""good""}]",Nice work
fb_zceiwlvypulr,93,10,2025-07-03 11:45:09,"[{""criterion"": ""style"", ""points"": 4, ""comment"": ""ok""}, {""criterion"": ""performance"", ""points"": 2, ""comment"": ""excellent""}, {""criterion"": ""tests"", ""points"": 4, ""comment"": ""excellent""}, {""criterion"": ""report"", ""points"": 4, ""comment"": ""missing""}, {""criterion"": ""correctness"", ""points"": 1, ""comment"": ""needs work""}]",Consider edge cases
fb_odzmybptnbnw,949,7,2025-06-06 18:29:15,"[{""criterion"": ""report"", ""points"": 1, ""comment"": ""ok""}, {""criterion"": ""style"", ""points"": 0, ""comment"": ""ok""}, {""criterion"": ""tests"", ""points"": 5, ""comment"": ""good""}, {""criterion"": ""correctness"", ""points"": 0, ""comment"": ""excellent""}]",Nice work
fb_nfwqjihpnhch,1417,11,2025-01-31 19:27:04,"[{""criterion"": ""performance"", ""points"": 0, ""comment"": ""excellent""}, {""criterion"": ""report"", ""points"": 3, ""comment"": ""missing""}, {""criterion"": ""style"", ""points"": 1, ""comment"": ""ok""}, {""criterion"": ""tests"", ""points"": 0, ""comment"": ""ok""}]",Nice work
fb_gvnxnaormneg,436,3,2025-11-26 11:14:48,"[{""criterion"": ""tests"", ""points"": 2, ""comment"": ""excellent""}, {""criterion"": ""report"", ""points"": 3, ""comment"": ""excellent""}, {""criterion"": ""correctness"", ""points"": 2, ""comment"": ""missing""}]",Incomplete
fb_gzaoiyytxryv,815,8,2025-03-12 15:25:53,"[{""criterion"": ""correctness"", ""points"": 0, ""comment"": ""missing""}, {""criterion"": ""style"", ""points"": 2, ""comment"": ""ok""}, {""criterion"": ""report"", ""points"": 1, ""comment"": ""excellent""}, {""criterion"": ""performance"", ""points"": 5, ""comment"": ""good""}]",Incomplete
fb_qtflippuudwc,102,10,2025-07-09 09:46:43,"[{""criterion"": ""tests"", ""points"": 3, ""comment"": ""ok""}, {""criterion"": ""style"", ""points"": 5, ""comment"": ""good""}, {""criterion"": ""report"", ""points"": 3, ""comment"": ""good""}]",Nice work
fb_amhidmkthjpb,1562,6,2025-05-19 18:07:22,"[{""criterion"": ""style"", ""points"": 0, ""comment"": ""needs work""}, {""criterion"": ""performance"", ""points"": 5, ""comment"": ""ok""}]",Nice work
fb_edoomvpcbpdt,64,5,2025-10-26 07:44:47,"[{""criterion"": ""report"", ""points"": 1, ""comment"": ""excellent""}, {""criterion"": ""performance"", ""points"": 2, ""comment"": ""excellent""}, {""criterion"": ""tests"", ""points"": 4, ""comment"": ""excellent""}]",Please improve
fb_bdxbickwteyf,852,7,2025-12-15 02:54:32,"[{""criterion"": ""tests"", ""points"": 4, ""comment"": ""excellent""}, {""criterion"": ""correctness"", ""points"": 0, ""comment"": ""excellent""}, {""criterion"": ""style"", ""points"": 3, ""comment"": ""ok""}, {""criterion"": ""performance"", ""points"": 3, ""comment"": ""excellent""}]",Nice work
fb_gjgvfsicaotp,52,4,2025-12-07 02:43:33,"[{""criterion"": ""style"", ""points"": 5, ""comment"": ""missing""}, {""criterion"": ""tests"", ""points"": 1, ""comment"": ""needs work""}, {""criterion"": ""performance"", ""points"": 2, ""comment"": ""needs work""}]",Incomplete
fb_dkodweknqnos,462,10,2025-11-30 11:47:54,"[{""criterion"": ""performance"", ""points"": 5, ""comment"": ""good""}, {""criterion"": ""tests"", ""points"": 2, ""comment"": ""ok""}, {""criterion"": ""correctness"", ""points"": 2, ""comment"": ""excellent""}, {""criterion"": ""report"", ""points"": 3, ""comment"": ""missing""}]",Please improve
fb_heyksyokzxed,153,11,2025-07-25 04:44:59,"[{""criterion"": ""report"", ""points"": 4, ""comment"": ""excellent""}, {""criterion"": ""style"", ""points"": 2, ""comment"": ""excellent""}]",Please improve
fb_slursguqduyd,14,4,2025-04-13 20:28:45,"[{""criterion"": ""performance"", ""points"": 5, ""comment"": ""needs work""}, {""criterion"": ""tests"", ""points"": 3, ""comment"": ""good""}, {""criterion"": ""style"", ""points"": 2, ""comment"": ""needs work""}]",Nice work
fb_kbykfwtzbwxd,1474,10,2025-10-04 16:14:40,"[{""criterion"": ""correctness"", ""points"": 5, ""comment"": ""ok""}, {""criterion"": ""report"", ""points"": 3, ""comment"": ""missing""}]",Nice work
fb_mmhocgbmtapd,1244,10,2025-08-07 14:27:06,"[{""criterion"": ""report"", ""points"": 5, ""comment"": ""good""}, {""criterion"": ""performance"", ""points"": 3, ""comment"": ""good""}, {""criterion"": ""correctness"", ""points"": 5, ""comment"": ""good""}, {""criterion"": ""style"", ""points"": 5, ""comment"": ""excellent""}]",Please improve
fb_cpjsqlfuakmt,175,14,2025-10-01 22:47:28,"[{""criterion"": ""correctness"", ""points"": 2, ""comment"": ""missing""}, {""criterion"": ""performance"", ""points"": 3, ""comment"": ""excellent""}]",Please improve
fb_ajxyhggodtis,251,9,2025-07-29 20:27:14,"[{""criterion"": ""performance"", ""points"": 3, ""comment"": ""ok""}, {""criterion"": ""report"", ""points"": 1, ""comment"": ""missing""}, {""criterion"": ""correctness"", ""points"": 4, ""comment"": ""excellent""}, {""criterion"": ""tests"", ""points"": 3, ""comment"": ""needs work""}]",Great solution
fb_ripctvvbusmz,360,3,2025-10-29 00:16:53,"[{""criterion"": ""performance"", ""points"": 0, ""comment"": ""good""}, {""criterion"": ""correctness"", ""points"": 5, ""comment"": ""good""}]",Great solution
fb_gslqocqezjds,1496,4,2025-02-06 15:45:36,"[{""criterion"": ""tests"", ""points"": 1, ""comment"": ""excellent""}, {""criterion"": ""performance"", ""points"": 2, ""comment"": ""missing""}]",Great solution
fb_ttdfuemzbvoe,82,10,2025-07-02 18:03:50,"[{""criterion"": ""tests"", ""points"": 4, ""comment"": ""good""}, {""criterion"": ""style"", ""points"": 2, ""comment"": ""missing""}, {""criterion"": ""performance"", ""points"": 0, ""comment"": ""excellent""}]",Great solution
fb_hsgdbxyhgpse,526,10,2025-03-01 05:54:15,"[{""criterion"": ""performance"", ""points"": 3, ""comment"": ""missing""}, {""criterion"": ""tests"", ""points"": 3, ""comment"": ""ok""}, {""criterion"": ""report"", ""points"": 1, ""comment"": ""good""}, {""criterion"": ""style"", ""points"": 2, ""comment"": ""excellent""}]",Incomplete
fb_gozjwtejbwnr,893,1,2025-05-06 22:40:46,"[{""criterion"": ""style"", ""points"": 4, ""comment"": ""excellent""}, {""criterion"": ""report"", ""points"": 2, ""comment"": ""excellent""}, {""criterion"": ""tests"", ""points"": 4, ""comment"": ""needs work""}]",Please improve
fb_dwxjedrweoso,945,7,2025-06-10 19:41:18,"[{""criterion"": ""report"", ""points"": 3, ""comment"": ""missing""}, {""criterion"": ""correctness"", ""points"": 0, ""comment"": ""needs work""}]",Incomplete
fb_gjjtsapfdqhm,1198,3,2025-05-09 11:15:09,"[{""criterion"": ""tests"", ""points"": 4, ""comment"": ""good""}, {""criterion"": ""style"", ""points"": 1, ""comment"": ""good""}]",Consider edge cases
fb_bmussheisyum,152,11,2025-07-19 18:52:28,"[{""criterion"": ""tests"", ""points"": 2, ""comment"": ""ok""}, {""criterion"": ""performance"", ""points"": 4, ""comment"": ""missing""}, {""criterion"": ""style"", ""points"": 5, ""comment"": ""missing""}]",Please improve
fb_kpnvbylvjklt,810,8,2025-03-13 13:09:34,"[{""criterion"": ""tests"", ""points"": 5, ""comment"": ""needs work""}, {""criterion"": ""style"", ""points"": 0, ""comment"": ""excellent""}, {""criterion"": ""correctness"", ""points"": 4, ""comment"": ""ok""}]",Great solution
fb_fdwyklgwjgse,670,6,2025-08-30 08:43:45,"[{""criterion"": ""performance"", ""points"": 0, ""comment"": ""missing""}, {""criterion"": ""tests"", ""points"": 1, ""comment"": ""missing""}, {""criterion"": ""style"", ""points"": 0, ""comment"": ""good""}]",Incomplete
fb_mwnmxnagwvok,1332,7,2025-10-29 18:02:50,"[{""criterion"": ""report"", ""points"": 1, ""comment"": ""needs work""}, {""criterion"": ""tests"", ""points"": 2, ""comment"": ""excellent""}]",Great solution
fb_hwbecwddgvcs,1058,3,2025-08-24 05:05:58,"[{""criterion"": ""style"", ""points"": 2, ""comment"": ""missing""}, {""criterion"": ""performance"", ""points"": 3, ""comment"": ""ok""}, {""criterion"": ""report"", ""points"": 4, ""comment"": ""missing""}, {""criterion"": ""tests"", ""points"": 0, ""comment"": ""good""}]",Nice work
fb_cdknsftzsmbc,143,11,2025-07-22 11:33:16,"[{""criterion"": ""report"", ""points"": 1, ""comment"": ""good""}, {""criterion"": ""performance"", ""points"": 4, ""comment"": ""ok""}]",Please improve
fb_yqupolczyvvn,362,3,2025-10-28 21:17:29,"[{""criterion"": ""performance"", ""points"": 3, ""comment"": ""missing""}, {""criterion"": ""correctness"", ""points"": 1, ""comment"": ""ok""}]",Nice work
fb_tzmoglwazqrk,820,8,2025-03-09 22:18:38,"[{""criterion"": ""style"", ""points"": 2, ""comment"": ""needs work""}, {""criterion"": ""performance"", ""points"": 4, ""comment"": ""good""}, {""criterion"": ""tests"", ""points"": 2, ""comment"": ""good""}]",Great solution
fb_nmsnerfkmqev,1396,3,2025-11-07 18:27:44,"[{""criterion"": ""report"", ""points"": 1, ""comment"": ""good""}, {""criterion"": ""tests"", ""points"": 5, ""comment"": ""excellent""}, {""criterion"": ""style"", ""points"": 0, ""comment"": ""good""}, {""criterion"": ""performance"", ""points"": 0, ""comment"": ""good""}]",Great solution
fb_hoynmsyofbrt,205,1,2025-02-21 10:46:00,"[{""criterion"": ""correctness"", ""points"": 0, ""comment"": ""good""}, {""criterion"": ""performance"", ""points"": 3, ""comment"": ""needs work""}]",Please improve
fb_ybaxoxlucngm,628,4,2025-11-01 05:22:36,"[{""criterion"": ""performance"", ""points"": 4, ""comment"": ""good""}, {""criterion"": ""report"", ""points"": 1, ""comment"": ""good""}, {""criterion"": ""style"", ""points"": 5, ""comment"": ""needs work""}, {""criterion"": ""correctness"", ""points"": 1, ""comment"": ""needs work""}, {""criterion"": ""tests"", ""points"": 1, ""comment"": ""good""}]",Consider edge cases
fb_eawxrestrffd,1363,4,2025-03-20 08:08:49,"[{""criterion"": ""performance"", ""points"": 3, ""comment"": ""missing""}, {""criterion"": ""tests"", ""points"": 4, ""comment"": ""ok""}, {""criterion"": ""style"", ""points"": 0, ""comment"": ""missing""}, {""criterion"": ""correctness"", ""points"": 2, ""comment"": ""ok""}]",Nice work
fb_sxkusbpzzksc,1276,3,2025-09-16 22:12:16,"[{""criterion"": ""performance"", ""points"": 3, ""comment"": ""needs work""}, {""criterion"": ""tests"", ""points"": 2, ""comment"": ""excellent""}, {""criterion"": ""style"", ""points"": 3, ""comment"": ""needs work""}, {""criterion"": ""correctness"", ""points"": 3, ""comment"": ""excellent""}, {""criterion"": ""report"", ""points"": 4, ""comment"": ""good""}]",Incomplete
fb_ioeevqyvahup,1257,4,2025-02-06 12:26:10,"[{""criterion"": ""style"", ""points"": 2, ""comment"": ""missing""}, {""criterion"": ""performance"", ""points"": 0, ""comment"": ""missing""}, {""criterion"": ""correctness"", ""points"": 0, ""comment"": ""good""}, {""criterion"": ""report"", ""points"": 0, ""comment"": ""good""}, {""criterion"": ""tests"", ""points"": 1, ""comment"": ""missing""}]",Great solution
fb_wyoqsvvkvjqc,879,1,2025-05-03 09:03:05,"[{""criterion"": ""performance"", ""points"": 5, ""comment"": ""missing""}, {""criterion"": ""tests"", ""points"": 1, ""comment"": ""needs work""}, {""criterion"": ""style"", ""points"": 4, ""comment"": ""ok""}]",Please improve
fb_dbbqqszrudxe,796,11,2025-07-18 23:15:25,"[{""criterion"": ""tests"", ""points"": 0, ""comment"": ""missing""}, {""criterion"": ""report"", ""points"": 5, ""comment"": ""good""}, {""criterion"": ""style"", ""points"": 0, ""comment"": ""excellent""}, {""criterion"": ""performance"", ""points"": 5, ""comment"": ""ok""}, {""criterion"": ""correctness"", ""points"": 2, ""comment"": ""ok""}]",Incomplete
fb_phwobfmpselk,1369,4,2025-03-18 17:16:03,"[{""criterion"": ""style"", ""points"": 5, ""comment"": ""missing""}, {""criterion"": ""tests"", ""points"": 3, ""comment"": ""good""}, {""criterion"": ""report"", ""points"": 2, ""comment"": ""good""}]",Nice work
fb_qxvkmudrvcyx,819,8,2025-03-12 13:49:16,"[{""criterion"": ""tests"", ""points"": 4, ""comment"": ""needs work""}, {""criterion"": ""correctness"", ""points"": 1, ""comment"": ""missing""}]",Great solution
fb_riqdayaudvyi,619,4,2025-11-16 11:21:09,"[{""criterion"": ""correctness"", ""points"": 0, ""comment"": ""good""}, {""criterion"": ""report"", ""points"": 4, ""comment"": ""good""}, {""criterion"": ""performance"", ""points"": 5, ""comment"": ""needs work""}, {""criterion"": ""tests"", ""points"": 1, ""comment"": ""needs work""}, {""criterion"": ""style"", ""points"": 5, ""comment"": ""missing""}]",Consider edge cases
fb_dhwwdrjlzgvr,1201,3,2025-05-04 12:11:34,"[{""criterion"": ""performance"", ""points"": 5, ""comment"": ""excellent""}, {""criterion"": ""correctness"", ""points"": 4, ""comment"": ""ok""}]",Please improve
fb_vojrcbbollwt,61,4,2025-12-09 07:31:59,"[{""criterion"": ""report"", ""points"": 4, ""comment"": ""good""}, {""criterion"": ""tests"", ""points"": 0, ""comment"": ""missing""}]",Great solution
fb_wyysrptucmco,1284,3,2025-09-15 05:17:31,"[{""criterion"": ""correctness"", ""points"": 0, ""comment"": ""good""}, {""criterion"": ""tests"", ""points"": 4, ""comment"": ""excellent""}, {""criterion"": ""style"", ""points"": 3, ""comment"": ""needs work""}]",Incomplete
fb_daxkcoipzrpl,201,1,2025-02-23 22:00:01,"[{""criterion"": ""correctness"", ""points"": 3, ""comment"": ""ok""}, {""criterion"": ""performance"", ""points"": 1, ""comment"": ""missing""}]",Great solution
fb_nesqlhnygbvg,44,6,2025-03-05 19:49:28,"[{""criterion"": ""correctness"", ""points"": 5, ""comment"": ""good""}, {""criterion"": ""performance"", ""points"": 3, ""comment"": ""needs work""}, {""criterion"": ""tests"", ""points"": 4, ""comment"": ""excellent""}]",Incomplete
fb_ngavdtpsqmsv,1207,3,2025-04-30 06:12:45,"[{""criterion"": ""tests"", ""points"": 0, ""comment"": ""needs work""}, {""criterion"": ""performance"", ""points"": 2, ""comment"": ""good""}, {""criterion"": ""style"", ""points"": 0, ""comment"": ""good""}]",Please improve
fb_njzbijnmuclv,1226,10,2025-08-06 04:32:49,"[{""criterion"": ""report"", ""points"": 3, ""comment"": ""excellent""}, {""criterion"": ""tests"", ""points"": 0, ""comment"": ""missing""}]",Consider edge cases
fb_msoudqilimrn,490,3,2025-09-11 22:47:34,"[{""criterion"": ""style"", ""points"": 5, ""comment"": ""ok""}, {""criterion"": ""report"", ""points"": 3, ""comment"": ""excellent""}, {""criterion"": ""correctness"", ""points"": 4, ""comment"": ""excellent""}, {""criterion"": ""tests"", ""points"": 5, ""comment"": ""excellent""}]",Nice work
fb_twprgydhnrzb,1388,3,2025-11-03 05:21:05,"[{""criterion"": ""report"", ""points"": 4, ""comment"": ""ok""}, {""criterion"": ""style"", ""points"": 5, ""comment"": ""good""}, {""criterion"": ""performance"", ""points"": 5, ""comment"": ""excellent""}, {""criterion"": ""tests"", ""points"": 1, ""comment"": ""needs work""}]",Consider edge cases
fb_nrfsaivxsboh,478,3,2025-09-12 02:50:23,"[{""criterion"": ""performance"", ""points"": 4, ""comment"": ""good""}, {""criterion"": ""tests"", ""points"": 5, ""comment"": ""needs work""}, {""criterion"": ""correctness"", ""points"": 5, ""comment"": ""missing""}]",Consider edge cases
fb_xfycbndcwufr,199,1,2025-03-05 04:01:05,"[{""criterion"": ""performance"", ""points"": 2, ""comment"": ""missing""}, {""criterion"": ""tests"", ""points"": 0, ""comment"": ""ok""}, {""criterion"": ""correctness"", ""points"": 0, ""comment"": ""missing""}]",Consider edge cases
fb_vkvyugijjhwq,1057,3,2025-08-23 04:44:05,"[{""criterion"": ""correctness"", ""points"": 1, ""comment"": ""excellent""}, {""criterion"": ""tests"", ""points"": 2, ""comment"": ""excellent""}, {""criterion"": ""report"", ""points"": 4, ""comment"": ""good""}, {""criterion"": ""style"", ""points"": 5, ""comment"": ""needs work""}, {""criterion"": ""performance"", ""points"": 0, ""comment"": ""ok""}]",Consider edge cases
fb_fncwjtczzfcg,1372,4,2025-03-23 07:42:47,"[{""criterion"": ""report"", ""points"": 3, ""comment"": ""good""}, {""criterion"": ""tests"", ""points"": 1, ""comment"": ""good""}]",Incomplete
fb_pigkgsvnwtpn,344,6,2025-10-20 14:52:55,"[{""criterion"": ""correctness"", ""points"": 5, ""comment"": ""missing""}, {""criterion"": ""tests"", ""points"": 5, ""comment"": ""missing""}, {""criterion"": ""report"", ""points"": 2, ""comment"": ""missing""}]",Consider edge cases
fb_apntlmtmtiaz,145,11,2025-07-22 23:08:37,"[{""criterion"": ""tests"", ""points"": 5, ""comment"": ""excellent""}, {""criterion"": ""performance"", ""points"": 4, ""comment"": ""ok""}, {""criterion"": ""report"", ""points"": 1, ""comment"": ""ok""}, {""criterion"": ""correctness"", ""points"": 4, ""comment"": ""missing""}, {""criterion"": ""style"", ""points"": 5, ""comment"": ""good""}]",Nice work
fb_fcbuwjxpmapj,998,6,2025-02-04 11:53:29,"[{""criterion"": ""style"", ""points"": 0, ""comment"": ""needs work""}, {""criterion"": ""report"", ""points"": 5, ""comment"": ""missing""}, {""criterion"": ""performance"", ""points"": 3, ""comment"": ""missing""}, {""criterion"": ""tests"", ""points"": 1, ""comment"": ""excellent""}]",Incomplete
fb_glynibdyrccd,1335,7,2025-10-18 07:32:20,"[{""criterion"": ""style"", ""points"": 3, ""comment"": ""good""}, {""criterion"": ""tests"", ""points"": 3, ""comment"": ""good""}, {""criterion"": ""report"", ""points"": 2, ""comment"": ""missing""}, {""criterion"": ""correctness"", ""points"": 0, ""comment"": ""good""}, {""criterion"": ""performance"", ""points"": 2, ""comment"": ""good""}]",Please improve
fb_xsmbphgnjlps,561,1,2025-05-10 12:31:13,"[{""criterion"": ""style"", ""points"": 3, ""comment"": ""missing""}, {""criterion"": ""correctness"", ""points"": 1, ""comment"": ""missing""}]",Nice work
fb_autkkcbjeynd,459,10,2025-12-09 04:18:47,"[{""criterion"": ""tests"", ""points"": 1, ""comment"": ""ok""}, {""criterion"": ""style"", ""points"": 0, ""comment"": ""excellent""}, {""criterion"": ""report"", ""points"": 1, ""comment"": ""needs work""}]",Great solution
fb_ghfettuglyct,25,6,2025-03-02 16:07:01,"[{""criterion"": ""style"", ""points"": 3, ""comment"": ""good""}, {""criterion"": ""report"", ""points"": 2, ""comment"": ""needs work""}, {""criterion"": ""performance"", ""points"": 4, ""comment"": ""missing""}, {""criterion"": ""correctness"", ""points"": 4, ""comment"": ""good""}, {""criterion"": ""tests"", ""points"": 1, ""comment"": ""good""}]",Please improve
fb_kvbghogxkkkw,703,1,2025-11-07 00:45:32,"[{""criterion"": ""performance"", ""points"": 1, ""comment"": ""good""}, {""criterion"": ""correctness"", ""points"": 4, ""comment"": ""ok""}, {""criterion"": ""tests"", ""points"": 3, ""comment"": ""good""}]",Consider edge cases
fb_rjqxmxgutwrg,522,10,2025-03-05 22:10:30,"[{""criterion"": ""style"", ""points"": 0, ""comment"": ""missing""}, {""criterion"": ""tests"", ""points"": 0, ""comment"": ""good""}, {""criterion"": ""performance"", ""points"": 2, ""comment"": ""needs work""}]",Please improve
fb_sihwtspcljzl,390,9,2025-05-10 23:40:20,"[{""criterion"": ""style"", ""points"": 4, ""comment"": ""excellent""}, {""criterion"": ""correctness"", ""points"": 2, ""comment"": ""missing""}, {""criterion"": ""tests"", ""points"": 0, ""comment"": ""needs work""}]",Consider edge cases
fb_iafvlpzdhyxb,1123,9,2025-08-25 19:09:03,"[{""criterion"": ""report"", ""points"": 2, ""comment"": ""excellent""}, {""criterion"": ""style"", ""points"": 0, ""comment"": ""ok""}]",Consider edge cases
fb_oyieqinriixk,19,4,2025-04-10 21:49:03,"[{""criterion"": ""correctness"", ""points"": 4, ""comment"": ""needs work""}, {""criterion"": ""performance"", ""points"": 2, ""comment"": ""ok""}]",Great solution
fb_gdakagmngukp,101,10,2025-07-08 03:10:15,"[{""criterion"": ""style"", ""points"": 5, ""comment"": ""good""}, {""criterion"": ""report"", ""points"": 5, ""comment"": ""good""}, {""criterion"": ""performance"", ""points"": 5, ""comment"": ""ok""}, {""criterion"": ""correctness"", ""points"": 3, ""comment"": ""excellent""}]",Incomplete
fb_hpxezkahfyvt,165,14,2025-10-02 23:13:24,"[{""criterion"": ""correctness"", ""points"": 0, ""comment"": ""excellent""}, {""criterion"": ""performance"", ""points"": 1, ""comment"": ""good""}]",Nice work
fb_mbpizscrioxo,718,1,2025-10-30 13:29:01,"[{""criterion"": ""correctness"", ""points"": 5, ""comment"": ""excellent""}, {""criterion"": ""style"", ""points"": 5, ""comment"": ""excellent""}, {""criterion"": ""report"", ""points"": 4, ""comment"": ""good""}, {""criterion"": ""tests"", ""points"": 2, ""comment"": ""good""}, {""criterion"": ""performance"", ""points"": 0, ""comment"": ""excellent""}]",Nice work
fb_llngmzrtvoma,1116,9,2025-08-26 05:22:22,"[{""criterion"": ""correctness"", ""points"": 5, ""comment"": ""needs work""}, {""criterion"": ""tests"", ""points"": 0, ""comment"": ""missing""}]",Nice work
fb_lslwxgtifwfa,1546,6,2025-05-14 23:47:34,"[{""criterion"": ""tests"", ""points"": 4, ""comment"": ""needs work""}, {""criterion"": ""report"", ""points"": 4, ""comment"": ""missing""}, {""criterion"": ""style"", ""points"": 3, ""comment"": ""ok""}, {""criterion"": ""performance"", ""points"": 5, ""comment"": ""good""}, {""criterion"": ""correctness"", ""points"": 5, ""comment"": ""ok""}]",Consider edge cases
fb_mjviydgcskom,936,4,2025-05-14 21:13:04,"[{""criterion"": ""report"", ""points"": 1, ""comment"": ""good""}, {""criterion"": ""correctness"", ""points"": 1, ""comment"": ""ok""}, {""criterion"": ""tests"", ""points"": 0, ""comment"": ""excellent""}]",Incomplete
fb_cwqywsqicmth,92,10,2025-06-29 01:07:49,"[{""criterion"": ""style"", ""points"": 3, ""comment"": ""needs work""}, {""criterion"": ""report"", ""points"": 0, ""comment"": ""missing""}, {""criterion"": ""correctness"", ""points"": 1, ""comment"": ""ok""}, {""criterion"": ""performance"", ""points"": 5, ""comment"": ""needs work""}, {""criterion"": ""tests"", ""points"": 4, ""comment"": ""excellent""}]",Consider edge cases
fb_qfwhtmibshox,1355,7,2025-10-23 17:08:08,"[{""criterion"": ""correctness"", ""points"": 2, ""comment"": ""missing""}, {""criterion"": ""style"", ""points"": 1, ""comment"": ""excellent""}, {""criterion"": ""report"", ""points"": 5, ""comment"": ""excellent""}]",Incomplete
fb_pskaernunnsd,1175,10,2025-08-05 16:27:29,"[{""criterion"": ""style"", ""points"": 5, ""comment"": ""needs work""}, {""criterion"": ""correctness"", ""points"": 3, ""comment"": ""good""}, {""criterion"": ""performance"", ""points"": 0, ""comment"": ""ok""}, {""criterion"": ""tests"", ""points"": 0, ""comment"": ""needs work""}]",Nice work
fb_sbjnwhtfskbk,1382,3,2025-11-12 10:31:13,"[{""criterion"": ""performance"", ""points"": 1, ""comment"": ""ok""}, {""criterion"": ""tests"", ""points"": 0, ""comment"": ""missing""}]",Incomplete
fb_adalacciyucs,983,11,2025-05-05 15:20:58,"[{""criterion"": ""report"", ""points"": 0, ""comment"": ""excellent""}, {""criterion"": ""tests"", ""points"": 1, ""comment"": ""excellent""}, {""criterion"": ""correctness"", ""points"": 3, ""comment"": ""good""}]",Consider edge cases
fb_xhfcyoajdvse,598,4,2025-10-01 18:52:05,"[{""criterion"": ""style"", ""points"": 1, ""comment"": ""missing""}, {""criterion"": ""report"", ""points"": 0, ""comment"": ""ok""}, {""criterion"": ""correctness"", ""points"": 4, ""comment"": ""ok""}, {""criterion"": ""performance"", ""points"": 4, ""comment"": ""needs work""}, {""criterion"": ""tests"", ""points"": 5, ""comment"": ""missing""}]",Great solution
fb_wprgdpetaaqq,234,4,2025-03-12 02:14:48,"[{""criterion"": ""report"", ""points"": 4, ""comment"": ""good""}, {""criterion"": ""tests"", ""points"": 3, ""comment"": ""good""}, {""criterion"": ""performance"", ""points"": 0, ""comment"": ""needs work""}]",Great solution
fb_ivkmsxofdipz,567,6,2025-01-19 21:15:21,"[{""criterion"": ""performance"", ""points"": 0, ""comment"": ""ok""}, {""criterion"": ""tests"", ""points"": 3, ""comment"": ""missing""}, {""criterion"": ""correctness"", ""points"": 1, ""comment"": ""ok""}, {""criterion"": ""report"", ""points"": 0, ""comment"": ""excellent""}, {""criterion"": ""style"", ""points"": 2, ""comment"": ""excellent""}]",Nice work
fb_bqplfzqhzghc,1262,4,2025-02-08 17:48:55,"[{""criterion"": ""performance"", ""points"": 2, ""comment"": ""excellent""}, {""criterion"": ""correctness"", ""points"": 5, ""comment"": ""missing""}, {""criterion"": ""style"", ""points"": 4, ""comment"": ""excellent""}, {""criterion"": ""report"", ""points"": 0, ""comment"": ""good""}, {""criterion"": ""tests"", ""points"": 3, ""comment"": ""ok""}]",Incomplete
fb_ceoepnmqvqvu,313,3,2025-11-27 22:24:40,"[{""criterion"": ""correctness"", ""points"": 1, ""comment"": ""ok""}, {""criterion"": ""report"", ""points"": 1, ""comment"": ""needs work""}, {""criterion"": ""tests"", ""points"": 2, ""comment"": ""needs work""}, {""criterion"": ""style"", ""points"": 3, ""comment"": ""ok""}]",Incomplete
fb_naivuwwndnra,648,1,2025-11-27 08:19:45,"[{""criterion"": ""style"", ""points"": 2, ""comment"": ""excellent""}, {""criterion"": ""tests"", ""points"": 3, ""comment"": ""excellent""}, {""criterion"": ""correctness"", ""points"": 1, ""comment"": ""ok""}, {""criterion"": ""performance"", ""points"": 0, ""comment"": ""good""}, {""criterion"": ""report"", ""points"": 3, ""comment"": ""needs work""}]",Consider edge cases
fb_eoanlnederrj,1007,6,2025-02-10 00:42:13,"[{""criterion"": ""tests"", ""points"": 5, ""comment"": ""good""}, {""criterion"": ""style"", ""points"": 2, ""comment"": ""excellent""}, {""criterion"": ""correctness"", ""points"": 5, ""comment"": ""excellent""}, {""criterion"": ""report"", ""points"": 1, ""comment"": ""needs work""}]",Nice work
fb_wphbvtjyxqcz,502,4,2025-07-07 17:33:42,"[{""criterion"": ""report"", ""points"": 0, ""comment"": ""missing""}, {""criterion"": ""performance"", ""points"": 4, ""comment"": ""missing""}, {""criterion"": ""tests"", ""points"": 3, ""comment"": ""ok""}, {""criterion"": ""style"", ""points"": 1, ""comment"": ""needs work""}, {""criterion"": ""correctness"", ""points"": 0, ""comment"": ""missing""}]",Consider edge cases
fb_ilkhreenhlkp,968,7,2025-06-12 17:45:17,"[{""criterion"": ""performance"", ""points"": 5, ""comment"": ""excellent""}, {""criterion"": ""report"", ""points"": 0, ""comment"": ""missing""}]",Great solution
fb_ubverewckkph,24,6,2025-03-03 00:26:54,"[{""criterion"": ""performance"", ""points"": 0, ""comment"": ""needs work""}, {""criterion"": ""tests"", ""points"": 2, ""comment"": ""ok""}, {""criterion"": ""correctness"", ""points"": 5, ""comment"": ""excellent""}, {""criterion"": ""report"", ""points"": 2, ""comment"": ""good""}]",Nice work
fb_sfzsfbffzxwq,1418,11,2025-02-10 04:06:08,"[{""criterion"": ""correctness"", ""points"": 4, ""comment"": ""needs work""}, {""criterion"": ""style"", ""points"": 1, ""comment"": ""missing""}, {""criterion"": ""tests"", ""points"": 3, ""comment"": ""excellent""}]",Great solution
fb_feiopduqxukr,687,6,2025-09-03 09:12:30,"[{""criterion"": ""report"", ""points"": 1, ""comment"": ""good""}, {""criterion"": ""correctness"", ""points"": 1, ""comment"": ""excellent""}, {""criterion"": ""tests"", ""points"": 1, ""comment"": ""excellent""}, {""criterion"": ""style"", ""points"": 0, ""comment"": ""needs work""}, {""criterion"": ""performance"", ""points"": 1, ""comment"": ""needs work""}]",Consider edge cases
fb_hdvpttmtdoms,524,10,2025-03-07 04:44:44,"[{""criterion"": ""style"", ""points"": 4, ""comment"": ""missing""}, {""criterion"": ""tests"", ""points"": 3, ""comment"": ""ok""}, {""criterion"": ""correctness"", ""points"": 2, ""comment"": ""excellent""}, {""criterion"": ""report"", ""points"": 5, ""comment"": ""excellent""}]",Please improve
fb_cxsiqybyjsyt,56,4,2025-12-12 12:02:36,"[{""criterion"": ""tests"", ""points"": 1, ""comment"": ""missing""}, {""criterion"": ""performance"", ""points"": 2, ""comment"": ""needs work""}]",Nice work
fb_rbncbvgugubt,347,6,2025-10-15 15:27:25,"[{""criterion"": ""correctness"", ""points"": 2, ""comment"": ""good""}, {""criterion"": ""report"", ""points"": 3, ""comment"": ""good""}, {""criterion"": ""style"", ""points"": 0, ""comment"": ""ok""}, {""criterion"": ""performance"", ""points"": 3, ""comment"": ""needs work""}]",Consider edge cases
fb_yorxzvhqkwln,310,13,2025-08-05 02:31:19,"[{""criterion"": ""style"", ""points"": 3, ""comment"": ""excellent""}, {""criterion"": ""performance"", ""points"": 5, ""comment"": ""missing""}, {""criterion"": ""correctness"", ""points"": 1, ""comment"": ""needs work""}, {""criterion"": ""report"", ""points"": 5, ""comment"": ""needs work""}]",Please improve
fb_kgjogpnhbexv,296,13,2025-08-06 02:47:00,"[{""criterion"": ""tests"", ""points"": 2, ""comment"": ""needs work""}, {""criterion"": ""correctness"", ""points"": 2, ""comment"": ""missing""}, {""criterion"": ""performance"", ""points"": 3, ""comment"": ""needs work""}]",Incomplete
fb_ziydadqhyxge,787,11,2025-07-26 18:45:15,"[{""criterion"": ""style"", ""points"": 0, ""comment"": ""ok""}, {""criterion"": ""report"", ""points"": 1, ""comment"": ""ok""}, {""criterion"": ""tests"", ""points"": 1, ""comment"": ""missing""}]",Great solution
fb_iklzdodezztp,661,4,2025-02-25 07:24:49,"[{""criterion"": ""correctness"", ""points"": 1, ""comment"": ""needs work""}, {""criterion"": ""report"", ""points"": 3, ""comment"": ""missing""}, {""criterion"": ""performance"", ""points"": 4, ""comment"": ""good""}, {""criterion"": ""tests"", ""points"": 0, ""comment"": ""needs work""}]",Nice work
fb_opotlmpexcex,907,10,2025-07-27 16:11:35,"[{""criterion"": ""correctness"", ""points"": 0, ""comment"": ""needs work""}, {""criterion"": ""report"", ""points"": 1, ""comment"": ""ok""}]",Please improve
fb_kbwkeaiagjba,1311,1,2025-05-16 05:16:18,"[{""criterion"": ""style"", ""points"": 3, ""comment"": ""excellent""}, {""criterion"": ""report"", ""points"": 2, ""comment"": ""needs work""}, {""criterion"": ""tests"", ""points"": 5, ""comment"": ""good""}]",Incomplete
fb_xptvzqqtyeii,800,11,2025-07-26 18:00:48,"[{""criterion"": ""correctness"", ""points"": 0, ""comment"": ""ok""}, {""criterion"": ""performance"", ""points"": 2, ""comment"": ""missing""}, {""criterion"": ""tests"", ""points"": 5, ""comment"": ""good""}, {""criterion"": ""style"", ""points"": 2, ""comment"": ""excellent""}, {""criterion"": ""report"", ""points"": 4, ""comment"": ""missing""}]",Consider edge cases
fb_pbvwedpqiilc,969,7,2025-06-12 10:36:41,"[{""criterion"": ""tests"", ""points"": 0, ""comment"": ""ok""}, {""criterion"": ""report"", ""points"": 3, ""comment"": ""excellent""}, {""criterion"": ""correctness"", ""points"": 2, ""comment"": ""needs work""}, {""criterion"": ""performance"", ""points"": 3, ""comment"": ""needs work""}, {""criterion"": ""style"", ""points"": 4, ""comment"": ""needs work""}]",Consider edge cases
fb_xdnhxrthfssh,921,10,2025-07-25 01:25:25,"[{""criterion"": ""performance"", ""points"": 3, ""comment"": ""excellent""}, {""criterion"": ""tests"", ""points"": 2, ""comment"": ""excellent""}, {""criterion"": ""style"", ""points"": 1, ""comment"": ""good""}]",Nice work
fb_rkedwnyfmavw,510,4,2025-07-02 05:50:54,"[{""criterion"": ""style"", ""points"": 2, ""comment"": ""missing""}, {""criterion"": ""tests"", ""points"": 4, ""comment"": ""ok""}, {""criterion"": ""report"", ""points"": 4, ""comment"": ""ok""}, {""criterion"": ""correctness"", ""points"": 4, ""comment"": ""ok""}, {""criterion"": ""performance"", ""points"": 5, ""comment"": ""ok""}]",Incomplete
fb_tnghwlvtwasd,507,4,2025-07-04 20:37:05,"[{""criterion"": ""tests"", ""points"": 4, ""comment"": ""excellent""}, {""criterion"": ""style"", ""points"": 0, ""comment"": ""ok""}]",Great solution
fb_xvfkjhmvjrcm,1133,13,2025-06-17 23:30:14,"[{""criterion"": ""performance"", ""points"": 2, ""comment"": ""good""}, {""criterion"": ""tests"", ""points"": 1, ""comment"": ""needs work""}]",Great solution
fb_zwntlphlnsyx,272,11,2025-06-15 23:40:29,"[{""criterion"": ""correctness"", ""points"": 2, ""comment"": ""ok""}, {""criterion"": ""style"", ""points"": 2, ""comment"": ""ok""}, {""criterion"": ""report"", ""points"": 1, ""comment"": ""ok""}, {""criterion"": ""performance"", ""points"": 3, ""comment"": ""ok""}]",Nice work
fb_fbomkjpjqntq,482,3,2025-09-13 12:40:17,"[{""criterion"": ""style"", ""points"": 5, ""comment"": ""good""}, {""criterion"": ""performance"", ""points"": 4, ""comment"": ""ok""}, {""criterion"": ""correctness"", ""points"": 4, ""comment"": ""missing""}, {""criterion"": ""report"", ""points"": 4, ""comment"": ""ok""}, {""criterion"": ""tests"", ""points"": 1, ""comment"": ""good""}]",Incomplete
fb_ksgwdnftcquc,579,6,2025-01-29 07:28:14,"[{""criterion"": ""performance"", ""points"": 0, ""comment"": ""missing""}, {""criterion"": ""report"", ""points"": 2, ""comment"": ""excellent""}, {""criterion"": ""tests"", ""points"": 0, ""comment"": ""missing""}, {""criterion"": ""style"", ""points"": 2, ""comment"": ""missing""}]",Consider edge cases
fb_dfzgqevkdjxm,443,3,2025-11-13 13:16:55,"[{""criterion"": ""report"", ""points"": 3, ""comment"": ""missing""}, {""criterion"": ""style"", ""points"": 1, ""comment"": ""ok""}, {""criterion"": ""tests"", ""points"": 2, ""comment"": ""needs work""}, {""criterion"": ""correctness"", ""points"": 3, ""comment"": ""good""}, {""criterion"": ""performance"", ""points"": 4, ""comment"": ""needs work""}]",Please improve
fb_lrvuteqnfcgi,1182,10,2025-07-25 14:40:19,"[{""criterion"": ""style"", ""points"": 5, ""comment"": ""excellent""}, {""criterion"": ""correctness"", ""points"": 1, ""comment"": ""good""}, {""criterion"": ""tests"", ""points"": 3, ""comment"": ""good""}]",Nice work
fb_nsvtzookeagd,1099,12,2025-01-28 20:35:29,"[{""criterion"": ""style"", ""points"": 1, ""comment"": ""needs work""}, {""criterion"": ""tests"", ""points"": 2, ""comment"": ""needs work""}, {""criterion"": ""report"", ""points"": 0, ""comment"": ""missing""}]",Consider edge cases
fb_pyhvzffltelh,971,11,2025-04-23 05:20:27,"[{""criterion"": ""tests"", ""points"": 0, ""comment"": ""needs work""}, {""criterion"": ""correctness"", ""points"": 1, ""comment"": ""ok""}]",Please improve
fb_gazrguhirmtv,1290,13,2025-03-01 03:45:06,"[{""criterion"": ""style"", ""points"": 5, ""comment"": ""ok""}, {""criterion"": ""performance"", ""points"": 5, ""comment"": ""good""}, {""criterion"": ""tests"", ""points"": 5, ""comment"": ""excellent""}, {""criterion"": ""correctness"", ""points"": 1, ""comment"": ""ok""}, {""criterion"": ""report"", ""points"": 2, ""comment"": ""good""}]",Great solution
fb_ytjybsjcpguj,851,7,2025-12-06 14:21:05,"[{""criterion"": ""tests"", ""points"": 2, ""comment"": ""ok""}, {""criterion"": ""report"", ""points"": 0, ""comment"": ""good""}, {""criterion"": ""style"", ""points"": 0, ""comment"": ""needs work""}, {""criterion"": ""performance"", ""points"": 5, ""comment"": ""missing""}]",Please improve
fb_wlrsvfyjhizo,1071,4,2025-06-05 00:29:00,"[{""criterion"": ""report"", ""points"": 1, ""comment"": ""ok""}, {""criterion"": ""style"", ""points"": 2, ""comment"": ""excellent""}]",Nice work
fb_lplvkkphoyzk,607,4,2025-10-13 00:04:37,"[{""criterion"": ""tests"", ""points"": 2, ""comment"": ""ok""}, {""criterion"": ""performance"", ""points"": 2, ""comment"": ""good""}, {""criterion"": ""correctness"", ""points"": 4, ""comment"": ""needs work""}, {""criterion"": ""style"", ""points"": 1, ""comment"": ""needs work""}, {""criterion"": ""report"", ""points"": 0, ""comment"": ""ok""}]",Incomplete
fb_ezkvyoerwcwc,503,4,2025-07-11 19:37:03,"[{""criterion"": ""style"", ""points"": 1, ""comment"": ""needs work""}, {""criterion"": ""report"", ""points"": 2, ""comment"": ""needs work""}, {""criterion"": ""correctness"", ""points"": 5, ""comment"": ""missing""}]",Incomplete
fb_szwlcwxcedlv,1549,6,2025-05-11 20:05:18,"[{""criterion"": ""correctness"", ""points"": 0, ""comment"": ""excellent""}, {""criterion"": ""report"", ""points"": 1, ""comment"": ""good""}, {""criterion"": ""tests"", ""points"": 0, ""comment"": ""excellent""}, {""criterion"": ""style"", ""points"": 3, ""comment"": ""excellent""}, {""criterion"": ""performance"", ""points"": 1, ""comment"": ""good""}]",Great solution
fb_dmgnqqldquec,325,3,2025-11-14 12:51:13,"[{""criterion"": ""correctness"", ""points"": 0, ""comment"": ""good""}, {""criterion"": ""style"", ""points"": 3, ""comment"": ""needs work""}]",Nice work
fb_lwwesfjuhzxk,1485,10,2025-09-28 17:17:32,"[{""criterion"": ""correctness"", ""points"": 5, ""comment"": ""good""}, {""criterion"": ""report"", ""points"": 4, ""comment"": ""missing""}, {""criterion"": ""performance"", ""points"": 2, ""comment"": ""missing""}, {""criterion"": ""style"", ""points"": 2, ""comment"": ""ok""}, {""criterion"": ""tests"", ""points"": 0, ""comment"": ""ok""}]",Nice work
fb_ovnmmduofluj,1322,1,2025-05-14 11:02:59,"[{""criterion"": ""performance"", ""points"": 5, ""comment"": ""ok""}, {""criterion"": ""style"", ""points"": 5, ""comment"": ""ok""}, {""criterion"": ""report"", ""points"": 4, ""comment"": ""excellent""}, {""criterion"": ""tests"", ""points"": 4, ""comment"": ""ok""}, {""criterion"": ""correctness"", ""points"": 0, ""comment"": ""ok""}]",Incomplete
fb_ssqedspcedob,862,7,2025-12-06 00:46:51,"[{""criterion"": ""style"", ""points"": 2, ""comment"": ""needs work""}, {""criterion"": ""correctness"", ""points"": 5, ""comment"": ""ok""}, {""criterion"": ""report"", ""points"": 2, ""comment"": ""good""}]",Great solution
fb_agtwjlusjjwb,812,8,2025-03-03 21:03:43,"[{""criterion"": ""correctness"", ""points"": 3, ""comment"": ""good""}, {""criterion"": ""style"", ""points"": 5, ""comment"": ""excellent""}, {""criterion"": ""performance"", ""points"": 5, ""comment"": ""good""}, {""criterion"": ""tests"", ""points"": 4, ""comment"": ""missing""}]",Great solution
fb_atfslmzjwpjg,1386,3,2025-10-30 08:20:58,"[{""criterion"": ""performance"", ""points"": 5, ""comment"": ""ok""}, {""criterion"": ""correctness"", ""points"": 0, ""comment"": ""missing""}]",Please improve
fb_zttlmqmzpqqg,1011,6,2025-02-09 12:34:45,"[{""criterion"": ""correctness"", ""points"": 2, ""comment"": ""good""}, {""criterion"": ""performance"", ""points"": 4, ""comment"": ""excellent""}, {""criterion"": ""report"", ""points"": 1, ""comment"": ""ok""}, {""criterion"": ""tests"", ""points"": 5, ""comment"": ""ok""}, {""criterion"": ""style"", ""points"": 5, ""comment"": ""ok""}]",Great solution
fb_rttuvpkywwto,515,4,2025-07-05 04:58:17,"[{""criterion"": ""style"", ""points"": 1, ""comment"": ""missing""}, {""criterion"": ""correctness"", ""points"": 5, ""comment"": ""ok""}, {""criterion"": ""performance"", ""points"": 3, ""comment"": ""ok""}]",Please improve
fb_hjocttqlhevu,1241,10,2025-08-13 17:37:01,"[{""criterion"": ""style"", ""points"": 2, ""comment"": ""excellent""}, {""criterion"": ""performance"", ""points"": 1, ""comment"": ""good""}]",Consider edge cases
fb_dwyqmuvlizfp,1188,10,2025-07-30 17:07:26,"[{""criterion"": ""performance"", ""points"": 2, ""comment"": ""ok""}, {""criterion"": ""correctness"", ""points"": 3, ""comment"": ""ok""}, {""criterion"": ""tests"", ""points"": 3, ""comment"": ""ok""}]",Great solution
fb_dkdgsitymxyk,1029,7,2025-07-03 21:14:57,"[{""criterion"": ""correctness"", ""points"": 1, ""comment"": ""excellent""}, {""criterion"": ""report"", ""points"": 2, ""comment"": ""missing""}, {""criterion"": ""performance"", ""points"": 3, ""comment"": ""needs work""}]",Nice work
fb_gziqvomoupul,1281,3,2025-09-17 19:49:09,"[{""criterion"": ""correctness"", ""points"": 0, ""comment"": ""missing""}, {""criterion"": ""tests"", ""points"": 3, ""comment"": ""good""}, {""criterion"": ""report"", ""points"": 0, ""comment"": ""good""}, {""criterion"": ""style"", ""points"": 3, ""comment"": ""missing""}, {""criterion"": ""performance"", ""points"": 0, ""comment"": ""excellent""}]",Nice work
fb_dfgstuwflvlt,217,4,2025-03-02 12:48:46,"[{""criterion"": ""report"", ""points"": 3, ""comment"": ""excellent""}, {""criterion"": ""correctness"", ""points"": 3, ""comment"": ""good""}, {""criterion"": ""style"", ""points"": 3, ""comment"": ""good""}]",Nice work
fb_ekqtnqlgpezp,68,5,2025-10-19 02:44:45,"[{""criterion"": ""performance"", ""points"": 5, ""comment"": ""excellent""}, {""criterion"": ""report"", ""points"": 3, ""comment"": ""needs work""}, {""criterion"": ""correctness"", ""points"": 1, ""comment"": ""missing""}]",Consider edge cases
fb_pgilnheteced,883,1,2025-05-05 01:56:59,"[{""criterion"": ""tests"", ""points"": 3, ""comment"": ""ok""}, {""criterion"": ""report"", ""points"": 4, ""comment"": ""missing""}, {""criterion"": ""performance"", ""points"": 3, ""comment"": ""missing""}, {""criterion"": ""correctness"", ""points"": 2, ""comment"": ""ok""}, {""criterion"": ""style"", ""points"": 5, ""comment"": ""needs work""}]",Incomplete
fb_ygwpincjogbz,951,7,2025-06-14 09:23:31,"[{""criterion"": ""style"", ""points"": 3, ""comment"": ""excellent""}, {""criterion"": ""report"", ""points"": 0, ""comment"": ""good""}, {""criterion"": ""correctness"", ""points"": 1, ""comment"": ""ok""}, {""criterion"": ""tests"", ""points"": 5, ""comment"": ""good""}, {""criterion"": ""performance"", ""points"": 3, ""comment"": ""missing""}]",Great solution
fb_jvupdqjidbkv,738,1,2025-06-07 20:37:56,"[{""criterion"": ""report"", ""points"": 3, ""comment"": ""ok""}, {""criterion"": ""tests"", ""points"": 2, ""comment"": ""missing""}, {""criterion"": ""performance"", ""points"": 1, ""comment"": ""good""}, {""criterion"": ""style"", ""points"": 0, ""comment"": ""excellent""}]",Great solution
fb_mohunkpcdila,517,4,2025-07-12 11:07:38,"[{""criterion"": ""tests"", ""points"": 5, ""comment"": ""excellent""}, {""criterion"": ""performance"", ""points"": 4, ""comment"": ""excellent""}, {""criterion"": ""report"", ""points"": 4, ""comment"": ""good""}, {""criterion"": ""correctness"", ""points"": 3, ""comment"": ""good""}]",Consider edge cases
fb_mitrgutwkdqa,1481,10,2025-10-01 12:13:37,"[{""criterion"": ""report"", ""points"": 2, ""comment"": ""good""}, {""criterion"": ""style"", ""points"": 5, ""comment"": ""missing""}, {""criterion"": ""performance"", ""points"": 1, ""comment"": ""excellent""}, {""criterion"": ""tests"", ""points"": 2, ""comment"": ""excellent""}]",Incomplete
fb_zrhdpnafvazn,566,1,2025-05-03 08:47:29,"[{""criterion"": ""style"", ""points"": 2, ""comment"": ""needs work""}, {""criterion"": ""report"", ""points"": 1, ""comment"": ""excellent""}, {""criterion"": ""tests"", ""points"": 1, ""comment"": ""excellent""}, {""criterion"": ""performance"", ""points"": 5, ""comment"": ""excellent""}, {""criterion"": ""correctness"", ""points"": 2, ""comment"": ""missing""}]",Great solution
fb_jowtmmriosfn,1217,3,2025-05-02 11:50:35,"[{""criterion"": ""report"", ""points"": 2, ""comment"": ""good""}, {""criterion"": ""performance"", ""points"": 1, ""comment"": ""good""}, {""criterion"": ""style"", ""points"": 4, ""comment"": ""good""}, {""criterion"": ""correctness"", ""points"": 4, ""comment"": ""ok""}]",Great solution
fb_cvrtxgjojgtt,1093,12,2025-01-23 16:43:16,"[{""criterion"": ""correctness"", ""points"": 4, ""comment"": ""good""}, {""criterion"": ""tests"", ""points"": 5, ""comment"": ""needs work""}]",Please improve
fb_kjmhawikuhsi,158,11,2025-07-29 00:39:10,"[{""criterion"": ""report"", ""points"": 2, ""comment"": ""ok""}, {""criterion"": ""correctness"", ""points"": 3, ""comment"": ""excellent""}, {""criterion"": ""performance"", ""points"": 4, ""comment"": ""missing""}]",Incomplete
fb_zideezrmcaft,1248,10,2025-08-10 15:29:59,"[{""criterion"": ""performance"", ""points"": 3, ""comment"": ""ok""}, {""criterion"": ""tests"", ""points"": 0, ""comment"": ""needs work""}, {""criterion"": ""report"", ""points"": 0, ""comment"": ""excellent""}, {""criterion"": ""style"", ""points"": 5, ""comment"": ""needs work""}]",Please improve
fb_wejdpeilyqfl,144,11,2025-07-18 22:49:50,"[{""criterion"": ""style"", ""points"": 1, ""comment"": ""ok""}, {""criterion"": ""correctness"", ""points"": 0, ""comment"": ""good""}, {""criterion"": ""performance"", ""points"": 3, ""comment"": ""ok""}, {""criterion"": ""report"", ""points"": 4, ""comment"": ""ok""}, {""criterion"": ""tests"", ""points"": 4, ""comment"": ""missing""}]",Please improve
fb_mlnhegffrfkr,233,4,2025-03-08 16:29:56,"[{""criterion"": ""style"", ""points"": 4, ""comment"": ""ok""}, {""criterion"": ""performance"", ""points"": 4, ""comment"": ""needs work""}]",Incomplete
fb_bprodfnklcww,57,4,2025-12-09 21:18:25,"[{""criterion"": ""tests"", ""points"": 1, ""comment"": ""needs work""}, {""criterion"": ""report"", ""points"": 2, ""comment"": ""missing""}]",Incomplete
fb_ixxhmeregprh,410,6,2025-11-18 18:29:17,"[{""criterion"": ""performance"", ""points"": 3, ""comment"": ""excellent""}, {""criterion"": ""style"", ""points"": 4, ""comment"": ""excellent""}]",Consider edge cases
fb_fblqfohpanzg,147,11,2025-07-19 09:27:18,"[{""criterion"": ""report"", ""points"": 0, ""comment"": ""good""}, {""criterion"": ""performance"", ""points"": 3, ""comment"": ""needs work""}, {""criterion"": ""style"", ""points"": 1, ""comment"": ""good""}, {""criterion"": ""tests"", ""points"": 2, ""comment"": ""ok""}]",Incomplete
fb_wljastbwoqvm,965,7,2025-06-01 23:13:54,"[{""criterion"": ""performance"", ""points"": 1, ""comment"": ""needs work""}, {""criterion"": ""tests"", ""points"": 3, ""comment"": ""excellent""}, {""criterion"": ""report"", ""points"": 2, ""comment"": ""ok""}, {""criterion"": ""correctness"", ""points"": 0, ""comment"": ""good""}, {""criterion"": ""style"", ""points"": 3, ""comment"": ""needs work""}]",Great solution
fb_trryzakigrzn,393,9,2025-05-08 08:40:52,"[{""criterion"": ""performance"", ""points"": 0, ""comment"": ""missing""}, {""criterion"": ""correctness"", ""points"": 2, ""comment"": ""good""}, {""criterion"": ""tests"", ""points"": 5, ""comment"": ""missing""}]",Please improve
fb_ffcpvlkmcsbh,356,6,2025-10-26 06:18:25,"[{""criterion"": ""tests"", ""points"": 0, ""comment"": ""missing""}, {""criterion"": ""style"", ""points"": 3, ""comment"": ""needs work""}, {""criterion"": ""report"", ""points"": 5, ""comment"": ""ok""}, {""criterion"": ""performance"", ""points"": 2, ""comment"": ""missing""}]",Consider edge cases
fb_rbceccqaitnb,1054,3,2025-08-25 23:53:14,"[{""criterion"": ""report"", ""points"": 3, ""comment"": ""good""}, {""criterion"": ""style"", ""points"": 4, ""comment"": ""ok""}, {""criterion"": ""tests"", ""points"": 5, ""comment"": ""good""}, {""criterion"": ""correctness"", ""points"": 2, ""comment"": ""excellent""}]",Consider edge cases
fb_rtizmcuszmnz,1511,4,2025-02-06 15:47:53,"[{""criterion"": ""style"", ""points"": 3, ""comment"": ""needs work""}, {""criterion"": ""report"", ""points"": 0, ""comment"": ""good""}]",Incomplete
fb_prkjowxkzycq,565,1,2025-05-05 22:02:03,"[{""criterion"": ""performance"", ""points"": 1, ""comment"": ""needs work""}, {""criterion"": ""report"", ""points"": 2, ""comment"": ""ok""}, {""criterion"": ""style"", ""points"": 0, ""comment"": ""excellent""}, {""criterion"": ""correctness"", ""points"": 4, ""comment"": ""missing""}, {""criterion"": ""tests"", ""points"": 3, ""comment"": ""good""}]",Incomplete
fb_uojndswbofzp,351,6,2025-10-20 12:35:44,"[{""criterion"": ""style"", ""points"": 0, ""comment"": ""good""}, {""criterion"": ""performance"", ""points"": 0, ""comment"": ""excellent""}]",Please improve
fb_rejfehtpqrrx,658,4,2025-02-22 11:23:58,"[{""criterion"": ""tests"", ""points"": 1, ""comment"": ""missing""}, {""criterion"": ""report"", ""points"": 3, ""comment"": ""needs work""}, {""criterion"": ""performance"", ""points"": 0, ""comment"": ""excellent""}, {""criterion"": ""style"", ""points"": 1, ""comment"": ""excellent""}]",Please improve
fb_prcrwyvvskru,1000,6,2025-02-14 09:30:43,"[{""criterion"": ""tests"", ""points"": 0, ""comment"": ""excellent""}, {""criterion"": ""report"", ""points"": 3, ""comment"": ""needs work""}, {""criterion"": ""correctness"", ""points"": 2, ""comment"": ""good""}, {""criterion"": ""performance"", ""points"": 3, ""comment"": ""ok""}, {""criterion"": ""style"", ""points"": 0, ""comment"": ""good""}]",Great solution
fb_itckjdnxktdz,1113,9,2025-08-26 18:23:44,"[{""criterion"": ""correctness"", ""points"": 1, ""comment"": ""missing""}, {""criterion"": ""report"", ""points"": 3, ""comment"": ""excellent""}, {""criterion"": ""performance"", ""points"": 2, ""comment"": ""good""}]",Nice work
fb_mmjjskfpdplt,886,1,2025-05-06 17:02:00,"[{""criterion"": ""report"", ""points"": 5, ""comment"": ""needs work""}, {""criterion"": ""tests"", ""points"": 3, ""comment"": ""missing""}, {""criterion"": ""performance"", ""points"": 3, ""comment"": ""needs work""}]",Incomplete
fb_ovkwzpnyomgj,287,11,2025-06-15 15:26:34,"[{""criterion"": ""correctness"", ""points"": 4, ""comment"": ""good""}, {""criterion"": ""performance"", ""points"": 5, ""comment"": ""ok""}, {""criterion"": ""report"", ""points"": 5, ""comment"": ""missing""}]",Please improve
fb_eclcbubglqfy,365,3,2025-10-21 18:54:19,"[{""criterion"": ""tests"", ""points"": 1, ""comment"": ""ok""}, {""criterion"": ""report"", ""points"": 5, ""comment"": ""ok""}]",Great solution
fb_viccdphlfigm,1059,3,2025-08-30 01:53:06,"[{""criterion"": ""correctness"", ""points"": 4, ""comment"": ""ok""}, {""criterion"": ""report"", ""points"": 2, ""comment"": ""excellent""}, {""criterion"": ""performance"", ""points"": 1, ""comment"": ""needs work""}]",Please improve
fb_ufzjcyijcekd,330,3,2025-11-12 23:57:50,"[{""criterion"": ""report"", ""points"": 5, ""comment"": ""excellent""}, {""criterion"": ""tests"", ""points"": 1, ""comment"": ""ok""}, {""criterion"": ""style"", ""points"": 4, ""comment"": ""good""}, {""criterion"": ""correctness"", ""points"": 4, ""comment"": ""missing""}, {""criterion"": ""performance"", ""points"": 2, ""comment"": ""good""}]",Great solution
fb_cfmwabjklcjo,1076,4,2025-06-02 02:32:16,"[{""criterion"": ""report"", ""points"": 0, ""comment"": ""good""}, {""criterion"": ""style"", ""points"": 5, ""comment"": ""ok""}, {""criterion"": ""performance"", ""points"": 1, ""comment"": ""good""}]",Incomplete
fb_dcmsvabjqhgh,352,6,2025-10-16 05:15:04,"[{""criterion"": ""style"", ""points"": 3, ""comment"": ""good""}, {""criterion"": ""performance"", ""points"": 5, ""comment"": ""good""}, {""criterion"": ""report"", ""points"": 2, ""comment"": ""missing""}]",Great solution
fb_zlelvhgxxpui,1507,4,2025-02-07 15:37:16,"[{""criterion"": ""correctness"", ""points"": 3, ""comment"": ""good""}, {""criterion"": ""report"", ""points"": 4, ""comment"": ""ok""}, {""criterion"": ""tests"", ""points"": 3, ""comment"": ""excellent""}, {""criterion"": ""style"", ""points"": 5, ""comment"": ""excellent""}, {""criterion"": ""performance"", ""points"": 2, ""comment"": ""ok""}]",Incomplete
fb_pgytrylndmei,112,10,2025-10-02 00:47:33,"[{""criterion"": ""tests"", ""points"": 5, ""comment"": ""good""}, {""criterion"": ""report"", ""points"": 4, ""comment"": ""good""}]",Great solution
fb_kcicyucydjzr,505,4,2025-07-04 04:43:12,"[{""criterion"": ""performance"", ""points"": 3, ""comment"": ""needs work""}, {""criterion"": ""report"", ""points"": 0, ""comment"": ""ok""}, {""criterion"": ""tests"", ""points"": 5, ""comment"": ""good""}, {""criterion"": ""style"", ""points"": 2, ""comment"": ""missing""}, {""criterion"": ""correctness"", ""points"": 5, ""comment"": ""missing""}]",Nice work
fb_ujrmahqltjcj,167,14,2025-10-01 07:00:49,"[{""criterion"": ""report"", ""points"": 3, ""comment"": ""ok""}, {""criterion"": ""performance"", ""points"": 4, ""comment"": ""excellent""}, {""criterion"": ""tests"", ""points"": 1, ""comment"": ""good""}, {""criterion"": ""correctness"", ""points"": 1, ""comment"": ""good""}]",Consider edge cases
fb_fbalggciycmj,1502,4,2025-02-01 19:09:14,"[{""criterion"": ""style"", ""points"": 0, ""comment"": ""ok""}, {""criterion"": ""tests"", ""points"": 3, ""comment"": ""good""}, {""criterion"": ""performance"", ""points"": 5, ""comment"": ""needs work""}]",Consider edge cases
fb_lwajaeldgmpx,130,10,2025-09-20 07:52:57,"[{""criterion"": ""correctness"", ""points"": 2, ""comment"": ""excellent""}, {""criterion"": ""style"", ""points"": 1, ""comment"": ""ok""}, {""criterion"": ""performance"", ""points"": 3, ""comment"": ""missing""}, {""criterion"": ""report"", ""points"": 0, ""comment"": ""excellent""}]",Nice work
fb_ecdrjtsdsmwk,1298,13,2025-02-24 20:47:16,"[{""criterion"": ""tests"", ""points"": 1, ""comment"": ""ok""}, {""criterion"": ""performance"", ""points"": 4, ""comment"": ""needs work""}, {""criterion"": ""style"", ""points"": 1, ""comment"": ""ok""}, {""criterion"": ""correctness"", ""points"": 0, ""comment"": ""missing""}, {""criterion"": ""report"", ""points"": 3, ""comment"": ""missing""}]",Nice work
fb_ghjkdwfnvhxk,791,11,2025-07-29 22:30:27,"[{""criterion"": ""report"", ""points"": 4, ""comment"": ""missing""}, {""criterion"": ""tests"", ""points"": 0, ""comment"": ""missing""}]",Incomplete
fb_zhthsvgoergp,1196,3,2025-05-14 17:19:10,"[{""criterion"": ""style"", ""points"": 3, ""comment"": ""excellent""}, {""criterion"": ""tests"", ""points"": 3, ""comment"": ""good""}]",Consider edge cases
fb_nnluxfcejjwm,7,4,2025-04-11 20:08:44,"[{""criterion"": ""tests"", ""points"": 5, ""comment"": ""missing""}, {""criterion"": ""style"", ""points"": 0, ""comment"": ""missing""}]",Nice work
fb_grcgkmlxdwah,630,4,2025-11-09 05:24:47,"[{""criterion"": ""report"", ""points"": 0, ""comment"": ""needs work""}, {""criterion"": ""style"", ""points"": 1, ""comment"": ""ok""}]",Please improve
fb_wyzjtueqshbw,1097,12,2025-01-23 22:09:25,"[{""criterion"": ""report"", ""points"": 1, ""comment"": ""needs work""}, {""criterion"": ""correctness"", ""points"": 2, ""comment"": ""ok""}, {""criterion"": ""performance"", ""points"": 3, ""comment"": ""excellent""}, {""criterion"": ""style"", ""points"": 5, ""comment"": ""good""}]",Great solution
fb_nponuicxqlxf,1200,3,2025-05-18 08:49:47,"[{""criterion"": ""performance"", ""points"": 3, ""comment"": ""good""}, {""criterion"": ""correctness"", ""points"": 4, ""comment"": ""ok""}]",Please improve
fb_tffofnvspjos,35,6,2025-03-02 04:24:06,"[{""criterion"": ""performance"", ""points"": 5, ""comment"": ""missing""}, {""criterion"": ""style"", ""points"": 1, ""comment"": ""missing""}, {""criterion"": ""tests"", ""points"": 1, ""comment"": ""needs work""}, {""criterion"": ""correctness"", ""points"": 5, ""comment"": ""needs work""}]",Great solution
fb_yfhrixjgjxms,922,10,2025-07-23 04:24:02,"[{""criterion"": ""report"", ""points"": 5, ""comment"": ""missing""}, {""criterion"": ""correctness"", ""points"": 0, ""comment"": ""ok""}, {""criterion"": ""tests"", ""points"": 1, ""comment"": ""good""}]",Nice work
fb_rtbijiulxtlz,514,4,2025-07-05 20:53:26,"[{""criterion"": ""report"", ""points"": 2, ""comment"": ""ok""}, {""criterion"": ""style"", ""points"": 0, ""comment"": ""missing""}]",Please improve
fb_pnlvpkyrfiha,350,6,2025-10-21 11:23:00,"[{""criterion"": ""tests"", ""points"": 0, ""comment"": ""ok""}, {""criterion"": ""report"", ""points"": 0, ""comment"": ""good""}, {""criterion"": ""performance"", ""points"": 2, ""comment"": ""missing""}, {""criterion"": ""correctness"", ""points"": 0, ""comment"": ""missing""}]",Please improve
fb_ltuhlisimocs,894,1,2025-05-13 17:40:38,"[{""criterion"": ""report"", ""points"": 2, ""comment"": ""good""}, {""criterion"": ""tests"", ""points"": 5, ""comment"": ""needs work""}, {""criterion"": ""style"", ""points"": 2, ""comment"": ""missing""}, {""criterion"": ""correctness"", ""points"": 3, ""comment"": ""missing""}]",Please improve
fb_fzwqnzuoofme,612,4,2025-11-01 00:32:37,"[{""criterion"": ""tests"", ""points"": 0, ""comment"": ""missing""}, {""criterion"": ""report"", ""points"": 2, ""comment"": ""good""}, {""criterion"": ""performance"", ""points"": 3, ""comment"": ""good""}, {""criterion"": ""correctness"", ""points"": 3, ""comment"": ""good""}]",Nice work
fb_fakjfrkohvjq,188,14,2025-09-04 10:29:45,"[{""criterion"": ""report"", ""points"": 5, ""comment"": ""missing""}, {""criterion"": ""performance"", ""points"": 5, ""comment"": ""missing""}, {""criterion"": ""tests"", ""points"": 2, ""comment"": ""missing""}, {""criterion"": ""style"", ""points"": 0, ""comment"": ""ok""}]",Consider edge cases
fb_ilmqkaobmhgq,1253,4,2025-02-06 00:56:29,"[{""criterion"": ""correctness"", ""points"": 4, ""comment"": ""missing""}, {""criterion"": ""performance"", ""points"": 1, ""comment"": ""needs work""}, {""criterion"": ""report"", ""points"": 4, ""comment"": ""needs work""}]",Great solution
fb_wkrdhmnfzryi,1460,4,2025-08-20 10:22:55,"[{""criterion"": ""report"", ""points"": 0, ""comment"": ""excellent""}, {""criterion"": ""tests"", ""points"": 5, ""comment"": ""missing""}, {""criterion"": ""style"", ""points"": 5, ""comment"": ""excellent""}, {""criterion"": ""correctness"", ""points"": 5, ""comment"": ""ok""}, {""criterion"": ""performance"", ""points"": 1, ""comment"": ""ok""}]",Consider edge cases
fb_iegdlthfbrwe,1086,12,2025-01-29 17:33:03,"[{""criterion"": ""correctness"", ""points"": 3, ""comment"": ""excellent""}, {""criterion"": ""style"", ""points"": 2, ""comment"": ""needs work""}]",Incomplete
fb_dtyuvztgnvwm,1267,4,2025-02-06 16:53:37,"[{""criterion"": ""correctness"", ""points"": 5, ""comment"": ""missing""}, {""criterion"": ""style"", ""points"": 5, ""comment"": ""needs work""}, {""criterion"": ""report"", ""points"": 1, ""comment"": ""excellent""}, {""criterion"": ""tests"", ""points"": 0, ""comment"": ""good""}, {""criterion"": ""performance"", ""points"": 5, ""comment"": ""needs work""}]",Please improve
fb_lcbvqkviocvp,610,4,2025-10-03 16:24:12,"[{""criterion"": ""performance"", ""points"": 4, ""comment"": ""excellent""}, {""criterion"": ""report"", ""points"": 3, ""comment"": ""needs work""}, {""criterion"": ""tests"", ""points"": 4, ""comment"": ""ok""}, {""criterion"": ""correctness"", ""points"": 2, ""comment"": ""excellent""}, {""criterion"": ""style"", ""points"": 0, ""comment"": ""good""}]",Incomplete
fb_ngzlkeqdfzya,660,4,2025-02-23 18:30:08,"[{""criterion"": ""tests"", ""points"": 2, ""comment"": ""missing""}, {""criterion"": ""report"", ""points"": 5, ""comment"": ""missing""}, {""criterion"": ""performance"", ""points"": 1, ""comment"": ""excellent""}, {""criterion"": ""correctness"", ""points"": 1, ""comment"": ""good""}]",Great solution
fb_assdtswfuijs,333,6,2025-10-15 15:54:07,"[{""criterion"": ""performance"", ""points"": 0, ""comment"": ""needs work""}, {""criterion"": ""tests"", ""points"": 5, ""comment"": ""excellent""}]",Great solution
fb_foywykctrmje,999,6,2025-02-03 16:09:43,"[{""criterion"": ""style"", ""points"": 1, ""comment"": ""excellent""}, {""criterion"": ""performance"", ""points"": 1, ""comment"": ""needs work""}, {""criterion"": ""tests"", ""points"": 2, ""comment"": ""ok""}]",Please improve
fb_ohrzwgfwbnnv,471,10,2025-12-06 23:20:07,"[{""criterion"": ""report"", ""points"": 0, ""comment"": ""needs work""}, {""criterion"": ""correctness"", ""points"": 1, ""comment"": ""needs work""}, {""criterion"": ""style"", ""points"": 5, ""comment"": ""missing""}]",Great solution
fb_ljrkmxeeutye,55,4,2025-12-09 13:32:27,"[{""criterion"": ""tests"", ""points"": 5, ""comment"": ""missing""}, {""criterion"": ""performance"", ""points"": 2, ""comment"": ""ok""}, {""criterion"": ""report"", ""points"": 0, ""comment"": ""needs work""}, {""criterion"": ""style"", ""points"": 3, ""comment"": ""needs work""}]",Great solution
fb_rxjxwvvijcgo,17,4,2025-04-16 04:48:04,"[{""criterion"": ""performance"", ""points"": 2, ""comment"": ""ok""}, {""criterion"": ""style"", ""points"": 2, ""comment"": ""excellent""}, {""criterion"": ""correctness"", ""points"": 4, ""comment"": ""needs work""}, {""criterion"": ""tests"", ""points"": 2, ""comment"": ""excellent""}, {""criterion"": ""report"", ""points"": 3, ""comment"": ""missing""}]",Consider edge cases
fb_lvmkcwlgnjfp,863,4,2025-07-11 20:12:02,"[{""criterion"": ""performance"", ""points"": 5, ""comment"": ""good""}, {""criterion"": ""report"", ""points"": 2, ""comment"": ""needs work""}]",Incomplete
fb_dzbwcbrihltd,917,10,2025-07-25 11:47:38,"[{""criterion"": ""report"", ""points"": 0, ""comment"": ""missing""}, {""criterion"": ""tests"", ""points"": 4, ""comment"": ""good""}, {""criterion"": ""correctness"", ""points"": 4, ""comment"": ""needs work""}, {""criterion"": ""performance"", ""points"": 3, ""comment"": ""excellent""}]",Please improve
fb_tlvfruzgitte,711,1,2025-10-27 18:15:26,"[{""criterion"": ""tests"", ""points"": 2, ""comment"": ""ok""}, {""criterion"": ""performance"", ""points"": 1, ""comment"": ""missing""}, {""criterion"": ""style"", ""points"": 5, ""comment"": ""excellent""}, {""criterion"": ""report"", ""points"": 0, ""comment"": ""missing""}]",Please improve
fb_tbzjjtpitkwn,803,11,2025-07-29 09:39:27,"[{""criterion"": ""correctness"", ""points"": 1, ""comment"": ""needs work""}, {""criterion"": ""tests"", ""points"": 3, ""comment"": ""needs work""}, {""criterion"": ""performance"", ""points"": 2, ""comment"": ""ok""}, {""criterion"": ""style"", ""points"": 1, ""comment"": ""ok""}]",Nice work
fb_fsqflhaanptf,1234,10,2025-08-08 22:44:52,"[{""criterion"": ""correctness"", ""points"": 3, ""comment"": ""good""}, {""criterion"": ""style"", ""points"": 3, ""comment"": ""missing""}, {""criterion"": ""report"", ""points"": 0, ""comment"": ""excellent""}]",Please improve
fb_pcssvpnvpzxr,878,4,2025-06-27 17:58:57,"[{""criterion"": ""correctness"", ""points"": 2, ""comment"": ""missing""}, {""criterion"": ""tests"", ""points"": 3, ""comment"": ""missing""}]",Nice work
fb_wmpuwrxuqceb,1166,10,2025-01-20 20:57:22,"[{""criterion"": ""performance"", ""points"": 4, ""comment"": ""ok""}, {""criterion"": ""style"", ""points"": 4, ""comment"": ""needs work""}, {""criterion"": ""correctness"", ""points"": 0, ""comment"": ""ok""}, {""criterion"": ""report"", ""points"": 5, ""comment"": ""needs work""}, {""criterion"": ""tests"", ""points"": 1, ""comment"": ""good""}]",Please improve
fb_atclxumtzadn,1100,12,2025-01-29 13:58:41,"[{""criterion"": ""tests"", ""points"": 3, ""comment"": ""excellent""}, {""criterion"": ""style"", ""points"": 2, ""comment"": ""ok""}, {""criterion"": ""report"", ""points"": 0, ""comment"": ""excellent""}, {""criterion"": ""performance"", ""points"": 2, ""comment"": ""excellent""}]",Please improve
fb_ybrusrvxukyh,756,6,2025-05-30 21:19:22,"[{""criterion"": ""performance"", ""points"": 0, ""comment"": ""excellent""}, {""criterion"": ""correctness"", ""points"": 5, ""comment"": ""good""}, {""criterion"": ""tests"", ""points"": 5, ""comment"": ""excellent""}, {""criterion"": ""style"", ""points"": 3, ""comment"": ""needs work""}]",Great solution
fb_klzgwhutekud,824,8,2025-03-09 07:34:35,"[{""criterion"": ""performance"", ""points"": 5, ""comment"": ""excellent""}, {""criterion"": ""report"", ""points"": 1, ""comment"": ""missing""}, {""criterion"": ""tests"", ""points"": 2, ""comment"": ""needs work""}, {""criterion"": ""style"", ""points"": 1, ""comment"": ""ok""}]",Please improve
fb_tepthdoqefsf,1197,3,2025-05-14 10:45:26,"[{""criterion"": ""report"", ""points"": 1, ""comment"": ""good""}, {""criterion"": ""performance"", ""points"": 5, ""comment"": ""ok""}, {""criterion"": ""style"", ""points"": 3, ""comment"": ""excellent""}, {""criterion"": ""tests"", ""points"": 3, ""comment"": ""good""}]",Great solution
fb_doyqqvcrodgc,1122,9,2025-08-31 23:05:10,"[{""criterion"": ""tests"", ""points"": 2, ""comment"": ""excellent""}, {""criterion"": ""performance"", ""points"": 0, ""comment"": ""missing""}, {""criterion"": ""style"", ""points"": 5, ""comment"": ""ok""}]",Great solution
fb_eiftbwazsexx,1162,10,2025-02-01 11:26:39,"[{""criterion"": ""correctness"", ""points"": 4, ""comment"": ""excellent""}, {""criterion"": ""performance"", ""points"": 5, ""comment"": ""needs work""}, {""criterion"": ""tests"", ""points"": 3, ""comment"": ""needs work""}]",Consider edge cases
fb_uszxnsjfnpxv,723,1,2025-06-05 10:10:36,"[{""criterion"": ""performance"", ""points"": 5, ""comment"": ""missing""}, {""criterion"": ""report"", ""points"": 3, ""comment"": ""ok""}, {""criterion"": ""correctness"", ""points"": 2, ""comment"": ""missing""}, {""criterion"": ""style"", ""points"": 5, ""comment"": ""excellent""}, {""criterion"": ""tests"", ""points"": 5, ""comment"": ""ok""}]",Incomplete
fb_dmmibblzjlpu,1364,4,2025-03-24 02:13:49,"[{""criterion"": ""tests"", ""points"": 3, ""comment"": ""excellent""}, {""criterion"": ""report"", ""points"": 5, ""comment"": ""excellent""}, {""criterion"": ""style"", ""points"": 3, ""comment"": ""missing""}]",Nice work
fb_hsnrktbversu,577,6,2025-01-14 09:50:41,"[{""criterion"": ""performance"", ""points"": 0, ""comment"": ""ok""}, {""criterion"": ""tests"", ""points"": 0, ""comment"": ""good""}, {""criterion"": ""correctness"", ""points"": 2, ""comment"": ""excellent""}]",Consider edge cases
fb_yvofmmxrnhzl,22,6,2025-03-03 11:23:41,"[{""criterion"": ""performance"", ""points"": 1, ""comment"": ""good""}, {""criterion"": ""tests"", ""points"": 2, ""comment"": ""excellent""}, {""criterion"": ""correctness"", ""points"": 4, ""comment"": ""ok""}, {""criterion"": ""style"", ""points"": 1, ""comment"": ""needs work""}, {""criterion"": ""report"", ""points"": 4, ""comment"": ""ok""}]",Great solution
fb_ccnufdvnatyq,261,9,2025-08-10 12:54:39,"[{""criterion"": ""style"", ""points"": 3, ""comment"": ""excellent""}, {""criterion"": ""performance"", ""points"": 3, ""comment"": ""needs work""}, {""criterion"": ""correctness"", ""points"": 5, ""comment"": ""excellent""}]",Please improve
fb_bqcmwjomfuct,1559,6,2025-05-21 16:57:35,"[{""criterion"": ""report"", ""points"": 4, ""comment"": ""missing""}, {""criterion"": ""tests"", ""points"": 3, ""comment"": ""good""}, {""criterion"": ""performance"", ""points"": 2, ""comment"": ""good""}]",Incomplete
fb_mnnlkggjvsxo,575,6,2025-01-27 14:42:49,"[{""criterion"": ""tests"", ""points"": 3, ""comment"": ""excellent""}, {""criterion"": ""style"", ""points"": 3, ""comment"": ""excellent""}, {""criterion"": ""performance"", ""points"": 0, ""comment"": ""ok""}, {""criterion"": ""correctness"", ""points"": 5, ""comment"": ""needs work""}, {""criterion"": ""report"", ""points"": 5, ""comment"": ""excellent""}]",Nice work
fb_tqcyfwqyroqq,914,10,2025-07-30 19:25:09,"[{""criterion"": ""performance"", ""points"": 3, ""comment"": ""needs work""}, {""criterion"": ""tests"", ""points"": 1, ""comment"": ""excellent""}, {""criterion"": ""correctness"", ""points"": 3, ""comment"": ""excellent""}, {""criterion"": ""report"", ""points"": 2, ""comment"": ""ok""}]",Please improve
fb_gbrltqaodrsu,404,6,2025-11-18 22:45:30,"[{""criterion"": ""tests"", ""points"": 4, ""comment"": ""needs work""}, {""criterion"": ""correctness"", ""points"": 1, ""comment"": ""excellent""}, {""criterion"": ""report"", ""points"": 2, ""comment"": ""good""}]",Nice work
fb_mhohgkwjawxt,34,6,2025-03-09 16:53:32,"[{""criterion"": ""style"", ""points"": 1, ""comment"": ""needs work""}, {""criterion"": ""tests"", ""points"": 0, ""comment"": ""missing""}]",Consider edge cases
fb_xhvvpfvshywh,797,11,2025-07-31 22:10:30,"[{""criterion"": ""style"", ""points"": 1, ""comment"": ""ok""}, {""criterion"": ""tests"", ""points"": 3, ""comment"": ""excellent""}]",Please improve
fb_tmrykhocskdt,742,1,2025-06-10 02:07:04,"[{""criterion"": ""correctness"", ""points"": 1, ""comment"": ""ok""}, {""criterion"": ""style"", ""points"": 3, ""comment"": ""missing""}]",Incomplete
fb_iufqvqdwutqw,616,4,2025-11-09 01:28:58,"[{""criterion"": ""style"", ""points"": 3, ""comment"": ""needs work""}, {""criterion"": ""tests"", ""points"": 3, ""comment"": ""needs work""}, {""criterion"": ""correctness"", ""points"": 5, ""comment"": ""ok""}, {""criterion"": ""report"", ""points"": 2, ""comment"": ""ok""}]",Consider edge cases
fb_jwesgsyduawz,1415,11,2025-02-06 17:35:51,"[{""criterion"": ""performance"", ""points"": 3, ""comment"": ""good""}, {""criterion"": ""style"", ""points"": 4, ""comment"": ""ok""}, {""criterion"": ""report"", ""points"": 1, ""comment"": ""ok""}]",Nice work
fb_pgpvofmihtwt,1393,3,2025-11-03 16:20:17,"[{""criterion"": ""report"", ""points"": 4, ""comment"": ""ok""}, {""criterion"": ""tests"", ""points"": 2, ""comment"": ""missing""}, {""criterion"": ""performance"", ""points"": 3, ""comment"": ""excellent""}]",Consider edge cases
fb_fpqvkuqahjqd,801,11,2025-07-21 06:34:22,"[{""criterion"": ""style"", ""points"": 3, ""comment"": ""excellent""}, {""criterion"": ""performance"", ""points"": 4, ""comment"": ""excellent""}, {""criterion"": ""correctness"", ""points"": 1, ""comment"": ""excellent""}]",Incomplete
fb_hctegwnlkfps,270,11,2025-06-22 03:39:06,"[{""criterion"": ""correctness"", ""points"": 4, ""comment"": ""excellent""}, {""criterion"": ""report"", ""points"": 5, ""comment"": ""needs work""}, {""criterion"": ""style"", ""points"": 0, ""comment"": ""ok""}, {""criterion"": ""performance"", ""points"": 1, ""comment"": ""good""}, {""criterion"": ""tests"", ""points"": 4, ""comment"": ""good""}]",Consider edge cases
fb_uogltpyoizeg,911,10,2025-07-29 03:37:48,"[{""criterion"": ""performance"", ""points"": 0, ""comment"": ""ok""}, {""criterion"": ""correctness"", ""points"": 2, ""comment"": ""excellent""}]",Incomplete
fb_yfkblvhyttwz,844,7,2025-12-14 02:43:36,"[{""criterion"": ""performance"", ""points"": 2, ""comment"": ""ok""}, {""criterion"": ""style"", ""points"": 1, ""comment"": ""good""}]",Incomplete
fb_fwbrdlfcoyhu,941,4,2025-05-07 19:04:36,"[{""criterion"": ""report"", ""points"": 4, ""comment"": ""good""}, {""criterion"": ""correctness"", ""points"": 0, ""comment"": ""ok""}, {""criterion"": ""tests"", ""points"": 4, ""comment"": ""ok""}, {""criterion"": ""style"", ""points"": 3, ""comment"": ""good""}, {""criterion"": ""performance"", ""points"": 3, ""comment"": ""needs work""}]",Great solution
fb_kiqllrzdrdbf,1411,11,2025-02-06 02:48:11,"[{""criterion"": ""tests"", ""points"": 1, ""comment"": ""needs work""}, {""criterion"": ""report"", ""points"": 5, ""comment"": ""excellent""}, {""criterion"": ""correctness"", ""points"": 0, ""comment"": ""needs work""}]",Great solution
fb_svreiftiqlzg,157,11,2025-07-26 04:06:48,"[{""criterion"": ""correctness"", ""points"": 3, ""comment"": ""needs work""}, {""criterion"": ""report"", ""points"": 2, ""comment"": ""ok""}, {""criterion"": ""style"", ""points"": 3, ""comment"": ""missing""}, {""criterion"": ""performance"", ""points"": 3, ""comment"": ""excellent""}, {""criterion"": ""tests"", ""points"": 2, ""comment"": ""needs work""}]",Great solution
fb_kcbxmncdlrhx,654,4,2025-02-24 15:47:26,"[{""criterion"": ""tests"", ""points"": 4, ""comment"": ""good""}, {""criterion"": ""report"", ""points"": 2, ""comment"": ""excellent""}, {""criterion"": ""style"", ""points"": 4, ""comment"": ""ok""}]",Incomplete
fb_jtfokppszibx,42,6,2025-03-08 22:47:33,"[{""criterion"": ""tests"", ""points"": 1, ""comment"": ""excellent""}, {""criterion"": ""correctness"", ""points"": 5, ""comment"": ""excellent""}, {""criterion"": ""performance"", ""points"": 0, ""comment"": ""excellent""}]",Great solution
fb_sascqabrnxdu,370,3,2025-10-26 07:02:44,"[{""criterion"": ""style"", ""points"": 2, ""comment"": ""excellent""}, {""criterion"": ""report"", ""points"": 1, ""comment"": ""good""}, {""criterion"": ""correctness"", ""points"": 1, ""comment"": ""missing""}, {""criterion"": ""performance"", ""points"": 5, ""comment"": ""needs work""}]",Great solution
fb_muwtbcuiosij,305,13,2025-07-31 18:23:28,"[{""criterion"": ""performance"", ""points"": 3, ""comment"": ""missing""}, {""criterion"": ""report"", ""points"": 1, ""comment"": ""needs work""}, {""criterion"": ""correctness"", ""points"": 2, ""comment"": ""good""}, {""criterion"": ""tests"", ""points"": 1, ""comment"": ""missing""}]",Great solution
fb_zgupzlvqimzc,382,9,2025-05-06 04:15:51,"[{""criterion"": ""style"", ""points"": 4, ""comment"": ""ok""}, {""criterion"": ""tests"", ""points"": 4, ""comment"": ""good""}]",Nice work
fb_fbtqjjjgijsk,1442,4,2025-08-11 09:48:42,"[{""criterion"": ""correctness"", ""points"": 3, ""comment"": ""needs work""}, {""criterion"": ""tests"", ""points"": 5, ""comment"": ""excellent""}, {""criterion"": ""style"", ""points"": 5, ""comment"": ""good""}]",Nice work
fb_pnagehirbeji,236,4,2025-02-27 22:44:03,"[{""criterion"": ""style"", ""points"": 4, ""comment"": ""excellent""}, {""criterion"": ""tests"", ""points"": 0, ""comment"": ""good""}, {""criterion"": ""report"", ""points"": 3, ""comment"": ""needs work""}]",Incomplete
fb_lkcbohgpylxs,441,3,2025-11-13 08:11:17,"[{""criterion"": ""correctness"", ""points"": 0, ""comment"": ""good""}, {""criterion"": ""report"", ""points"": 1, ""comment"": ""needs work""}]",Great solution
fb_qryokxcezbrl,1469,10,2025-10-05 22:37:43,"[{""criterion"": ""correctness"", ""points"": 5, ""comment"": ""ok""}, {""criterion"": ""tests"", ""points"": 2, ""comment"": ""ok""}, {""criterion"": ""report"", ""points"": 1, ""comment"": ""needs work""}, {""criterion"": ""performance"", ""points"": 1, ""comment"": ""good""}]",Nice work
fb_yubtjcuglaxx,361,3,2025-11-01 10:17:17,"[{""criterion"": ""report"", ""points"": 1, ""comment"": ""needs work""}, {""criterion"": ""correctness"", ""points"": 2, ""comment"": ""needs work""}]",Great solution
fb_zpujdfzvewaj,246,9,2025-08-01 10:54:11,"[{""criterion"": ""report"", ""points"": 1, ""comment"": ""excellent""}, {""criterion"": ""tests"", ""points"": 2, ""comment"": ""good""}, {""criterion"": ""correctness"", ""points"": 4, ""comment"": ""good""}, {""criterion"": ""performance"", ""points"": 4, ""comment"": ""needs work""}, {""criterion"": ""style"", ""points"": 3, ""comment"": ""missing""}]",Great solution
fb_gvuihnaiymfi,96,10,2025-07-04 16:22:39,"[{""criterion"": ""style"", ""points"": 2, ""comment"": ""missing""}, {""criterion"": ""report"", ""points"": 0, ""comment"": ""excellent""}, {""criterion"": ""correctness"", ""points"": 2, ""comment"": ""good""}]",Nice work
fb_atjyzmvsrjpv,1250,10,2025-08-12 11:29:19,"[{""criterion"": ""report"", ""points"": 2, ""comment"": ""excellent""}, {""criterion"": ""performance"", ""points"": 3, ""comment"": ""missing""}, {""criterion"": ""correctness"", ""points"": 0, ""comment"": ""ok""}, {""criterion"": ""style"", ""points"": 4, ""comment"": ""good""}]",Please improve
fb_acewrbdbpjjo,532,10,2025-03-13 01:01:24,"[{""criterion"": ""correctness"", ""points"": 2, ""comment"": ""needs work""}, {""criterion"": ""performance"", ""points"": 2, ""comment"": ""excellent""}, {""criterion"": ""style"", ""points"": 3, ""comment"": ""ok""}, {""criterion"": ""tests"", ""points"": 4, ""comment"": ""excellent""}]",Consider edge cases
fb_jxuugawnwycg,677,6,2025-08-30 18:15:54,"[{""criterion"": ""correctness"", ""points"": 0, ""comment"": ""needs work""}, {""criterion"": ""performance"", ""points"": 0, ""comment"": ""good""}, {""criterion"": ""report"", ""points"": 1, ""comment"": ""missing""}, {""criterion"": ""style"", ""points"": 0, ""comment"": ""ok""}, {""criterion"": ""tests"", ""points"": 3, ""comment"": ""missing""}]",Great solution
fb_hsdeumyhaxvi,396,9,2025-05-05 09:40:47,"[{""criterion"": ""correctness"", ""points"": 3, ""comment"": ""excellent""}, {""criterion"": ""report"", ""points"": 2, ""comment"": ""missing""}]",Incomplete
fb_foplpmbsryyf,1023,7,2025-07-09 15:17:09,"[{""criterion"": ""report"", ""points"": 4, ""comment"": ""missing""}, {""criterion"": ""correctness"", ""points"": 4, ""comment"": ""needs work""}, {""criterion"": ""tests"", ""points"": 4, ""comment"": ""excellent""}, {""criterion"": ""style"", ""points"": 5, ""comment"": ""ok""}]",Consider edge cases
fb_amuycszrvhku,20,6,2025-03-04 18:30:14,"[{""criterion"": ""style"", ""points"": 0, ""comment"": ""needs work""}, {""criterion"": ""tests"", ""points"": 2, ""comment"": ""needs work""}]",Consider edge cases
fb_gzhgamqcdvpm,27,6,2025-03-01 09:53:30,"[{""criterion"": ""performance"", ""points"": 4, ""comment"": ""excellent""}, {""criterion"": ""correctness"", ""points"": 3, ""comment"": ""excellent""}]",Please improve
fb_annlgmcndlrb,1351,7,2025-10-26 16:16:43,"[{""criterion"": ""style"", ""points"": 3, ""comment"": ""good""}, {""criterion"": ""report"", ""points"": 2, ""comment"": ""needs work""}, {""criterion"": ""performance"", ""points"": 3, ""comment"": ""excellent""}, {""criterion"": ""correctness"", ""points"": 4, ""comment"": ""excellent""}, {""criterion"": ""tests"", ""points"": 5, ""comment"": ""good""}]",Consider edge cases
fb_wubloxapuexe,885,1,2025-05-04 19:22:13,"[{""criterion"": ""style"", ""points"": 0, ""comment"": ""needs work""}, {""criterion"": ""performance"", ""points"": 4, ""comment"": ""excellent""}, {""criterion"": ""correctness"", ""points"": 2, ""comment"": ""ok""}]",Consider edge cases
fb_qfnqlxdlwvwg,1455,4,2025-08-14 21:29:48,"[{""criterion"": ""style"", ""points"": 5, ""comment"": ""missing""}, {""criterion"": ""correctness"", ""points"": 4, ""comment"": ""excellent""}, {""criterion"": ""performance"", ""points"": 2, ""comment"": ""good""}, {""criterion"": ""report"", ""points"": 4, ""comment"": ""needs work""}]",Please improve
fb_mvfdntuyeuon,285,11,2025-06-13 05:59:20,"[{""criterion"": ""report"", ""points"": 2, ""comment"": ""excellent""}, {""criterion"": ""performance"", ""points"": 2, ""comment"": ""ok""}, {""criterion"": ""style"", ""points"": 2, ""comment"": ""excellent""}, {""criterion"": ""correctness"", ""points"": 2, ""comment"": ""missing""}, {""criterion"": ""tests"", ""points"": 4, ""comment"": ""missing""}]",Incomplete
fb_juuqdxmewpuj,1249,10,2025-08-09 10:19:47,"[{""criterion"": ""tests"", ""points"": 2, ""comment"": ""ok""}, {""criterion"": ""performance"", ""points"": 2, ""comment"": ""good""}, {""criterion"": ""style"", ""points"": 3, ""comment"": ""needs work""}, {""criterion"": ""report"", ""points"": 2, ""comment"": ""ok""}]",Please improve
fb_resamvdrkdyb,288,11,2025-06-27 21:33:02,"[{""criterion"": ""correctness"", ""points"": 0, ""comment"": ""ok""}, {""criterion"": ""style"", ""points"": 1, ""comment"": ""needs work""}, {""criterion"": ""performance"", ""points"": 1, ""comment"": ""good""}, {""criterion"": ""tests"", ""points"": 5, ""comment"": ""missing""}, {""criterion"": ""report"", ""points"": 1, ""comment"": ""needs work""}]",Great solution
fb_zlyygrmowjwa,629,4,2025-11-07 13:24:15,"[{""criterion"": ""performance"", ""points"": 3, ""comment"": ""needs work""}, {""criterion"": ""tests"", ""points"": 3, ""comment"": ""needs work""}]",Incomplete
fb_yjjxqltthtkk,1542,6,2025-05-16 23:14:15,"[{""criterion"": ""tests"", ""points"": 2, ""comment"": ""good""}, {""criterion"": ""correctness"", ""points"": 0, ""comment"": ""ok""}, {""criterion"": ""style"", ""points"": 1, ""comment"": ""good""}, {""criterion"": ""performance"", ""points"": 0, ""comment"": ""ok""}, {""criterion"": ""report"", ""points"": 4, ""comment"": ""good""}]",Nice work
fb_fhdqgwqbwvuf,172,14,2025-09-30 14:16:55,"[{""criterion"": ""tests"", ""points"": 4, ""comment"": ""needs work""}, {""criterion"": ""performance"", ""points"": 5, ""comment"": ""good""}, {""criterion"": ""style"", ""points"": 1, ""comment"": ""needs work""}, {""criterion"": ""report"", ""points"": 0, ""comment"": ""needs work""}, {""criterion"": ""correctness"", ""points"": 5, ""comment"": ""good""}]",Incomplete
fb_dlxjtteusjrh,431,3,2025-11-20 00:04:55,"[{""criterion"": ""tests"", ""points"": 4, ""comment"": ""ok""}, {""criterion"": ""performance"", ""points"": 1, ""comment"": ""good""}, {""criterion"": ""report"", ""points"": 1, ""comment"": ""missing""}]",Please improve
fb_wbuiabxxadsn,1459,4,2025-08-21 15:57:53,"[{""criterion"": ""tests"", ""points"": 4, ""comment"": ""ok""}, {""criterion"": ""style"", ""points"": 5, ""comment"": ""needs work""}]",Nice work
fb_rwxiruvkevlr,186,14,2025-09-02 04:41:26,"[{""criterion"": ""tests"", ""points"": 2, ""comment"": ""excellent""}, {""criterion"": ""correctness"", ""points"": 0, ""comment"": ""missing""}, {""criterion"": ""report"", ""points"": 2, ""comment"": ""needs work""}]",Nice work
fb_efovpnyxipou,1420,11,2025-02-04 17:51:58,"[{""criterion"": ""performance"", ""points"": 2, ""comment"": ""excellent""}, {""criterion"": ""correctness"", ""points"": 3, ""comment"": ""needs work""}, {""criterion"": ""report"", ""points"": 4, ""comment"": ""ok""}]",Nice work
fb_ytncesrqodtr,1128,13,2025-06-15 01:38:12,"[{""criterion"": ""tests"", ""points"": 4, ""comment"": ""ok""}, {""criterion"": ""report"", ""points"": 5, ""comment"": ""excellent""}, {""criterion"": ""style"", ""points"": 5, ""comment"": ""needs work""}, {""criterion"": ""performance"", ""points"": 0, ""comment"": ""good""}, {""criterion"": ""correctness"", ""points"": 3, ""comment"": ""excellent""}]",Great solution
fb_lmzcoccavquz,778,14,2025-12-10 02:39:33,"[{""criterion"": ""performance"", ""points"": 0, ""comment"": ""ok""}, {""criterion"": ""report"", ""points"": 4, ""comment"": ""ok""}, {""criterion"": ""tests"", ""points"": 2, ""comment"": ""excellent""}, {""criterion"": ""style"", ""points"": 3, ""comment"": ""ok""}, {""criterion"": ""correctness"", ""points"": 1, ""comment"": ""missing""}]",Please improve
fb_zuksdbxncqqf,449,10,2025-11-26 15:56:59,"[{""criterion"": ""performance"", ""points"": 0, ""comment"": ""excellent""}, {""criterion"": ""style"", ""points"": 4, ""comment"": ""needs work""}, {""criterion"": ""correctness"", ""points"": 2, ""comment"": ""excellent""}]",Incomplete
fb_bwchjxchwios,47,4,2025-12-05 21:37:23,"[{""criterion"": ""style"", ""points"": 0, ""comment"": ""needs work""}, {""criterion"": ""report"", ""points"": 0, ""comment"": ""good""}, {""criterion"": ""tests"", ""points"": 2, ""comment"": ""needs work""}, {""criterion"": ""performance"", ""points"": 5, ""comment"": ""ok""}, {""criterion"": ""correctness"", ""points"": 3, ""comment"": ""missing""}]",Incomplete
fb_ddqxjhlnhalm,1047,3,2025-08-29 03:28:43,"[{""criterion"": ""correctness"", ""points"": 4, ""comment"": ""missing""}, {""criterion"": ""style"", ""points"": 1, ""comment"": ""good""}, {""criterion"": ""performance"", ""points"": 1, ""comment"": ""missing""}]",Nice work
fb_fjkgnehkvozd,747,6,2025-05-20 20:46:41,"[{""criterion"": ""report"", ""points"": 4, ""comment"": ""missing""}, {""criterion"": ""performance"", ""points"": 0, ""comment"": ""good""}, {""criterion"": ""correctness"", ""points"": 3, ""comment"": ""good""}, {""criterion"": ""style"", ""points"": 3, ""comment"": ""ok""}]",Consider edge cases
fb_jlvnhsnsbcnl,9,4,2025-04-14 17:37:53,"[{""criterion"": ""correctness"", ""points"": 2, ""comment"": ""excellent""}, {""criterion"": ""report"", ""points"": 4, ""comment"": ""good""}]",Nice work
fb_cqwtdswukcgm,1202,3,2025-05-13 02:47:17,"[{""criterion"": ""performance"", ""points"": 1, ""comment"": ""missing""}, {""criterion"": ""correctness"", ""points"": 0, ""comment"": ""missing""}, {""criterion"": ""tests"", ""points"": 0, ""comment"": ""needs work""}, {""criterion"": ""report"", ""points"": 0, ""comment"": ""excellent""}, {""criterion"": ""style"", ""points"": 4, ""comment"": ""excellent""}]",Great solution
fb_xkocuctyjucs,483,3,2025-09-10 01:49:55,"[{""criterion"": ""style"", ""points"": 0, ""comment"": ""ok""}, {""criterion"": ""correctness"", ""points"": 1, ""comment"": ""ok""}, {""criterion"": ""tests"", ""points"": 0, ""comment"": ""ok""}]",Great solution
fb_nwzpvjagzbqr,1347,7,2025-10-31 21:06:28,"[{""criterion"": ""style"", ""points"": 3, ""comment"": ""excellent""}, {""criterion"": ""performance"", ""points"": 1, ""comment"": ""excellent""}, {""criterion"": ""correctness"", ""points"": 5, ""comment"": ""needs work""}]",Incomplete
fb_kcokrvjmnsqy,996,6,2025-02-13 08:13:28,"[{""criterion"": ""performance"", ""points"": 4, ""comment"": ""needs work""}, {""criterion"": ""report"", ""points"": 1, ""comment"": ""needs work""}]",Incomplete
fb_enkblyoypoeg,1115,9,2025-08-29 20:36:22,"[{""criterion"": ""style"", ""points"": 5, ""comment"": ""needs work""}, {""criterion"": ""tests"", ""points"": 2, ""comment"": ""needs work""}, {""criterion"": ""correctness"", ""points"": 3, ""comment"": ""good""}, {""criterion"": ""performance"", ""points"": 1, ""comment"": ""good""}, {""criterion"": ""report"", ""points"": 1, ""comment"": ""good""}]",Nice work
fb_dyhpbhtnyzmn,1012,6,2025-02-08 02:46:54,"[{""criterion"": ""correctness"", ""points"": 1, ""comment"": ""needs work""}, {""criterion"": ""style"", ""points"": 1, ""comment"": ""excellent""}, {""criterion"": ""tests"", ""points"": 1, ""comment"": ""missing""}, {""criterion"": ""performance"", ""points"": 2, ""comment"": ""good""}, {""criterion"": ""report"", ""points"": 2, ""comment"": ""ok""}]",Consider edge cases
fb_cornuxjbzixi,1529,10,2025-10-03 23:47:55,"[{""criterion"": ""tests"", ""points"": 4, ""comment"": ""ok""}, {""criterion"": ""style"", ""points"": 2, ""comment"": ""missing""}, {""criterion"": ""correctness"", ""points"": 1, ""comment"": ""missing""}, {""criterion"": ""report"", ""points"": 5, ""comment"": ""missing""}]",Nice work
fb_hkjbowjgywaj,375,3,2025-10-20 13:08:59,"[{""criterion"": ""report"", ""points"": 3, ""comment"": ""good""}, {""criterion"": ""tests"", ""points"": 3, ""comment"": ""needs work""}, {""criterion"": ""style"", ""points"": 0, ""comment"": ""needs work""}]",Nice work
fb_wttaolcfblco,903,10,2025-07-29 09:13:28,"[{""criterion"": ""report"", ""points"": 0, ""comment"": ""good""}, {""criterion"": ""style"", ""points"": 2, ""comment"": ""missing""}]",Please improve
fb_nqkcebgvzybn,397,9,2025-04-26 09:01:27,"[{""criterion"": ""style"", ""points"": 5, ""comment"": ""needs work""}, {""criterion"": ""report"", ""points"": 4, ""comment"": ""good""}, {""criterion"": ""correctness"", ""points"": 4, ""comment"": ""missing""}, {""criterion"": ""tests"", ""points"": 5, ""comment"": ""excellent""}]",Nice work
fb_yngvwodqhapv,1256,4,2025-02-10 11:04:39,"[{""criterion"": ""tests"", ""points"": 3, ""comment"": ""excellent""}, {""criterion"": ""report"", ""points"": 3, ""comment"": ""excellent""}]",Please improve
fb_lauatqugjhun,693,6,2025-08-24 21:02:21,"[{""criterion"": ""performance"", ""points"": 0, ""comment"": ""ok""}, {""criterion"": ""tests"", ""points"": 1, ""comment"": ""needs work""}, {""criterion"": ""style"", ""points"": 3, ""comment"": ""missing""}]",Consider edge cases
fb_ofxevjbujgtm,1130,13,2025-06-20 01:05:10,"[{""criterion"": ""style"", ""points"": 1, ""comment"": ""missing""}, {""criterion"": ""performance"", ""points"": 5, ""comment"": ""ok""}, {""criterion"": ""tests"", ""points"": 1, ""comment"": ""good""}, {""criterion"": ""report"", ""points"": 5, ""comment"": ""excellent""}, {""criterion"": ""correctness"", ""points"": 0, ""comment"": ""needs work""}]",Nice work
fb_lzfojdwjowae,1526,10,2025-10-03 12:38:40,"[{""criterion"": ""report"", ""points"": 2, ""comment"": ""excellent""}, {""criterion"": ""style"", ""points"": 3, ""comment"": ""missing""}, {""criterion"": ""correctness"", ""points"": 0, ""comment"": ""needs work""}, {""criterion"": ""tests"", ""points"": 4, ""comment"": ""needs work""}, {""criterion"": ""performance"", ""points"": 2, ""comment"": ""ok""}]",Please improve
fb_qmamqprawfsg,487,3,2025-09-10 15:40:52,"[{""criterion"": ""style"", ""points"": 0, ""comment"": ""needs work""}, {""criterion"": ""report"", ""points"": 3, ""comment"": ""good""}, {""criterion"": ""correctness"", ""points"": 2, ""comment"": ""missing""}, {""criterion"": ""performance"", ""points"": 2, ""comment"": ""missing""}]",Consider edge cases
fb_hkebdtzilkje,1051,3,2025-08-23 16:34:33,"[{""criterion"": ""performance"", ""points"": 0, ""comment"": ""needs work""}, {""criterion"": ""tests"", ""points"": 0, ""comment"": ""good""}, {""criterion"": ""correctness"", ""points"": 3, ""comment"": ""good""}, {""criterion"": ""style"", ""points"": 1, ""comment"": ""good""}]",Consider edge cases
fb_vkhzrxygioio,1552,6,2025-05-14 19:12:09,"[{""criterion"": ""report"", ""points"": 2, ""comment"": ""ok""}, {""criterion"": ""tests"", ""points"": 0, ""comment"": ""good""}, {""criterion"": ""correctness"", ""points"": 4, ""comment"": ""ok""}]",Please improve
fb_srbzzqahukbf,1015,6,2025-02-10 03:55:40,"[{""criterion"": ""report"", ""points"": 0, ""comment"": ""excellent""}, {""criterion"": ""style"", ""points"": 2, ""comment"": ""ok""}, {""criterion"": ""correctness"", ""points"": 0, ""comment"": ""good""}, {""criterion"": ""performance"", ""points"": 5, ""comment"": ""excellent""}]",Nice work
fb_pgkluqjvmmlp,1438,5,2025-05-31 17:50:50,"[{""criterion"": ""correctness"", ""points"": 0, ""comment"": ""excellent""}, {""criterion"": ""performance"", ""points"": 0, ""comment"": ""excellent""}]",Please improve
fb_tumxzmtovxah,887,1,2025-04-29 01:20:32,"[{""criterion"": ""style"", ""points"": 3, ""comment"": ""good""}, {""criterion"": ""report"", ""points"": 5, ""comment"": ""excellent""}, {""criterion"": ""correctness"", ""points"": 3, ""comment"": ""missing""}, {""criterion"": ""performance"", ""points"": 1, ""comment"": ""excellent""}, {""criterion"": ""tests"", ""points"": 0, ""comment"": ""excellent""}]",Nice work
fb_eoyrdxqeoloq,237,4,2025-03-03 05:40:27,"[{""criterion"": ""tests"", ""points"": 3, ""comment"": ""missing""}, {""criterion"": ""style"", ""points"": 4, ""comment"": ""ok""}, {""criterion"": ""report"", ""points"": 3, ""comment"": ""good""}]",Nice work
fb_dzfvjrlvrftx,1527,10,2025-10-04 13:22:11,"[{""criterion"": ""report"", ""points"": 0, ""comment"": ""missing""}, {""criterion"": ""correctness"", ""points"": 4, ""comment"": ""missing""}]",Nice work
fb_wglecjsldrgx,1222,3,2025-05-05 10:13:29,"[{""criterion"": ""style"", ""points"": 2, ""comment"": ""ok""}, {""criterion"": ""tests"", ""points"": 0, ""comment"": ""missing""}, {""criterion"": ""report"", ""points"": 1, ""comment"": ""excellent""}, {""criterion"": ""performance"", ""points"": 0, ""comment"": ""missing""}, {""criterion"": ""correctness"", ""points"": 1, ""comment"": ""excellent""}]",Great solution
fb_fqqtfxjinbmj,1079,12,2025-01-28 16:43:32,"[{""criterion"": ""style"", ""points"": 1, ""comment"": ""ok""}, {""criterion"": ""performance"", ""points"": 3, ""comment"": ""needs work""}, {""criterion"": ""correctness"", ""points"": 5, ""comment"": ""excellent""}, {""criterion"": ""report"", ""points"": 4, ""comment"": ""needs work""}]",Please improve
fb_rxcqwivibqkn,589,6,2025-01-30 15:07:26,"[{""criterion"": ""report"", ""points"": 3, ""comment"": ""good""}, {""criterion"": ""tests"", ""points"": 4, ""comment"": ""good""}, {""criterion"": ""correctness"", ""points"": 3, ""comment"": ""good""}, {""criterion"": ""performance"", ""points"": 4, ""comment"": ""missing""}, {""criterion"": ""style"", ""points"": 2, ""comment"": ""good""}]",Incomplete
fb_raeqpzlgoqbm,90,10,2025-06-27 03:00:33,"[{""criterion"": ""tests"", ""points"": 0, ""comment"": ""missing""}, {""criterion"": ""report"", ""points"": 4, ""comment"": ""good""}, {""criterion"": ""correctness"", ""points"": 4, ""comment"": ""good""}]",Please improve
fb_bvqpnwjstwyy,294,13,2025-08-07 07:21:50,"[{""criterion"": ""tests"", ""points"": 4, ""comment"": ""excellent""}, {""criterion"": ""report"", ""points"": 4, ""comment"": ""excellent""}, {""criterion"": ""correctness"", ""points"": 4, ""comment"": ""needs work""}]",Nice work
fb_wrkplpjtahhp,1398,11,2025-02-05 01:21:24,"[{""criterion"": ""style"", ""points"": 1, ""comment"": ""needs work""}, {""criterion"": ""correctness"", ""points"": 4, ""comment"": ""good""}, {""criterion"": ""performance"", ""points"": 0, ""comment"": ""needs work""}, {""criterion"": ""report"", ""points"": 5, ""comment"": ""needs work""}, {""criterion"": ""tests"", ""points"": 2, ""comment"": ""ok""}]",Please improve
fb_jztxbecysyag,1149,10,2025-01-22 13:23:42,"[{""criterion"": ""report"", ""points"": 4, ""comment"": ""missing""}, {""criterion"": ""style"", ""points"": 3, ""comment"": ""needs work""}, {""criterion"": ""correctness"", ""points"": 3, ""comment"": ""needs work""}, {""criterion"": ""tests"", ""points"": 5, ""comment"": ""needs work""}]",Please improve
fb_ewuicwtyfwli,712,1,2025-10-27 01:01:41,"[{""criterion"": ""style"", ""points"": 2, ""comment"": ""missing""}, {""criterion"": ""performance"", ""points"": 0, ""comment"": ""good""}]",Great solution
fb_bqzdvrramvay,1055,3,2025-08-23 18:59:34,"[{""criterion"": ""report"", ""points"": 1, ""comment"": ""needs work""}, {""criterion"": ""performance"", ""points"": 0, ""comment"": ""needs work""}, {""criterion"": ""correctness"", ""points"": 0, ""comment"": ""missing""}]",Consider edge cases
fb_whtfzyokuvks,1225,10,2025-08-12 16:26:00,"[{""criterion"": ""style"", ""points"": 5, ""comment"": ""excellent""}, {""criterion"": ""report"", ""points"": 5, ""comment"": ""excellent""}, {""criterion"": ""correctness"", ""points"": 3, ""comment"": ""good""}, {""criterion"": ""tests"", ""points"": 1, ""comment"": ""missing""}]",Please improve
fb_uhhjfhpnteln,111,10,2025-09-29 03:11:54,"[{""criterion"": ""style"", ""points"": 0, ""comment"": ""excellent""}, {""criterion"": ""tests"", ""points"": 5, ""comment"": ""needs work""}]",Please improve
fb_wgshrufnzwmn,1505,4,2025-02-02 12:12:04,"[{""criterion"": ""report"", ""points"": 5, ""comment"": ""needs work""}, {""criterion"": ""style"", ""points"": 5, ""comment"": ""ok""}, {""criterion"": ""tests"", ""points"": 3, ""comment"": ""missing""}]",Great solution
fb_dtysfzywrwfa,972,11,2025-04-17 14:19:03,"[{""criterion"": ""tests"", ""points"": 1, ""comment"": ""needs work""}, {""criterion"": ""report"", ""points"": 0, ""comment"": ""ok""}, {""criterion"": ""correctness"", ""points"": 4, ""comment"": ""needs work""}, {""criterion"": ""style"", ""points"": 5, ""comment"": ""good""}]",Great solution
fb_lqfrubtczhgn,494,4,2025-07-03 16:03:28,"[{""criterion"": ""performance"", ""points"": 2, ""comment"": ""ok""}, {""criterion"": ""tests"", ""points"": 5, ""comment"": ""needs work""}, {""criterion"": ""report"", ""points"": 2, ""comment"": ""needs work""}, {""criterion"": ""style"", ""points"": 2, ""comment"": ""missing""}]",Please improve
fb_eecmvxzkflwo,1334,7,2025-10-25 16:30:15,"[{""criterion"": ""style"", ""points"": 3, ""comment"": ""missing""}, {""criterion"": ""correctness"", ""points"": 2, ""comment"": ""needs work""}, {""criterion"": ""report"", ""points"": 0, ""comment"": ""good""}, {""criterion"": ""tests"", ""points"": 0, ""comment"": ""missing""}]",Incomplete
fb_lwgsmhpzzqnz,94,10,2025-07-02 05:53:40,"[{""criterion"": ""style"", ""points"": 0, ""comment"": ""needs work""}, {""criterion"": ""correctness"", ""points"": 5, ""comment"": ""needs work""}, {""criterion"": ""tests"", ""points"": 2, ""comment"": ""missing""}, {""criterion"": ""report"", ""points"": 3, ""comment"": ""excellent""}]",Great solution
fb_vljdiofpugra,1027,7,2025-07-05 00:41:47,"[{""criterion"": ""performance"", ""points"": 1, ""comment"": ""missing""}, {""criterion"": ""tests"", ""points"": 3, ""comment"": ""excellent""}]",Nice work
fb_morxrpeobpfn,990,11,2025-04-24 06:57:59,"[{""criterion"": ""correctness"", ""points"": 2, ""comment"": ""missing""}, {""criterion"": ""report"", ""points"": 3, ""comment"": ""ok""}]",Consider edge cases
fb_ondcslxbkknm,446,3,2025-11-27 03:15:34,"[{""criterion"": ""correctness"", ""points"": 0, ""comment"": ""missing""}, {""criterion"": ""tests"", ""points"": 2, ""comment"": ""ok""}]",Please improve
fb_dyqrliejmncl,1309,1,2025-05-23 09:42:46,"[{""criterion"": ""correctness"", ""points"": 3, ""comment"": ""ok""}, {""criterion"": ""tests"", ""points"": 5, ""comment"": ""missing""}]",Consider edge cases
fb_hwzejjyustfr,724,1,2025-06-07 10:17:15,"[{""criterion"": ""style"", ""points"": 0, ""comment"": ""excellent""}, {""criterion"": ""correctness"", ""points"": 0, ""comment"": ""ok""}]",Great solution
fb_xcaugjwgqtky,307,13,2025-07-30 07:35:32,"[{""criterion"": ""performance"", ""points"": 1, ""comment"": ""excellent""}, {""criterion"": ""report"", ""points"": 0, ""comment"": ""needs work""}, {""criterion"": ""tests"", ""points"": 3, ""comment"": ""good""}, {""criterion"": ""style"", ""points"": 2, ""comment"": ""ok""}, {""criterion"": ""correctness"", ""points"": 1, ""comment"": ""needs work""}]",Incomplete
fb_kqemnacjstiw,848,7,2025-12-06 23:41:51,"[{""criterion"": ""report"", ""points"": 3, ""comment"": ""missing""}, {""criterion"": ""tests"", ""points"": 2, ""comment"": ""ok""}, {""criterion"": ""performance"", ""points"": 2, ""comment"": ""excellent""}, {""criterion"": ""style"", ""points"": 1, ""comment"": ""missing""}]",Please improve
fb_xzoschwcsbld,605,4,2025-10-04 19:17:16,"[{""criterion"": ""style"", ""points"": 4, ""comment"": ""ok""}, {""criterion"": ""report"", ""points"": 0, ""comment"": ""excellent""}, {""criterion"": ""correctness"", ""points"": 1, ""comment"": ""excellent""}, {""criterion"": ""tests"", ""points"": 3, ""comment"": ""excellent""}]",Great solution
fb_bkbpjfvbzocb,988,11,2025-04-24 01:35:16,"[{""criterion"": ""correctness"", ""points"": 1, ""comment"": ""missing""}, {""criterion"": ""style"", ""points"": 2, ""comment"": ""ok""}]",Please improve
fb_lionkyvlbdmq,1274,3,2025-09-12 18:39:16,"[{""criterion"": ""performance"", ""points"": 4, ""comment"": ""missing""}, {""criterion"": ""tests"", ""points"": 4, ""comment"": ""missing""}, {""criterion"": ""correctness"", ""points"": 5, ""comment"": ""good""}, {""criterion"": ""style"", ""points"": 2, ""comment"": ""excellent""}]",Incomplete
fb_djsisunlawqb,1216,3,2025-05-04 15:07:19,"[{""criterion"": ""tests"", ""points"": 1, ""comment"": ""excellent""}, {""criterion"": ""report"", ""points"": 3, ""comment"": ""missing""}, {""criterion"": ""style"", ""points"": 4, ""comment"": ""missing""}]",Please improve
fb_zpkjcydkwzzj,881,1,2025-05-11 14:59:01,"[{""criterion"": ""correctness"", ""points"": 0, ""comment"": ""good""}, {""criterion"": ""performance"", ""points"": 4, ""comment"": ""ok""}, {""criterion"": ""tests"", ""points"": 0, ""comment"": ""excellent""}, {""criterion"": ""report"", ""points"": 5, ""comment"": ""good""}, {""criterion"": ""style"", ""points"": 3, ""comment"": ""ok""}]",Please improve
fb_udisxflxuodn,970,11,2025-04-27 23:50:01,"[{""criterion"": ""tests"", ""points"": 2, ""comment"": ""missing""}, {""criterion"": ""report"", ""points"": 5, ""comment"": ""excellent""}, {""criterion"": ""style"", ""points"": 5, ""comment"": ""ok""}, {""criterion"": ""performance"", ""points"": 4, ""comment"": ""good""}]",Nice work
fb_lbaotqdebwdc,74,5,2025-10-22 00:32:10,"[{""criterion"": ""report"", ""points"": 1, ""comment"": ""good""}, {""criterion"": ""style"", ""points"": 1, ""comment"": ""good""}, {""criterion"": ""correctness"", ""points"": 4, ""comment"": ""excellent""}]",Great solution
fb_dkeofwtbyzkf,1265,4,2025-02-07 02:40:51,"[{""criterion"": ""performance"", ""points"": 1, ""comment"": ""ok""}, {""criterion"": ""style"", ""points"": 1, ""comment"": ""missing""}]",Consider edge cases
fb_viecflfvrulu,1279,3,2025-09-17 22:19:10,"[{""criterion"": ""report"", ""points"": 0, ""comment"": ""good""}, {""criterion"": ""performance"", ""points"": 5, ""comment"": ""needs work""}, {""criterion"": ""tests"", ""points"": 3, ""comment"": ""excellent""}, {""criterion"": ""correctness"", ""points"": 0, ""comment"": ""good""}, {""criterion"": ""style"", ""points"": 1, ""comment"": ""ok""}]",Great solution
fb_gxbjmcifnfjb,53,4,2025-12-16 10:20:22,"[{""criterion"": ""tests"", ""points"": 1, ""comment"": ""good""}, {""criterion"": ""correctness"", ""points"": 3, ""comment"": ""excellent""}]",Consider edge cases
fb_fugdayorllpf,680,6,2025-08-29 21:42:03,"[{""criterion"": ""report"", ""points"": 1, ""comment"": ""excellent""}, {""criterion"": ""style"", ""points"": 4, ""comment"": ""ok""}, {""criterion"": ""performance"", ""points"": 0, ""comment"": ""ok""}, {""criterion"": ""tests"", ""points"": 5, ""comment"": ""ok""}]",Consider edge cases
fb_zpzaoptwfivc,1475,10,2025-10-08 05:36:00,"[{""criterion"": ""report"", ""points"": 4, ""comment"": ""ok""}, {""criterion"": ""correctness"", ""points"": 4, ""comment"": ""ok""}, {""criterion"": ""style"", ""points"": 0, ""comment"": ""missing""}, {""criterion"": ""tests"", ""points"": 0, ""comment"": ""excellent""}, {""criterion"": ""performance"", ""points"": 1, ""comment"": ""good""}]",Incomplete
fb_lzupgtysufrm,339,6,2025-10-21 16:51:48,"[{""criterion"": ""performance"", ""points"": 0, ""comment"": ""missing""}, {""criterion"": ""style"", ""points"": 3, ""comment"": ""missing""}, {""criterion"": ""tests"", ""points"": 5, ""comment"": ""excellent""}, {""criterion"": ""correctness"", ""points"": 5, ""comment"": ""missing""}]",Nice work
fb_dioobjsuwhhk,304,13,2025-08-05 09:04:35,"[{""criterion"": ""style"", ""points"": 0, ""comment"": ""good""}, {""criterion"": ""correctness"", ""points"": 4, ""comment"": ""good""}, {""criterion"": ""performance"", ""points"": 5, ""comment"": ""missing""}]",Please improve
fb_zadseffglxld,1025,7,2025-07-04 06:25:02,"[{""criterion"": ""performance"", ""points"": 3, ""comment"": ""excellent""}, {""criterion"": ""tests"", ""points"": 0, ""comment"": ""excellent""}]",Consider edge cases
fb_mkuyueqijwdi,331,6,2025-10-16 21:05:08,"[{""criterion"": ""performance"", ""points"": 1, ""comment"": ""good""}, {""criterion"": ""correctness"", ""points"": 3, ""comment"": ""missing""}, {""criterion"": ""style"", ""points"": 3, ""comment"": ""ok""}, {""criterion"": ""tests"", ""points"": 0, ""comment"": ""needs work""}]",Incomplete
fb_lyggxlezsmfo,1327,1,2025-05-19 20:56:48,"[{""criterion"": ""tests"", ""points"": 2, ""comment"": ""good""}, {""criterion"": ""performance"", ""points"": 2, ""comment"": ""needs work""}, {""criterion"": ""style"", ""points"": 5, ""comment"": ""ok""}, {""criterion"": ""correctness"", ""points"": 2, ""comment"": ""ok""}]",Consider edge cases
fb_kcraiwrheeys,394,9,2025-05-04 00:22:43,"[{""criterion"": ""correctness"", ""points"": 2, ""comment"": ""excellent""}, {""criterion"": ""performance"", ""points"": 0, ""comment"": ""missing""}]",Consider edge cases
fb_khfwrdydptre,391,9,2025-05-03 13:39:21,"[{""criterion"": ""performance"", ""points"": 4, ""comment"": ""good""}, {""criterion"": ""tests"", ""points"": 5, ""comment"": ""ok""}]",Please improve
fb_qunskrxxtlbo,493,4,2025-07-06 21:43:29,"[{""criterion"": ""report"", ""points"": 5, ""comment"": ""needs work""}, {""criterion"": ""style"", ""points"": 4, ""comment"": ""ok""}, {""criterion"": ""tests"", ""points"": 5, ""comment"": ""ok""}, {""criterion"": ""performance"", ""points"": 2, ""comment"": ""missing""}]",Nice work
fb_vbxayteykqoi,890,1,2025-05-03 04:16:04,"[{""criterion"": ""tests"", ""points"": 2, ""comment"": ""excellent""}, {""criterion"": ""correctness"", ""points"": 2, ""comment"": ""needs work""}]",Great solution
fb_qvixzkynoukr,950,7,2025-06-02 08:39:54,"[{""criterion"": ""correctness"", ""points"": 4, ""comment"": ""excellent""}, {""criterion"": ""performance"", ""points"": 4, ""comment"": ""ok""}, {""criterion"": ""tests"", ""points"": 3, ""comment"": ""needs work""}, {""criterion"": ""report"", ""points"": 2, ""comment"": ""ok""}, {""criterion"": ""style"", ""points"": 3, ""comment"": ""needs work""}]",Please improve
fb_zvatktmktqhc,1374,4,2025-03-13 16:30:28,"[{""criterion"": ""report"", ""points"": 5, ""comment"": ""good""}, {""criterion"": ""tests"", ""points"": 2, ""comment"": ""needs work""}, {""criterion"": ""correctness"", ""points"": 3, ""comment"": ""missing""}]",Please improve
fb_ttrfntyrlsiy,1437,5,2025-05-29 08:52:10,"[{""criterion"": ""style"", ""points"": 3, ""comment"": ""excellent""}, {""criterion"": ""correctness"", ""points"": 1, ""comment"": ""excellent""}, {""criterion"": ""tests"", ""points"": 2, ""comment"": ""good""}, {""criterion"": ""report"", ""points"": 1, ""comment"": ""missing""}]",Nice work
fb_kukrtaiopcfz,381,9,2025-05-05 22:53:46,"[{""criterion"": ""style"", ""points"": 3, ""comment"": ""excellent""}, {""criterion"": ""correctness"", ""points"": 0, ""comment"": ""ok""}, {""criterion"": ""report"", ""points"": 3, ""comment"": ""ok""}, {""criterion"": ""tests"", ""points"": 2, ""comment"": ""ok""}, {""criterion"": ""performance"", ""points"": 0, ""comment"": ""excellent""}]",Great solution
fb_hfsuhdpimjwd,1221,3,2025-05-03 17:15:18,"[{""criterion"": ""performance"", ""points"": 1, ""comment"": ""excellent""}, {""criterion"": ""tests"", ""points"": 1, ""comment"": ""good""}]",Please improve
fb_maaoqtqpawxd,73,5,2025-10-20 09:15:37,"[{""criterion"": ""tests"", ""points"": 1, ""comment"": ""ok""}, {""criterion"": ""performance"", ""points"": 3, ""comment"": ""excellent""}, {""criterion"": ""report"", ""points"": 0, ""comment"": ""excellent""}, {""criterion"": ""correctness"", ""points"": 4, ""comment"": ""excellent""}, {""criterion"": ""style"", ""points"": 5, ""comment"": ""missing""}]",Consider edge cases
fb_edhzjmpppsbs,520,4,2025-07-10 14:31:06,"[{""criterion"": ""performance"", ""points"": 2, ""comment"": ""ok""}, {""criterion"": ""style"", ""points"": 1, ""comment"": ""ok""}, {""criterion"": ""report"", ""points"": 5, ""comment"": ""missing""}]",Please improve
fb_kcbyoevasauc,183,14,2025-09-01 06:59:38,"[{""criterion"": ""style"", ""points"": 3, ""comment"": ""missing""}, {""criterion"": ""report"", ""points"": 0, ""comment"": ""good""}, {""criterion"": ""correctness"", ""points"": 1, ""comment"": ""missing""}, {""criterion"": ""tests"", ""points"": 0, ""comment"": ""needs work""}]",Great solution
fb_vcuftpqvljrm,149,11,2025-07-18 21:37:18,"[{""criterion"": ""style"", ""points"": 4, ""comment"": ""missing""}, {""criterion"": ""tests"", ""points"": 4, ""comment"": ""ok""}, {""criterion"": ""report"", ""points"": 1, ""comment"": ""excellent""}]",Great solution
fb_grnkcbelrbui,1477,10,2025-09-29 20:34:12,"[{""criterion"": ""performance"", ""points"": 0, ""comment"": ""excellent""}, {""criterion"": ""report"", ""points"": 3, ""comment"": ""good""}, {""criterion"": ""tests"", ""points"": 4, ""comment"": ""excellent""}, {""criterion"": ""correctness"", ""points"": 4, ""comment"": ""missing""}]",Nice work
fb_mdvxpmeaixie,16,4,2025-04-09 10:20:31,"[{""criterion"": ""correctness"", ""points"": 1, ""comment"": ""ok""}, {""criterion"": ""performance"", ""points"": 4, ""comment"": ""ok""}]",Please improve
fb_blxiyunhetwp,70,5,2025-10-28 18:08:57,"[{""criterion"": ""correctness"", ""points"": 4, ""comment"": ""excellent""}, {""criterion"": ""style"", ""points"": 2, ""comment"": ""missing""}, {""criterion"": ""performance"", ""points"": 4, ""comment"": ""ok""}, {""criterion"": ""tests"", ""points"": 5, ""comment"": ""good""}]",Please improve
fb_vynzveppqodm,690,6,2025-08-29 15:28:58,"[{""criterion"": ""report"", ""points"": 1, ""comment"": ""excellent""}, {""criterion"": ""tests"", ""points"": 0, ""comment"": ""missing""}, {""criterion"": ""correctness"", ""points"": 1, ""comment"": ""excellent""}, {""criterion"": ""style"", ""points"": 0, ""comment"": ""missing""}]",Please improve
fb_mmdpyfcfryrx,847,7,2025-12-17 00:54:09,"[{""criterion"": ""style"", ""points"": 2, ""comment"": ""good""}, {""criterion"": ""tests"", ""points"": 4, ""comment"": ""excellent""}, {""criterion"": ""correctness"", ""points"": 0, ""comment"": ""needs work""}, {""criterion"": ""report"", ""points"": 5, ""comment"": ""good""}, {""criterion"": ""performance"", ""points"": 2, ""comment"": ""excellent""}]",Great solution
fb_jedpcnejtnbk,1466,10,2025-10-06 13:25:16,"[{""criterion"": ""style"", ""points"": 5, ""comment"": ""missing""}, {""criterion"": ""correctness"", ""points"": 0, ""comment"": ""good""}]",Consider edge cases
fb_hopxhiynzall,466,10,2025-12-02 01:37:51,"[{""criterion"": ""correctness"", ""points"": 1, ""comment"": ""ok""}, {""criterion"": ""performance"", ""points"": 5, ""comment"": ""missing""}, {""criterion"": ""tests"", ""points"": 4, ""comment"": ""ok""}, {""criterion"": ""style"", ""points"": 1, ""comment"": ""excellent""}]",Please improve
fb_amfpwodwrspm,306,13,2025-08-06 14:28:58,"[{""criterion"": ""correctness"", ""points"": 1, ""comment"": ""needs work""}, {""criterion"": ""style"", ""points"": 3, ""comment"": ""excellent""}, {""criterion"": ""performance"", ""points"": 4, ""comment"": ""excellent""}]",Consider edge cases
fb_ethemwimcjdk,992,11,2025-04-24 14:13:02,"[{""criterion"": ""report"", ""points"": 3, ""comment"": ""ok""}, {""criterion"": ""correctness"", ""points"": 4, ""comment"": ""ok""}]",Please improve
fb_yqosjxeuedrk,18,4,2025-04-09 00:13:36,"[{""criterion"": ""correctness"", ""points"": 1, ""comment"": ""good""}, {""criterion"": ""report"", ""points"": 4, ""comment"": ""missing""}]",Please improve
fb_ntisfqifsgvd,1533,10,2025-09-26 18:09:08,"[{""criterion"": ""style"", ""points"": 3, ""comment"": ""good""}, {""criterion"": ""correctness"", ""points"": 5, ""comment"": ""needs work""}]",Nice work
fb_aqawvqyxbkpx,177,14,2025-09-02 16:38:27,"[{""criterion"": ""style"", ""points"": 0, ""comment"": ""missing""}, {""criterion"": ""report"", ""points"": 1, ""comment"": ""excellent""}]",Nice work
fb_xzecvpruhaze,1350,7,2025-10-24 05:12:56,"[{""criterion"": ""style"", ""points"": 4, ""comment"": ""ok""}, {""criterion"": ""correctness"", ""points"": 4, ""comment"": ""needs work""}, {""criterion"": ""performance"", ""points"": 2, ""comment"": ""ok""}, {""criterion"": ""tests"", ""points"": 1, ""comment"": ""ok""}]",Consider edge cases
fb_gdoszrdbtsdm,1081,12,2025-02-04 06:20:51,"[{""criterion"": ""correctness"", ""points"": 4, ""comment"": ""ok""}, {""criterion"": ""tests"", ""points"": 1, ""comment"": ""good""}]",Consider edge cases
fb_ywvgojyvwydn,1301,13,2025-02-19 17:18:22,"[{""criterion"": ""report"", ""points"": 3, ""comment"": ""missing""}, {""criterion"": ""style"", ""points"": 3, ""comment"": ""missing""}, {""criterion"": ""correctness"", ""points"": 3, ""comment"": ""excellent""}]",Consider edge cases
fb_njzflrgniwjo,380,9,2025-04-24 02:26:12,"[{""criterion"": ""performance"", ""points"": 2, ""comment"": ""needs work""}, {""criterion"": ""tests"", ""points"": 5, ""comment"": ""needs work""}, {""criterion"": ""correctness"", ""points"": 5, ""comment"": ""excellent""}]",Consider edge cases
fb_tnfupskwasnt,542,10,2025-03-09 14:41:06,"[{""criterion"": ""report"", ""points"": 3, ""comment"": ""missing""}, {""criterion"": ""style"", ""points"": 5, ""comment"": ""needs work""}, {""criterion"": ""performance"", ""points"": 5, ""comment"": ""ok""}, {""criterion"": ""tests"", ""points"": 4, ""comment"": ""needs work""}]",Great solution
fb_grncgdgvkidr,1184,10,2025-07-28 22:32:45,"[{""criterion"": ""correctness"", ""points"": 0, ""comment"": ""missing""}, {""criterion"": ""performance"", ""points"": 2, ""comment"": ""needs work""}, {""criterion"": ""tests"", ""points"": 2, ""comment"": ""ok""}, {""criterion"": ""report"", ""points"": 0, ""comment"": ""good""}, {""criterion"": ""style"", ""points"": 2, ""comment"": ""missing""}]",Incomplete
fb_jsnxxsmqsuis,551,1,2025-05-10 06:32:01,"[{""criterion"": ""correctness"", ""points"": 2, ""comment"": ""missing""}, {""criterion"": ""report"", ""points"": 0, ""comment"": ""good""}, {""criterion"": ""tests"", ""points"": 1, ""comment"": ""good""}]",Great solution
fb_hnholfzayoox,1536,10,2025-09-29 07:08:20,"[{""criterion"": ""report"", ""points"": 5, ""comment"": ""good""}, {""criterion"": ""correctness"", ""points"": 2, ""comment"": ""ok""}, {""criterion"": ""tests"", ""points"": 5, ""comment"": ""missing""}, {""criterion"": ""style"", ""points"": 4, ""comment"": ""ok""}, {""criterion"": ""performance"", ""points"": 0, ""comment"": ""excellent""}]",Consider edge cases
fb_rxamqdyousaa,987,11,2025-04-24 09:23:51,"[{""criterion"": ""correctness"", ""points"": 4, ""comment"": ""ok""}, {""criterion"": ""report"", ""points"": 4, ""comment"": ""needs work""}]",Incomplete
fb_ihyhylqbazgr,1300,13,2025-02-27 11:44:02,"[{""criterion"": ""report"", ""points"": 0, ""comment"": ""excellent""}, {""criterion"": ""performance"", ""points"": 4, ""comment"": ""missing""}]",Nice work
fb_lwmcoopaleni,1387,3,2025-10-31 12:39:07,"[{""criterion"": ""performance"", ""points"": 5, ""comment"": ""ok""}, {""criterion"": ""tests"", ""points"": 5, ""comment"": ""ok""}, {""criterion"": ""report"", ""points"": 5, ""comment"": ""needs work""}, {""criterion"": ""style"", ""points"": 1, ""comment"": ""good""}]",Consider edge cases
fb_cuotqufikiao,1356,7,2025-10-19 10:51:50,"[{""criterion"": ""tests"", ""points"": 3, ""comment"": ""excellent""}, {""criterion"": ""correctness"", ""points"": 0, ""comment"": ""ok""}, {""criterion"": ""performance"", ""points"": 3, ""comment"": ""missing""}, {""criterion"": ""style"", ""points"": 2, ""comment"": ""good""}, {""criterion"": ""report"", ""points"": 3, ""comment"": ""missing""}]",Consider edge cases
fb_adxflaxxrskv,948,7,2025-06-10 11:58:22,"[{""criterion"": ""report"", ""points"": 3, ""comment"": ""good""}, {""criterion"": ""style"", ""points"": 4, ""comment"": ""excellent""}, {""criterion"": ""correctness"", ""points"": 3, ""comment"": ""needs work""}, {""criterion"": ""tests"", ""points"": 4, ""comment"": ""good""}]",Please improve
fb_jujnfcpzwhao,65,5,2025-10-28 23:23:57,"[{""criterion"": ""tests"", ""points"": 2, ""comment"": ""good""}, {""criterion"": ""report"", ""points"": 3, ""comment"": ""excellent""}, {""criterion"": ""style"", ""points"": 3, ""comment"": ""excellent""}, {""criterion"": ""correctness"", ""points"": 1, ""comment"": ""ok""}, {""criterion"": ""performance"", ""points"": 1, ""comment"": ""needs work""}]",Nice work
fb_omgudmhvdtva,585,6,2025-01-26 11:39:43,"[{""criterion"": ""tests"", ""points"": 5, ""comment"": ""needs work""}, {""criterion"": ""report"", ""points"": 0, ""comment"": ""good""}, {""criterion"": ""performance"", ""points"": 4, ""comment"": ""missing""}, {""criterion"": ""style"", ""points"": 0, ""comment"": ""good""}]",Consider edge cases
fb_wxolcifuytfx,1532,10,2025-09-26 18:35:33,"[{""criterion"": ""style"", ""points"": 1, ""comment"": ""excellent""}, {""criterion"": ""tests"", ""points"": 3, ""comment"": ""excellent""}]",Nice work
fb_octywwdabvnr,134,10,2025-09-23 15:21:46,"[{""criterion"": ""performance"", ""points"": 3, ""comment"": ""excellent""}, {""criterion"": ""style"", ""points"": 3, ""comment"": ""needs work""}, {""criterion"": ""correctness"", ""points"": 0, ""comment"": ""ok""}, {""criterion"": ""tests"", ""points"": 0, ""comment"": ""ok""}]",Please improve
fb_kyxslvsjlyel,21,6,2025-02-28 13:55:05,"[{""criterion"": ""correctness"", ""points"": 3, ""comment"": ""missing""}, {""criterion"": ""tests"", ""points"": 5, ""comment"": ""needs work""}]",Consider edge cases
fb_meiiaemawwnz,336,6,2025-10-19 13:11:07,"[{""criterion"": ""report"", ""points"": 3, ""comment"": ""needs work""}, {""criterion"": ""tests"", ""points"": 4, ""comment"": ""ok""}, {""criterion"": ""correctness"", ""points"": 1, ""comment"": ""excellent""}]",Incomplete
fb_izsmcvvxmoax,29,6,2025-02-25 15:06:11,"[{""criterion"": ""performance"", ""points"": 3, ""comment"": ""good""}, {""criterion"": ""correctness"", ""points"": 2, ""comment"": ""ok""}, {""criterion"": ""report"", ""points"": 5, ""comment"": ""good""}, {""criterion"": ""style"", ""points"": 1, ""comment"": ""good""}]",Incomplete
fb_xgimobvgkber,1108,9,2025-08-25 08:27:54,"[{""criterion"": ""performance"", ""points"": 5, ""comment"": ""ok""}, {""criterion"": ""report"", ""points"": 5, ""comment"": ""missing""}, {""criterion"": ""style"", ""points"": 2, ""comment"": ""missing""}]",Nice work
fb_sbxhvdxzvpyf,637,1,2025-11-25 21:29:23,"[{""criterion"": ""report"", ""points"": 2, ""comment"": ""ok""}, {""criterion"": ""performance"", ""points"": 4, ""comment"": ""good""}, {""criterion"": ""correctness"", ""points"": 2, ""comment"": ""excellent""}]",Please improve
fb_nasnxytsvznw,946,7,2025-06-09 04:54:42,"[{""criterion"": ""tests"", ""points"": 3, ""comment"": ""ok""}, {""criterion"": ""correctness"", ""points"": 4, ""comment"": ""good""}, {""criterion"": ""performance"", ""points"": 3, ""comment"": ""good""}, {""criterion"": ""style"", ""points"": 2, ""comment"": ""good""}]",Consider edge cases
fb_yrwaqblzlrre,928,4,2025-05-08 23:53:49,"[{""criterion"": ""performance"", ""points"": 2, ""comment"": ""needs work""}, {""criterion"": ""tests"", ""points"": 1, ""comment"": ""needs work""}]",Nice work
fb_jgfntkmrhiqd,1515,4,2025-02-01 07:30:26,"[{""criterion"": ""report"", ""points"": 4, ""comment"": ""excellent""}, {""criterion"": ""tests"", ""points"": 2, ""comment"": ""missing""}, {""criterion"": ""style"", ""points"": 1, ""comment"": ""ok""}]",Consider edge cases
fb_dvhcvifjaxyu,1189,3,2025-05-01 17:41:37,"[{""criterion"": ""report"", ""points"": 0, ""comment"": ""ok""}, {""criterion"": ""style"", ""points"": 3, ""comment"": ""good""}]",Please improve
fb_ixzduketogkm,1224,3,2025-04-29 03:59:49,"[{""criterion"": ""report"", ""points"": 0, ""comment"": ""missing""}, {""criterion"": ""style"", ""points"": 4, ""comment"": ""ok""}, {""criterion"": ""correctness"", ""points"": 1, ""comment"": ""good""}, {""criterion"": ""tests"", ""points"": 2, ""comment"": ""ok""}]",Incomplete
fb_quqoflkjxtvq,1131,13,2025-06-15 03:30:38,"[{""criterion"": ""correctness"", ""points"": 2, ""comment"": ""ok""}, {""criterion"": ""style"", ""points"": 3, ""comment"": ""needs work""}, {""criterion"": ""report"", ""points"": 0, ""comment"": ""good""}, {""criterion"": ""performance"", ""points"": 3, ""comment"": ""ok""}]",Please improve
fb_qecagelcgkqr,150,11,2025-07-20 09:24:18,"[{""criterion"": ""report"", ""points"": 0, ""comment"": ""ok""}, {""criterion"": ""correctness"", ""points"": 5, ""comment"": ""missing""}, {""criterion"": ""performance"", ""points"": 5, ""comment"": ""missing""}]",Consider edge cases
fb_bdrleozrjypp,584,6,2025-01-19 23:18:18,"[{""criterion"": ""tests"", ""points"": 3, ""comment"": ""missing""}, {""criterion"": ""performance"", ""points"": 2, ""comment"": ""ok""}, {""criterion"": ""style"", ""points"": 5, ""comment"": ""missing""}, {""criterion"": ""correctness"", ""points"": 5, ""comment"": ""needs work""}, {""criterion"": ""report"", ""points"": 3, ""comment"": ""needs work""}]",Consider edge cases
fb_nrkusfyzcapv,977,11,2025-04-26 05:40:06,"[{""criterion"": ""tests"", ""points"": 3, ""comment"": ""excellent""}, {""criterion"": ""style"", ""points"": 4, ""comment"": ""missing""}, {""criterion"": ""performance"", ""points"": 0, ""comment"": ""missing""}, {""criterion"": ""correctness"", ""points"": 5, ""comment"": ""missing""}, {""criterion"": ""report"", ""points"": 1, ""comment"": ""good""}]",Nice work
fb_vnzmjscglrci,274,11,2025-06-22 03:32:49,"[{""criterion"": ""report"", ""points"": 0, ""comment"": ""excellent""}, {""criterion"": ""style"", ""points"": 3, ""comment"": ""excellent""}, {""criterion"": ""correctness"", ""points"": 3, ""comment"": ""needs work""}, {""criterion"": ""tests"", ""points"": 0, ""comment"": ""ok""}]",Please improve
fb_zwtdhiuvjvts,235,4,2025-03-03 21:21:48,"[{""criterion"": ""report"", ""points"": 5, ""comment"": ""excellent""}, {""criterion"": ""style"", ""points"": 1, ""comment"": ""ok""}, {""criterion"": ""correctness"", ""points"": 4, ""comment"": ""needs work""}]",Incomplete
fb_cudmjulpbzmy,655,4,2025-02-25 16:27:17,"[{""criterion"": ""tests"", ""points"": 1, ""comment"": ""missing""}, {""criterion"": ""correctness"", ""points"": 5, ""comment"": ""needs work""}]",Incomplete
fb_jzjkllpdbptf,180,14,2025-09-08 12:51:25,"[{""criterion"": ""tests"", ""points"": 4, ""comment"": ""good""}, {""criterion"": ""report"", ""points"": 2, ""comment"": ""good""}]",Great solution
fb_acfqhkawqdze,430,3,2025-11-26 22:05:48,"[{""criterion"": ""correctness"", ""points"": 2, ""comment"": ""excellent""}, {""criterion"": ""tests"", ""points"": 5, ""comment"": ""excellent""}]",Please improve
fb_rnxrvxetcipf,916,10,2025-07-27 17:50:05,"[{""criterion"": ""style"", ""points"": 5, ""comment"": ""ok""}, {""criterion"": ""tests"", ""points"": 5, ""comment"": ""missing""}, {""criterion"": ""correctness"", ""points"": 0, ""comment"": ""needs work""}, {""criterion"": ""report"", ""points"": 2, ""comment"": ""good""}, {""criterion"": ""performance"", ""points"": 0, ""comment"": ""good""}]",Please improve
fb_oqjjyxokvxhi,95,10,2025-07-02 15:03:43,"[{""criterion"": ""performance"", ""points"": 4, ""comment"": ""missing""}, {""criterion"": ""tests"", ""points"": 4, ""comment"": ""excellent""}, {""criterion"": ""report"", ""points"": 4, ""comment"": ""excellent""}, {""criterion"": ""correctness"", ""points"": 0, ""comment"": ""good""}]",Consider edge cases
fb_rzqxmyhyzggj,939,4,2025-05-03 20:29:40,"[{""criterion"": ""correctness"", ""points"": 4, ""comment"": ""excellent""}, {""criterion"": ""tests"", ""points"": 1, ""comment"": ""excellent""}, {""criterion"": ""style"", ""points"": 4, ""comment"": ""excellent""}, {""criterion"": ""report"", ""points"": 5, ""comment"": ""excellent""}]",Nice work
fb_gmykmlostjjy,1192,3,2025-05-07 12:39:05,"[{""criterion"": ""style"", ""points"": 5, ""comment"": ""needs work""}, {""criterion"": ""performance"", ""points"": 2, ""comment"": ""missing""}, {""criterion"": ""correctness"", ""points"": 1, ""comment"": ""excellent""}, {""criterion"": ""tests"", ""points"": 4, ""comment"": ""excellent""}, {""criterion"": ""report"", ""points"": 5, ""comment"": ""needs work""}]",Nice work
fb_hngrbxdfoqsa,624,4,2025-11-03 07:01:23,"[{""criterion"": ""style"", ""points"": 3, ""comment"": ""good""}, {""criterion"": ""performance"", ""points"": 0, ""comment"": ""good""}, {""criterion"": ""report"", ""points"": 5, ""comment"": ""missing""}]",Incomplete
fb_exwsmegmclzr,698,1,2025-10-30 03:08:11,"[{""criterion"": ""style"", ""points"": 1, ""comment"": ""ok""}, {""criterion"": ""report"", ""points"": 0, ""comment"": ""missing""}, {""criterion"": ""tests"", ""points"": 4, ""comment"": ""ok""}, {""criterion"": ""correctness"", ""points"": 5, ""comment"": ""ok""}]",Please improve
fb_fsssshfwsutd,1551,6,2025-05-12 19:22:38,"[{""criterion"": ""tests"", ""points"": 4, ""comment"": ""good""}, {""criterion"": ""correctness"", ""points"": 4, ""comment"": ""good""}, {""criterion"": ""style"", ""points"": 4, ""comment"": ""good""}]",Incomplete
fb_vvdqkpzrlahl,323,3,2025-11-24 21:26:13,"[{""criterion"": ""style"", ""points"": 4, ""comment"": ""needs work""}, {""criterion"": ""tests"", ""points"": 1, ""comment"": ""ok""}, {""criterion"": ""correctness"", ""points"": 2, ""comment"": ""excellent""}]",Incomplete
fb_lupzkucjysdc,754,6,2025-05-23 10:53:25,"[{""criterion"": ""correctness"", ""points"": 2, ""comment"": ""ok""}, {""criterion"": ""style"", ""points"": 4, ""comment"": ""needs work""}, {""criterion"": ""performance"", ""points"": 4, ""comment"": ""ok""}, {""criterion"": ""tests"", ""points"": 1, ""comment"": ""missing""}]",Consider edge cases
fb_lkdlvvzltabv,516,4,2025-07-02 02:16:58,"[{""criterion"": ""tests"", ""points"": 0, ""comment"": ""good""}, {""criterion"": ""correctness"", ""points"": 5, ""comment"": ""needs work""}, {""criterion"": ""performance"", ""points"": 2, ""comment"": ""needs work""}, {""criterion"": ""report"", ""points"": 0, ""comment"": ""good""}, {""criterion"": ""style"", ""points"": 5, ""comment"": ""ok""}]",Great solution
fb_kttyxuvtnleq,411,6,2025-11-14 16:23:15,"[{""criterion"": ""style"", ""points"": 3, ""comment"": ""ok""}, {""criterion"": ""correctness"", ""points"": 1, ""comment"": ""ok""}, {""criterion"": ""report"", ""points"": 1, ""comment"": ""excellent""}, {""criterion"": ""tests"", ""points"": 1, ""comment"": ""good""}, {""criterion"": ""performance"", ""points"": 5, ""comment"": ""excellent""}]",Consider edge cases
fb_kxeiwpztiuza,43,6,2025-03-05 04:52:56,"[{""criterion"": ""correctness"", ""points"": 4, ""comment"": ""missing""}, {""criterion"": ""performance"", ""points"": 0, ""comment"": ""needs work""}]",Great solution
fb_ptcsxltxgiau,521,10,2025-03-02 04:04:40,"[{""criterion"": ""correctness"", ""points"": 0, ""comment"": ""missing""}, {""criterion"": ""performance"", ""points"": 1, ""comment"": ""needs work""}, {""criterion"": ""report"", ""points"": 1, ""comment"": ""ok""}, {""criterion"": ""tests"", ""points"": 0, ""comment"": ""missing""}]",Incomplete
fb_iujcxxqgmokm,36,6,2025-03-02 04:09:13,"[{""criterion"": ""correctness"", ""points"": 1, ""comment"": ""ok""}, {""criterion"": ""report"", ""points"": 2, ""comment"": ""missing""}]",Incomplete
fb_zxvzbfovofva,345,6,2025-10-18 15:36:41,"[{""criterion"": ""correctness"", ""points"": 5, ""comment"": ""excellent""}, {""criterion"": ""report"", ""points"": 2, ""comment"": ""excellent""}, {""criterion"": ""tests"", ""points"": 5, ""comment"": ""needs work""}, {""criterion"": ""performance"", ""points"": 4, ""comment"": ""missing""}, {""criterion"": ""style"", ""points"": 2, ""comment"": ""missing""}]",Consider edge cases
fb_ugkottpvmhcp,1022,7,2025-07-03 13:08:49,"[{""criterion"": ""report"", ""points"": 1, ""comment"": ""excellent""}, {""criterion"": ""style"", ""points"": 3, ""comment"": ""good""}, {""criterion"": ""tests"", ""points"": 2, ""comment"": ""good""}, {""criterion"": ""performance"", ""points"": 2, ""comment"": ""needs work""}, {""criterion"": ""correctness"", ""points"": 4, ""comment"": ""missing""}]",Great solution
fb_ijyoorugwzql,684,6,2025-09-02 11:02:32,"[{""criterion"": ""correctness"", ""points"": 1, ""comment"": ""needs work""}, {""criterion"": ""performance"", ""points"": 3, ""comment"": ""missing""}, {""criterion"": ""style"", ""points"": 2, ""comment"": ""needs work""}, {""criterion"": ""report"", ""points"": 4, ""comment"": ""needs work""}]",Please improve
fb_mzkfiieoejkh,316,3,2025-11-15 05:40:47,"[{""criterion"": ""performance"", ""points"": 3, ""comment"": ""ok""}, {""criterion"": ""tests"", ""points"": 2, ""comment"": ""excellent""}, {""criterion"": ""report"", ""points"": 5, ""comment"": ""ok""}, {""criterion"": ""correctness"", ""points"": 2, ""comment"": ""missing""}]",Great solution
fb_hinjfobspwbs,1117,9,2025-09-01 20:33:55,"[{""criterion"": ""performance"", ""points"": 2, ""comment"": ""ok""}, {""criterion"": ""tests"", ""points"": 3, ""comment"": ""needs work""}, {""criterion"": ""report"", ""points"": 0, ""comment"": ""needs work""}, {""criterion"": ""style"", ""points"": 3, ""comment"": ""good""}]",Great solution
fb_occdrxexjfpg,1103,9,2025-08-31 20:58:53,"[{""criterion"": ""style"", ""points"": 5, ""comment"": ""ok""}, {""criterion"": ""performance"", ""points"": 4, ""comment"": ""ok""}, {""criterion"": ""correctness"", ""points"": 5, ""comment"": ""ok""}, {""criterion"": ""report"", ""points"": 1, ""comment"": ""needs work""}]",Consider edge cases
fb_xstxwjmifhtr,62,5,2025-10-24 14:16:14,"[{""criterion"": ""performance"", ""points"": 5, ""comment"": ""excellent""}, {""criterion"": ""correctness"", ""points"": 0, ""comment"": ""needs work""}]",Nice work
fb_onqsuroihcfc,1231,10,2025-08-11 03:34:18,"[{""criterion"": ""style"", ""points"": 2, ""comment"": ""needs work""}, {""criterion"": ""performance"", ""points"": 0, ""comment"": ""missing""}, {""criterion"": ""tests"", ""points"": 1, ""comment"": ""missing""}]",Please improve
fb_lybrisijcibi,1177,10,2025-07-25 21:26:07,"[{""criterion"": ""performance"", ""points"": 3, ""comment"": ""excellent""}, {""criterion"": ""tests"", ""points"": 5, ""comment"": ""missing""}, {""criterion"": ""correctness"", ""points"": 1, ""comment"": ""excellent""}, {""criterion"": ""report"", ""points"": 1, ""comment"": ""ok""}, {""criterion"": ""style"", ""points"": 5, ""comment"": ""ok""}]",Please improve
fb_ocdltzlhwcvf,1024,7,2025-06-27 05:21:51,"[{""criterion"": ""style"", ""points"": 5, ""comment"": ""excellent""}, {""criterion"": ""tests"", ""points"": 3, ""comment"": ""missing""}]",Please improve
fb_onfcmdzgqgir,54,4,2025-12-05 16:41:30,"[{""criterion"": ""tests"", ""points"": 4, ""comment"": ""missing""}, {""criterion"": ""style"", ""points"": 0, ""comment"": ""excellent""}, {""criterion"": ""report"", ""points"": 4, ""comment"": ""excellent""}]",Please improve
fb_whxshkdxsjdx,835,8,2025-03-05 22:12:39,"[{""criterion"": ""tests"", ""points"": 0, ""comment"": ""needs work""}, {""criterion"": ""correctness"", ""points"": 0, ""comment"": ""good""}, {""criterion"": ""style"", ""points"": 5, ""comment"": ""missing""}]",Please improve
fb_ubypzzyapdgl,1174,10,2025-07-29 14:45:33,"[{""criterion"": ""style"", ""points"": 0, ""comment"": ""needs work""}, {""criterion"": ""tests"", ""points"": 5, ""comment"": ""missing""}, {""criterion"": ""correctness"", ""points"": 5, ""comment"": ""needs work""}]",Nice work
fb_imnuwlanzdob,408,6,2025-11-21 19:11:51,"[{""criterion"": ""performance"", ""points"": 5, ""comment"": ""missing""}, {""criterion"": ""correctness"", ""points"": 4, ""comment"": ""excellent""}, {""criterion"": ""style"", ""points"": 5, ""comment"": ""needs work""}, {""criterion"": ""report"", ""points"": 2, ""comment"": ""ok""}, {""criterion"": ""tests"", ""points"": 4, ""comment"": ""ok""}]",Consider edge cases
fb_udkutwknizha,184,14,2025-08-29 02:00:07,"[{""criterion"": ""report"", ""points"": 3, ""comment"": ""excellent""}, {""criterion"": ""performance"", ""points"": 3, ""comment"": ""missing""}]",Nice work
fb_qqikbzgzwtvy,123,10,2025-09-26 02:58:38,"[{""criterion"": ""report"", ""points"": 3, ""comment"": ""ok""}, {""criterion"": ""tests"", ""points"": 1, ""comment"": ""ok""}, {""criterion"": ""correctness"", ""points"": 0, ""comment"": ""good""}, {""criterion"": ""performance"", ""points"": 4, ""comment"": ""excellent""}, {""criterion"": ""style"", ""points"": 5, ""comment"": ""ok""}]",Please improve
fb_kvnggpiruqjq,240,4,2025-03-05 04:18:23,"[{""criterion"": ""correctness"", ""points"": 3, ""comment"": ""excellent""}, {""criterion"": ""style"", ""points"": 1, ""comment"": ""excellent""}, {""criterion"": ""report"", ""points"": 2, ""comment"": ""good""}, {""criterion"": ""tests"", ""points"": 2, ""comment"": ""missing""}]",Consider edge cases
fb_xobxjybgqxuy,312,3,2025-11-25 01:47:41,"[{""criterion"": ""report"", ""points"": 2, ""comment"": ""needs work""}, {""criterion"": ""tests"", ""points"": 4, ""comment"": ""ok""}]",Incomplete
fb_zpjhaffanqad,290,11,2025-06-23 06:13:45,"[{""criterion"": ""tests"", ""points"": 5, ""comment"": ""ok""}, {""criterion"": ""style"", ""points"": 4, ""comment"": ""needs work""}, {""criterion"": ""report"", ""points"": 0, ""comment"": ""good""}, {""criterion"": ""correctness"", ""points"": 5, ""comment"": ""good""}, {""criterion"": ""performance"", ""points"": 1, ""comment"": ""needs work""}]",Nice work
fb_qqetwawwfkmr,1046,3,2025-08-29 16:03:16,"[{""criterion"": ""report"", ""points"": 0, ""comment"": ""good""}, {""criterion"": ""style"", ""points"": 2, ""comment"": ""good""}, {""criterion"": ""tests"", ""points"": 3, ""comment"": ""ok""}, {""criterion"": ""correctness"", ""points"": 3, ""comment"": ""ok""}]",Great solution
fb_fpnzeygqgocn,189,14,2025-08-29 09:22:02,"[{""criterion"": ""performance"", ""points"": 4, ""comment"": ""missing""}, {""criterion"": ""tests"", ""points"": 1, ""comment"": ""good""}, {""criterion"": ""report"", ""points"": 4, ""comment"": ""ok""}, {""criterion"": ""correctness"", ""points"": 1, ""comment"": ""missing""}]",Nice work
fb_rutlwriwisuy,1280,3,2025-09-14 21:07:32,"[{""criterion"": ""tests"", ""points"": 1, ""comment"": ""excellent""}, {""criterion"": ""report"", ""points"": 0, ""comment"": ""excellent""}, {""criterion"": ""style"", ""points"": 5, ""comment"": ""missing""}]",Incomplete
fb_nuzfeakyevzl,37,6,2025-03-02 17:10:53,"[{""criterion"": ""report"", ""points"": 1, ""comment"": ""needs work""}, {""criterion"": ""style"", ""points"": 1, ""comment"": ""ok""}, {""criterion"": ""performance"", ""points"": 4, ""comment"": ""missing""}]",Incomplete
fb_hdvrfqfyzymy,1,4,2025-04-11 03:46:44,"[{""criterion"": ""tests"", ""points"": 1, ""comment"": ""needs work""}, {""criterion"": ""correctness"", ""points"": 4, ""comment"": ""needs work""}, {""criterion"": ""report"", ""points"": 0, ""comment"": ""good""}, {""criterion"": ""style"", ""points"": 5, ""comment"": ""good""}, {""criterion"": ""performance"", ""points"": 2, ""comment"": ""needs work""}]",Nice work
fb_gpqyllvbuxen,780,14,2025-12-13 22:40:02,"[{""criterion"": ""correctness"", ""points"": 2, ""comment"": ""needs work""}, {""criterion"": ""report"", ""points"": 2, ""comment"": ""ok""}, {""criterion"": ""performance"", ""points"": 5, ""comment"": ""ok""}, {""criterion"": ""tests"", ""points"": 1, ""comment"": ""good""}]",Nice work
fb_xhbgzufoulih,767,6,2025-05-27 16:01:24,"[{""criterion"": ""report"", ""points"": 2, ""comment"": ""good""}, {""criterion"": ""style"", ""points"": 2, ""comment"": ""good""}, {""criterion"": ""correctness"", ""points"": 2, ""comment"": ""missing""}, {""criterion"": ""tests"", ""points"": 0, ""comment"": ""needs work""}, {""criterion"": ""performance"", ""points"": 5, ""comment"": ""ok""}]",Nice work
fb_mfcmoufebkta,1065,4,2025-05-20 17:34:46,"[{""criterion"": ""correctness"", ""points"": 3, ""comment"": ""ok""}, {""criterion"": ""report"", ""points"": 1, ""comment"": ""excellent""}, {""criterion"": ""tests"", ""points"": 3, ""comment"": ""good""}]",Nice work
fb_kzjkabzhhzlu,618,4,2025-11-14 17:35:06,"[{""criterion"": ""tests"", ""points"": 5, ""comment"": ""needs work""}, {""criterion"": ""performance"", ""points"": 4, ""comment"": ""good""}]",Please improve
fb_kslizjtlpzdr,647,1,2025-11-28 13:23:03,"[{""criterion"": ""style"", ""points"": 0, ""comment"": ""excellent""}, {""criterion"": ""correctness"", ""points"": 1, ""comment"": ""good""}, {""criterion"": ""report"", ""points"": 1, ""comment"": ""ok""}, {""criterion"": ""performance"", ""points"": 5, ""comment"": ""missing""}, {""criterion"": ""tests"", ""points"": 2, ""comment"": ""excellent""}]",Great solution
fb_mzgnisrqfrrp,1410,11,2025-02-01 20:56:52,"[{""criterion"": ""performance"", ""points"": 4, ""comment"": ""excellent""}, {""criterion"": ""correctness"", ""points"": 4, ""comment"": ""missing""}]",Great solution
fb_lgyuaalwdnuq,1145,13,2025-06-10 07:54:36,"[{""criterion"": ""performance"", ""points"": 1, ""comment"": ""missing""}, {""criterion"": ""correctness"", ""points"": 5, ""comment"": ""excellent""}, {""criterion"": ""tests"", ""points"": 2, ""comment"": ""missing""}]",Great solution
fb_zezamgzyjehi,904,10,2025-07-31 20:42:10,"[{""criterion"": ""report"", ""points"": 4, ""comment"": ""excellent""}, {""criterion"": ""tests"", ""points"": 0, ""comment"": ""good""}, {""criterion"": ""performance"", ""points"": 3, ""comment"": ""ok""}, {""criterion"": ""style"", ""points"": 0, ""comment"": ""ok""}, {""criterion"": ""correctness"", ""points"": 4, ""comment"": ""needs work""}]",Incomplete
fb_adtirrbieldq,1068,4,2025-05-30 05:23:23,"[{""criterion"": ""style"", ""points"": 4, ""comment"": ""ok""}, {""criterion"": ""report"", ""points"": 0, ""comment"": ""ok""}, {""criterion"": ""tests"", ""points"": 3, ""comment"": ""excellent""}, {""criterion"": ""correctness"", ""points"": 2, ""comment"": ""missing""}]",Incomplete
fb_dulczzljawzi,1030,7,2025-07-03 13:08:50,"[{""criterion"": ""correctness"", ""points"": 2, ""comment"": ""needs work""}, {""criterion"": ""performance"", ""points"": 3, ""comment"": ""needs work""}, {""criterion"": ""report"", ""points"": 2, ""comment"": ""needs work""}, {""criterion"": ""style"", ""points"": 4, ""comment"": ""needs work""}]",Nice work
fb_jdtpsfwofxmi,1150,10,2025-02-03 07:01:03,"[{""criterion"": ""report"", ""points"": 5, ""comment"": ""ok""}, {""criterion"": ""style"", ""points"": 2, ""comment"": ""needs work""}, {""criterion"": ""correctness"", ""points"": 1, ""comment"": ""missing""}, {""criterion"": ""performance"", ""points"": 5, ""comment"": ""needs work""}]",Incomplete
fb_xqzlzvvntchc,632,1,2025-11-28 22:03:22,"[{""criterion"": ""style"", ""points"": 2, ""comment"": ""good""}, {""criterion"": ""performance"", ""points"": 3, ""comment"": ""excellent""}]",Consider edge cases
fb_ckndezrttvsg,817,8,2025-03-17 14:57:15,"[{""criterion"": ""performance"", ""points"": 3, ""comment"": ""needs work""}, {""criterion"": ""correctness"", ""points"": 2, ""comment"": ""excellent""}, {""criterion"": ""report"", ""points"": 4, ""comment"": ""good""}]",Please improve
fb_jqjlrobbjoka,474,3,2025-09-17 21:55:05,"[{""criterion"": ""report"", ""points"": 1, ""comment"": ""ok""}, {""criterion"": ""tests"", ""points"": 3, ""comment"": ""good""}, {""criterion"": ""style"", ""points"": 0, ""comment"": ""good""}]",Incomplete
fb_trljbyzmyjxm,1289,13,2025-02-27 10:30:46,"[{""criterion"": ""performance"", ""points"": 1, ""comment"": ""needs work""}, {""criterion"": ""correctness"", ""points"": 4, ""comment"": ""ok""}, {""criterion"": ""report"", ""points"": 5, ""comment"": ""ok""}]",Please improve
fb_etneclwauevv,1237,10,2025-08-04 02:39:45,"[{""criterion"": ""correctness"", ""points"": 0, ""comment"": ""ok""}, {""criterion"": ""tests"", ""points"": 3, ""comment"": ""needs work""}, {""criterion"": ""style"", ""points"": 0, ""comment"": ""excellent""}, {""criterion"": ""performance"", ""points"": 2, ""comment"": ""excellent""}, {""criterion"": ""report"", ""points"": 4, ""comment"": ""ok""}]",Please improve
fb_ldvapxkcobbw,966,7,2025-06-03 09:09:20,"[{""criterion"": ""correctness"", ""points"": 0, ""comment"": ""missing""}, {""criterion"": ""style"", ""points"": 4, ""comment"": ""missing""}, {""criterion"": ""tests"", ""points"": 5, ""comment"": ""excellent""}, {""criterion"": ""report"", ""points"": 2, ""comment"": ""ok""}]",Incomplete
fb_cdvktmdwsctl,639,1,2025-11-19 18:39:36,"[{""criterion"": ""tests"", ""points"": 5, ""comment"": ""ok""}, {""criterion"": ""performance"", ""points"": 4, ""comment"": ""good""}, {""criterion"": ""style"", ""points"": 1, ""comment"": ""ok""}, {""criterion"": ""report"", ""points"": 5, ""comment"": ""good""}]",Consider edge cases
fb_thtyrezpagdc,888,1,2025-05-05 01:13:24,"[{""criterion"": ""report"", ""points"": 3, ""comment"": ""needs work""}, {""criterion"": ""correctness"", ""points"": 1, ""comment"": ""good""}, {""criterion"": ""tests"", ""points"": 4, ""comment"": ""needs work""}, {""criterion"": ""performance"", ""points"": 3, ""comment"": ""excellent""}]",Incomplete
fb_eaedokfkwoon,166,14,2025-09-26 05:03:50,"[{""criterion"": ""performance"", ""points"": 4, ""comment"": ""needs work""}, {""criterion"": ""report"", ""points"": 5, ""comment"": ""missing""}, {""criterion"": ""correctness"", ""points"": 3, ""comment"": ""good""}]",Incomplete
fb_vtabqxijcjkk,713,1,2025-10-31 19:58:33,"[{""criterion"": ""report"", ""points"": 3, ""comment"": ""ok""}, {""criterion"": ""tests"", ""points"": 4, ""comment"": ""good""}, {""criterion"": ""style"", ""points"": 3, ""comment"": ""missing""}, {""criterion"": ""correctness"", ""points"": 5, ""comment"": ""missing""}]",Please improve
fb_gcipnottqtxp,876,4,2025-07-05 12:23:22,"[{""criterion"": ""report"", ""points"": 0, ""comment"": ""ok""}, {""criterion"": ""correctness"", ""points"": 3, ""comment"": ""ok""}, {""criterion"": ""performance"", ""points"": 0, ""comment"": ""missing""}, {""criterion"": ""style"", ""points"": 4, ""comment"": ""good""}]",Nice work
fb_slhwfquktlbv,1028,7,2025-06-25 19:44:12,"[{""criterion"": ""correctness"", ""points"": 2, ""comment"": ""missing""}, {""criterion"": ""tests"", ""points"": 2, ""comment"": ""missing""}, {""criterion"": ""performance"", ""points"": 0, ""comment"": ""excellent""}, {""criterion"": ""style"", ""points"": 5, ""comment"": ""needs work""}, {""criterion"": ""report"", ""points"": 1, ""comment"": ""ok""}]",Great solution
fb_glxchgcmojno,461,10,2025-11-30 07:44:36,"[{""criterion"": ""report"", ""points"": 0, ""comment"": ""needs work""}, {""criterion"": ""tests"", ""points"": 5, ""comment"": ""needs work""}, {""criterion"": ""correctness"", ""points"": 0, ""comment"": ""good""}, {""criterion"": ""style"", ""points"": 1, ""comment"": ""needs work""}]",Nice work
fb_smpstuvaqpdu,1213,3,2025-05-11 04:38:01,"[{""criterion"": ""correctness"", ""points"": 3, ""comment"": ""needs work""}, {""criterion"": ""style"", ""points"": 1, ""comment"": ""ok""}, {""criterion"": ""tests"", ""points"": 3, ""comment"": ""good""}, {""criterion"": ""report"", ""points"": 0, ""comment"": ""ok""}]",Please improve
fb_tkhqtfuuwmeo,751,6,2025-05-19 13:51:41,"[{""criterion"": ""performance"", ""points"": 0, ""comment"": ""ok""}, {""criterion"": ""style"", ""points"": 2, ""comment"": ""needs work""}]",Consider edge cases
fb_cgbhlmpqjfjr,11,4,2025-04-11 22:01:24,"[{""criterion"": ""style"", ""points"": 4, ""comment"": ""missing""}, {""criterion"": ""performance"", ""points"": 2, ""comment"": ""good""}, {""criterion"": ""report"", ""points"": 3, ""comment"": ""ok""}, {""criterion"": ""correctness"", ""points"": 0, ""comment"": ""needs work""}, {""criterion"": ""tests"", ""points"": 0, ""comment"": ""needs work""}]",Consider edge cases
fb_zxhobdamngdu,1330,1,2025-05-16 18:11:03,"[{""criterion"": ""tests"", ""points"": 2, ""comment"": ""good""}, {""criterion"": ""style"", ""points"": 0, ""comment"": ""excellent""}]",Nice work
fb_rjcofxwjcwvy,1129,13,2025-06-16 01:55:49,"[{""criterion"": ""tests"", ""points"": 4, ""comment"": ""missing""}, {""criterion"": ""performance"", ""points"": 2, ""comment"": ""excellent""}, {""criterion"": ""correctness"", ""points"": 5, ""comment"": ""missing""}, {""criterion"": ""report"", ""points"": 4, ""comment"": ""excellent""}, {""criterion"": ""style"", ""points"": 4, ""comment"": ""ok""}]",Incomplete
fb_tqwlditolwos,1490,4,2025-01-28 05:46:55,"[{""criterion"": ""tests"", ""points"": 2, ""comment"": ""missing""}, {""criterion"": ""performance"", ""points"": 3, ""comment"": ""ok""}, {""criterion"": ""correctness"", ""points"": 5, ""comment"": ""ok""}]",Please improve
fb_tqxvnfvrmqou,299,13,2025-08-06 09:30:13,"[{""criterion"": ""tests"", ""points"": 5, ""comment"": ""needs work""}, {""criterion"": ""style"", ""points"": 0, ""comment"": ""ok""}]",Nice work
fb_floannjqevja,1261,4,2025-02-05 13:56:39,"[{""criterion"": ""tests"", ""points"": 4, ""comment"": ""good""}, {""criterion"": ""performance"", ""points"": 0, ""comment"": ""missing""}, {""criterion"": ""style"", ""points"": 2, ""comment"": ""ok""}, {""criterion"": ""correctness"", ""points"": 1, ""comment"": ""good""}]",Please improve
fb_xdbftgwnrstw,1126,9,2025-08-26 14:08:33,"[{""criterion"": ""style"", ""points"": 3, ""comment"": ""needs work""}, {""criterion"": ""report"", ""points"": 4, ""comment"": ""good""}, {""criterion"": ""performance"", ""points"": 5, ""comment"": ""needs work""}, {""criterion"": ""correctness"", ""points"": 4, ""comment"": ""needs work""}, {""criterion"": ""tests"", ""points"": 5, ""comment"": ""excellent""}]",Nice work
fb_vlihklaqniqb,746,6,2025-05-16 10:21:08,"[{""criterion"": ""correctness"", ""points"": 5, ""comment"": ""missing""}, {""criterion"": ""tests"", ""points"": 2, ""comment"": ""missing""}]",Nice work
fb_xwwpjjybmhzl,80,5,2025-10-30 04:56:21,"[{""criterion"": ""performance"", ""points"": 3, ""comment"": ""excellent""}, {""criterion"": ""report"", ""points"": 0, ""comment"": ""excellent""}, {""criterion"": ""tests"", ""points"": 3, ""comment"": ""needs work""}, {""criterion"": ""correctness"", ""points"": 2, ""comment"": ""good""}, {""criterion"": ""style"", ""points"": 5, ""comment"": ""good""}]",Please improve
fb_vibjzndclgxj,774,14,2025-12-13 06:14:07,"[{""criterion"": ""style"", ""points"": 4, ""comment"": ""ok""}, {""criterion"": ""tests"", ""points"": 5, ""comment"": ""excellent""}, {""criterion"": ""report"", ""points"": 5, ""comment"": ""good""}, {""criterion"": ""performance"", ""points"": 5, ""comment"": ""good""}, {""criterion"": ""correctness"", ""points"": 4, ""comment"": ""ok""}]",Great solution
fb_bvouhtvndoio,185,14,2025-09-02 23:21:47,"[{""criterion"": ""performance"", ""points"": 0, ""comment"": ""ok""}, {""criterion"": ""tests"", ""points"": 1, ""comment"": ""missing""}, {""criterion"": ""style"", ""points"": 1, ""comment"": ""needs work""}, {""criterion"": ""report"", ""points"": 3, ""comment"": ""excellent""}, {""criterion"": ""correctness"", ""points"": 5, ""comment"": ""missing""}]",Great solution
fb_ubzsleesrsvh,1220,3,2025-05-03 13:18:08,"[{""criterion"": ""tests"", ""points"": 1, ""comment"": ""needs work""}, {""criterion"": ""performance"", ""points"": 2, ""comment"": ""excellent""}, {""criterion"": ""report"", ""points"": 1, ""comment"": ""excellent""}, {""criterion"": ""correctness"", ""points"": 1, ""comment"": ""excellent""}, {""criterion"": ""style"", ""points"": 5, ""comment"": ""good""}]",Great solution
fb_zwiinwasxats,1426,5,2025-05-30 18:05:28,"[{""criterion"": ""tests"", ""points"": 3, ""comment"": ""needs work""}, {""criterion"": ""performance"", ""points"": 3, ""comment"": ""good""}]",Nice work
fb_wxgezepvywdr,209,1,2025-02-26 06:22:09,"[{""criterion"": ""style"", ""points"": 5, ""comment"": ""missing""}, {""criterion"": ""correctness"", ""points"": 4, ""comment"": ""needs work""}, {""criterion"": ""report"", ""points"": 3, ""comment"": ""ok""}]",Great solution
fb_qzgkjptxqsvs,8,4,2025-04-07 03:51:15,"[{""criterion"": ""report"", ""points"": 5, ""comment"": ""needs work""}, {""criterion"": ""tests"", ""points"": 4, ""comment"": ""excellent""}]",Great solution
fb_baitrpcflibt,975,11,2025-04-27 12:25:36,"[{""criterion"": ""report"", ""points"": 2, ""comment"": ""missing""}, {""criterion"": ""performance"", ""points"": 1, ""comment"": ""missing""}]",Please improve
fb_qrzobouczvkq,1545,6,2025-05-15 09:47:32,"[{""criterion"": ""performance"", ""points"": 4, ""comment"": ""needs work""}, {""criterion"": ""tests"", ""points"": 5, ""comment"": ""excellent""}, {""criterion"": ""correctness"", ""points"": 3, ""comment"": ""missing""}, {""criterion"": ""report"", ""points"": 5, ""comment"": ""excellent""}, {""criterion"": ""style"", ""points"": 2, ""comment"": ""ok""}]",Consider edge cases
fb_vgoohoibaenb,1342,7,2025-10-28 19:48:13,"[{""criterion"": ""report"", ""points"": 1, ""comment"": ""excellent""}, {""criterion"": ""performance"", ""points"": 0, ""comment"": ""ok""}, {""criterion"": ""correctness"", ""points"": 5, ""comment"": ""good""}]",Nice work
fb_sbpaxgnsahuu,337,6,2025-10-20 10:04:39,"[{""criterion"": ""report"", ""points"": 4, ""comment"": ""needs work""}, {""criterion"": ""tests"", ""points"": 3, ""comment"": ""needs work""}, {""criterion"": ""performance"", ""points"": 1, ""comment"": ""needs work""}]",Great solution
fb_gkjeahycheme,789,11,2025-07-24 08:48:24,"[{""criterion"": ""report"", ""points"": 3, ""comment"": ""needs work""}, {""criterion"": ""performance"", ""points"": 2, ""comment"": ""ok""}, {""criterion"": ""style"", ""points"": 4, ""comment"": ""needs work""}, {""criterion"": ""tests"", ""points"": 4, ""comment"": ""needs work""}, {""criterion"": ""correctness"", ""points"": 4, ""comment"": ""excellent""}]",Great solution
fb_biqlrgiwxwww,45,6,2025-02-24 04:47:53,"[{""criterion"": ""performance"", ""points"": 3, ""comment"": ""good""}, {""criterion"": ""style"", ""points"": 5, ""comment"": ""good""}]",Please improve
fb_eozwzgaadnxa,139,11,2025-07-21 06:35:47,"[{""criterion"": ""tests"", ""points"": 0, ""comment"": ""excellent""}, {""criterion"": ""report"", ""points"": 4, ""comment"": ""excellent""}, {""criterion"": ""performance"", ""points"": 5, ""comment"": ""excellent""}]",Incomplete
fb_tezvjgewfhvx,1366,4,2025-03-20 05:30:21,"[{""criterion"": ""style"", ""points"": 5, ""comment"": ""ok""}, {""criterion"": ""tests"", ""points"": 2, ""comment"": ""excellent""}, {""criterion"": ""performance"", ""points"": 0, ""comment"": ""ok""}, {""criterion"": ""correctness"", ""points"": 4, ""comment"": ""good""}, {""criterion"": ""report"", ""points"": 1, ""comment"": ""ok""}]",Please improve
fb_qzdvijahkawa,623,4,2025-11-07 05:13:15,"[{""criterion"": ""tests"", ""points"": 5, ""comment"": ""ok""}, {""criterion"": ""correctness"", ""points"": 5, ""comment"": ""ok""}, {""criterion"": ""performance"", ""points"": 5, ""comment"": ""ok""}]",Nice work
fb_cichjebxtuhk,359,3,2025-10-25 08:26:41,"[{""criterion"": ""report"", ""points"": 1, ""comment"": ""missing""}, {""criterion"": ""tests"", ""points"": 3, ""comment"": ""missing""}, {""criterion"": ""correctness"", ""points"": 2, ""comment"": ""excellent""}, {""criterion"": ""performance"", ""points"": 5, ""comment"": ""missing""}]",Nice work
fb_zzjjsuovtcar,736,1,2025-06-05 04:15:06,"[{""criterion"": ""report"", ""points"": 5, ""comment"": ""ok""}, {""criterion"": ""correctness"", ""points"": 4, ""comment"": ""ok""}, {""criterion"": ""tests"", ""points"": 0, ""comment"": ""missing""}, {""criterion"": ""style"", ""points"": 0, ""comment"": ""needs work""}, {""criterion"": ""performance"", ""points"": 2, ""comment"": ""missing""}]",Please improve
fb_bxuzsalacjed,1110,9,2025-08-28 08:35:31,"[{""criterion"": ""report"", ""points"": 5, ""comment"": ""good""}, {""criterion"": ""tests"", ""points"": 5, ""comment"": ""missing""}, {""criterion"": ""style"", ""points"": 3, ""comment"": ""ok""}, {""criterion"": ""correctness"", ""points"": 5, ""comment"": ""ok""}]",Consider edge cases
fb_dwnaxthamqqw,499,4,2025-07-05 15:58:43,"[{""criterion"": ""performance"", ""points"": 4, ""comment"": ""missing""}, {""criterion"": ""report"", ""points"": 2, ""comment"": ""excellent""}, {""criterion"": ""style"", ""points"": 1, ""comment"": ""excellent""}]",Nice work
fb_wvmlxkdxyifq,739,1,2025-06-03 01:19:41,"[{""criterion"": ""style"", ""points"": 5, ""comment"": ""ok""}, {""criterion"": ""report"", ""points"": 1, ""comment"": ""needs work""}]",Consider edge cases
fb_lfssszcmnsaq,243,4,2025-03-07 03:29:56,"[{""criterion"": ""report"", ""points"": 1, ""comment"": ""needs work""}, {""criterion"": ""performance"", ""points"": 1, ""comment"": ""good""}, {""criterion"": ""correctness"", ""points"": 5, ""comment"": ""missing""}, {""criterion"": ""style"", ""points"": 0, ""comment"": ""needs work""}, {""criterion"": ""tests"", ""points"": 0, ""comment"": ""missing""}]",Nice work
fb_fxbkqayuqpch,976,11,2025-04-24 10:40:43,"[{""criterion"": ""correctness"", ""points"": 1, ""comment"": ""ok""}, {""criterion"": ""tests"", ""points"": 1, ""comment"": ""missing""}, {""criterion"": ""style"", ""points"": 1, ""comment"": ""excellent""}]",Consider edge cases
fb_vqbcszbhceiw,181,14,2025-08-29 07:29:15,"[{""criterion"": ""tests"", ""points"": 3, ""comment"": ""missing""}, {""criterion"": ""performance"", ""points"": 5, ""comment"": ""needs work""}, {""criterion"": ""correctness"", ""points"": 5, ""comment"": ""ok""}]",Nice work
fb_wphkhlaetwbb,826,8,2025-03-07 16:34:05,"[{""criterion"": ""style"", ""points"": 4, ""comment"": ""good""}, {""criterion"": ""report"", ""points"": 1, ""comment"": ""good""}, {""criterion"": ""tests"", ""points"": 5, ""comment"": ""excellent""}, {""criterion"": ""correctness"", ""points"": 5, ""comment"": ""needs work""}, {""criterion"": ""performance"", ""points"": 1, ""comment"": ""excellent""}]",Nice work
fb_vydzjfaourtl,627,4,2025-11-02 02:11:35,"[{""criterion"": ""tests"", ""points"": 3, ""comment"": ""excellent""}, {""criterion"": ""style"", ""points"": 0, ""comment"": ""ok""}]",Incomplete
fb_vwgdrpmqnyen,254,9,2025-08-05 15:36:52,"[{""criterion"": ""tests"", ""points"": 5, ""comment"": ""excellent""}, {""criterion"": ""report"", ""points"": 1, ""comment"": ""missing""}, {""criterion"": ""correctness"", ""points"": 1, ""comment"": ""excellent""}, {""criterion"": ""performance"", ""points"": 0, ""comment"": ""ok""}, {""criterion"": ""style"", ""points"": 1, ""comment"": ""ok""}]",Great solution
fb_stdogxqzrlko,1500,4,2025-01-31 07:09:59,"[{""criterion"": ""style"", ""points"": 1, ""comment"": ""ok""}, {""criterion"": ""performance"", ""points"": 1, ""comment"": ""missing""}, {""criterion"": ""correctness"", ""points"": 0, ""comment"": ""ok""}]",Consider edge cases
fb_urdukckytohj,935,4,2025-05-17 18:58:50,"[{""criterion"": ""correctness"", ""points"": 0, ""comment"": ""needs work""}, {""criterion"": ""style"", ""points"": 5, ""comment"": ""good""}, {""criterion"": ""performance"", ""points"": 5, ""comment"": ""missing""}, {""criterion"": ""report"", ""points"": 2, ""comment"": ""missing""}]",Nice work
fb_jtalwgdkqflq,899,10,2025-07-26 04:38:28,"[{""criterion"": ""report"", ""points"": 0, ""comment"": ""missing""}, {""criterion"": ""performance"", ""points"": 5, ""comment"": ""good""}]",Please improve
fb_zhnqmdvnwhuv,473,3,2025-09-06 11:41:06,"[{""criterion"": ""tests"", ""points"": 5, ""comment"": ""missing""}, {""criterion"": ""style"", ""points"": 4, ""comment"": ""excellent""}, {""criterion"": ""report"", ""points"": 4, ""comment"": ""ok""}, {""criterion"": ""performance"", ""points"": 1, ""comment"": ""excellent""}]",Great solution
fb_docqhlqaffjc,1014,6,2025-02-11 03:22:02,"[{""criterion"": ""report"", ""points"": 1, ""comment"": ""ok""}, {""criterion"": ""correctness"", ""points"": 0, ""comment"": ""ok""}, {""criterion"": ""performance"", ""points"": 5, ""comment"": ""ok""}]",Consider edge cases
fb_jqmrmucbodhk,804,11,2025-07-23 14:49:11,"[{""criterion"": ""correctness"", ""points"": 2, ""comment"": ""needs work""}, {""criterion"": ""style"", ""points"": 1, ""comment"": ""excellent""}, {""criterion"": ""tests"", ""points"": 1, ""comment"": ""excellent""}, {""criterion"": ""report"", ""points"": 2, ""comment"": ""good""}]",Incomplete
fb_tavxvhbozwlr,1392,3,2025-10-31 23:10:12,"[{""criterion"": ""correctness"", ""points"": 0, ""comment"": ""needs work""}, {""criterion"": ""style"", ""points"": 5, ""comment"": ""missing""}, {""criterion"": ""report"", ""points"": 3, ""comment"": ""good""}, {""criterion"": ""tests"", ""points"": 3, ""comment"": ""ok""}, {""criterion"": ""performance"", ""points"": 3, ""comment"": ""needs work""}]",Nice work
fb_bjvevrclwfaz,10,4,2025-04-13 03:02:29,"[{""criterion"": ""performance"", ""points"": 0, ""comment"": ""needs work""}, {""criterion"": ""tests"", ""points"": 4, ""comment"": ""ok""}]",Great solution
fb_xfxnmpgxcqch,192,14,2025-09-01 10:08:10,"[{""criterion"": ""correctness"", ""points"": 4, ""comment"": ""good""}, {""criterion"": ""report"", ""points"": 5, ""comment"": ""excellent""}]",Incomplete
fb_euqknnkmrqfu,341,6,2025-10-20 03:04:17,"[{""criterion"": ""correctness"", ""points"": 3, ""comment"": ""needs work""}, {""criterion"": ""report"", ""points"": 5, ""comment"": ""needs work""}, {""criterion"": ""style"", ""points"": 5, ""comment"": ""missing""}, {""criterion"": ""performance"", ""points"": 3, ""comment"": ""ok""}, {""criterion"": ""tests"", ""points"": 0, ""comment"": ""ok""}]",Please improve
fb_dwwwdacdamab,1501,4,2025-02-11 11:10:12,"[{""criterion"": ""style"", ""points"": 5, ""comment"": ""needs work""}, {""criterion"": ""performance"", ""points"": 2, ""comment"": ""good""}]",Incomplete
fb_einrnbsngwkd,51,4,2025-12-06 11:05:11,"[{""criterion"": ""style"", ""points"": 5, ""comment"": ""good""}, {""criterion"": ""correctness"", ""points"": 4, ""comment"": ""missing""}, {""criterion"": ""performance"", ""points"": 0, ""comment"": ""excellent""}]",Great solution
fb_kscfnlkfhcor,472,10,2025-12-07 23:16:31,"[{""criterion"": ""report"", ""points"": 2, ""comment"": ""ok""}, {""criterion"": ""performance"", ""points"": 2, ""comment"": ""missing""}, {""criterion"": ""correctness"", ""points"": 0, ""comment"": ""needs work""}]",Please improve
fb_nmihtbxmvnyj,169,14,2025-09-30 22:08:07,"[{""criterion"": ""performance"", ""points"": 4, ""comment"": ""needs work""}, {""criterion"": ""style"", ""points"": 5, ""comment"": ""excellent""}, {""criterion"": ""correctness"", ""points"": 0, ""comment"": ""good""}, {""criterion"": ""report"", ""points"": 4, ""comment"": ""needs work""}]",Please improve
fb_jfdufuerarzp,495,4,2025-07-03 16:00:48,"[{""criterion"": ""tests"", ""points"": 3, ""comment"": ""good""}, {""criterion"": ""report"", ""points"": 5, ""comment"": ""good""}, {""criterion"": ""style"", ""points"": 1, ""comment"": ""needs work""}, {""criterion"": ""correctness"", ""points"": 0, ""comment"": ""excellent""}, {""criterion"": ""performance"", ""points"": 0, ""comment"": ""good""}]",Nice work
fb_sbdocpqohaum,683,6,2025-09-01 17:50:13,"[{""criterion"": ""correctness"", ""points"": 5, ""comment"": ""needs work""}, {""criterion"": ""tests"", ""points"": 0, ""comment"": ""needs work""}, {""criterion"": ""report"", ""points"": 3, ""comment"": ""needs work""}, {""criterion"": ""style"", ""points"": 0, ""comment"": ""missing""}]",Please improve
fb_ucpfxsjdvbfy,1282,3,2025-09-24 21:30:48,"[{""criterion"": ""performance"", ""points"": 3, ""comment"": ""ok""}, {""criterion"": ""correctness"", ""points"": 0, ""comment"": ""missing""}]",Nice work
fb_yfxilbmyirzo,541,10,2025-03-08 04:00:24,"[{""criterion"": ""correctness"", ""points"": 2, ""comment"": ""excellent""}, {""criterion"": ""style"", ""points"": 1, ""comment"": ""missing""}]",Please improve
fb_lkhapavnfffn,1251,4,2025-02-01 23:29:09,"[{""criterion"": ""performance"", ""points"": 3, ""comment"": ""ok""}, {""criterion"": ""style"", ""points"": 0, ""comment"": ""good""}, {""criterion"": ""report"", ""points"": 4, ""comment"": ""ok""}]",Nice work
fb_hgbvqvqoecqd,1557,6,2025-05-18 15:01:05,"[{""criterion"": ""tests"", ""points"": 1, ""comment"": ""ok""}, {""criterion"": ""correctness"", ""points"": 2, ""comment"": ""good""}, {""criterion"": ""report"", ""points"": 4, ""comment"": ""good""}, {""criterion"": ""style"", ""points"": 5, ""comment"": ""needs work""}]",Consider edge cases
fb_tzhkehmybizk,608,4,2025-10-05 20:55:06,"[{""criterion"": ""tests"", ""points"": 5, ""comment"": ""excellent""}, {""criterion"": ""correctness"", ""points"": 5, ""comment"": ""good""}, {""criterion"": ""performance"", ""points"": 0, ""comment"": ""excellent""}, {""criterion"": ""report"", ""points"": 0, ""comment"": ""needs work""}]",Please improve
fb_fwuxizjteuah,504,4,2025-07-06 20:59:11,"[{""criterion"": ""correctness"", ""points"": 1, ""comment"": ""needs work""}, {""criterion"": ""report"", ""points"": 1, ""comment"": ""ok""}, {""criterion"": ""tests"", ""points"": 5, ""comment"": ""needs work""}, {""criterion"": ""style"", ""points"": 5, ""comment"": ""excellent""}, {""criterion"": ""performance"", ""points"": 2, ""comment"": ""ok""}]",Consider edge cases
fb_ivjatxenpdqo,223,4,2025-03-08 22:29:23,"[{""criterion"": ""performance"", ""points"": 1, ""comment"": ""good""}, {""criterion"": ""tests"", ""points"": 3, ""comment"": ""needs work""}, {""criterion"": ""report"", ""points"": 1, ""comment"": ""needs work""}, {""criterion"": ""correctness"", ""points"": 1, ""comment"": ""missing""}]",Great solution
fb_gsjvixwptmxs,556,1,2025-05-07 08:26:40,"[{""criterion"": ""performance"", ""points"": 2, ""comment"": ""missing""}, {""criterion"": ""style"", ""points"": 4, ""comment"": ""ok""}, {""criterion"": ""report"", ""points"": 3, ""comment"": ""ok""}, {""criterion"": ""tests"", ""points"": 3, ""comment"": ""needs work""}, {""criterion"": ""correctness"", ""points"": 3, ""comment"": ""excellent""}]",Great solution
fb_arzblpmznpac,1286,3,2025-09-17 16:02:01,"[{""criterion"": ""style"", ""points"": 2, ""comment"": ""missing""}, {""criterion"": ""report"", ""points"": 3, ""comment"": ""good""}]",Please improve
fb_wmvcigvkvosc,1031,7,2025-07-01 00:40:10,"[{""criterion"": ""correctness"", ""points"": 5, ""comment"": ""needs work""}, {""criterion"": ""tests"", ""points"": 2, ""comment"": ""good""}]",Nice work
fb_whlbqjhkqmbn,1138,13,2025-06-14 19:07:57,"[{""criterion"": ""style"", ""points"": 5, ""comment"": ""missing""}, {""criterion"": ""tests"", ""points"": 5, ""comment"": ""missing""}]",Nice work
fb_ktcvlggbytbt,850,7,2025-12-10 03:16:25,"[{""criterion"": ""report"", ""points"": 3, ""comment"": ""excellent""}, {""criterion"": ""style"", ""points"": 2, ""comment"": ""needs work""}, {""criterion"": ""tests"", ""points"": 4, ""comment"": ""excellent""}]",Incomplete
fb_uaclwwgibkem,198,1,2025-02-24 23:58:50,"[{""criterion"": ""tests"", ""points"": 5, ""comment"": ""good""}, {""criterion"": ""performance"", ""points"": 0, ""comment"": ""good""}, {""criterion"": ""correctness"", ""points"": 3, ""comment"": ""ok""}, {""criterion"": ""report"", ""points"": 4, ""comment"": ""ok""}]",Please improve
fb_cnhesaygognt,1370,4,2025-03-16 10:03:12,"[{""criterion"": ""report"", ""points"": 0, ""comment"": ""excellent""}, {""criterion"": ""style"", ""points"": 2, ""comment"": ""needs work""}]",Consider edge cases
fb_fzkembhhobvr,758,6,2025-06-01 20:13:37,"[{""criterion"": ""tests"", ""points"": 2, ""comment"": ""missing""}, {""criterion"": ""performance"", ""points"": 0, ""comment"": ""missing""}]",Great solution
fb_psrvfnliklri,549,1,2025-05-13 00:29:18,"[{""criterion"": ""style"", ""points"": 3, ""comment"": ""ok""}, {""criterion"": ""tests"", ""points"": 4, ""comment"": ""ok""}, {""criterion"": ""correctness"", ""points"": 4, ""comment"": ""needs work""}]",Great solution
fb_wfkufllgqhqk,121,10,2025-09-27 06:29:37,"[{""criterion"": ""tests"", ""points"": 3, ""comment"": ""missing""}, {""criterion"": ""performance"", ""points"": 3, ""comment"": ""needs work""}]",Please improve
fb_ixziaedvymfk,1278,3,2025-09-20 22:33:54,"[{""criterion"": ""report"", ""points"": 1, ""comment"": ""missing""}, {""criterion"": ""correctness"", ""points"": 4, ""comment"": ""needs work""}, {""criterion"": ""tests"", ""points"": 1, ""comment"": ""missing""}, {""criterion"": ""style"", ""points"": 4, ""comment"": ""missing""}]",Consider edge cases
fb_pvaknltbqyif,554,1,2025-05-16 07:09:33,"[{""criterion"": ""report"", ""points"": 0, ""comment"": ""excellent""}, {""criterion"": ""correctness"", ""points"": 4, ""comment"": ""ok""}, {""criterion"": ""tests"", ""points"": 5, ""comment"": ""needs work""}, {""criterion"": ""performance"", ""points"": 0, ""comment"": ""missing""}]",Consider edge cases
fb_pvqzrtnrgsqq,856,7,2025-12-11 05:51:18,"[{""criterion"": ""style"", ""points"": 4, ""comment"": ""needs work""}, {""criterion"": ""tests"", ""points"": 0, ""comment"": ""missing""}, {""criterion"": ""correctness"", ""points"": 2, ""comment"": ""needs work""}, {""criterion"": ""report"", ""points"": 1, ""comment"": ""good""}]",Please improve
fb_ihqrbxmwwcvo,980,11,2025-04-26 06:07:34,"[{""criterion"": ""correctness"", ""points"": 1, ""comment"": ""missing""}, {""criterion"": ""tests"", ""points"": 0, ""comment"": ""good""}]",Great solution
fb_rglriqwtvbsn,1238,10,2025-08-07 05:17:40,"[{""criterion"": ""performance"", ""points"": 3, ""comment"": ""ok""}, {""criterion"": ""report"", ""points"": 1, ""comment"": ""excellent""}, {""criterion"": ""style"", ""points"": 3, ""comment"": ""missing""}, {""criterion"": ""correctness"", ""points"": 2, ""comment"": ""excellent""}]",Please improve
fb_yvgrjjuykajm,511,4,2025-07-07 03:35:21,"[{""criterion"": ""report"", ""points"": 0, ""comment"": ""good""}, {""criterion"": ""correctness"", ""points"": 1, ""comment"": ""ok""}, {""criterion"": ""style"", ""points"": 5, ""comment"": ""good""}, {""criterion"": ""tests"", ""points"": 1, ""comment"": ""good""}]",Please improve
fb_mobipuhjbhoo,1260,4,2025-02-08 18:58:43,"[{""criterion"": ""report"", ""points"": 1, ""comment"": ""missing""}, {""criterion"": ""tests"", ""points"": 2, ""comment"": ""needs work""}, {""criterion"": ""performance"", ""points"": 5, ""comment"": ""needs work""}, {""criterion"": ""style"", ""points"": 3, ""comment"": ""missing""}, {""criterion"": ""correctness"", ""points"": 2, ""comment"": ""excellent""}]",Great solution
fb_tymzzbiqpgqv,206,1,2025-02-20 04:13:20,"[{""criterion"": ""style"", ""points"": 2, ""comment"": ""ok""}, {""criterion"": ""tests"", ""points"": 0, ""comment"": ""ok""}, {""criterion"": ""report"", ""points"": 5, ""comment"": ""needs work""}, {""criterion"": ""performance"", ""points"": 3, ""comment"": ""missing""}]",Incomplete
fb_csezvecjgwhp,1169,10,2025-07-29 20:01:15,"[{""criterion"": ""tests"", ""points"": 3, ""comment"": ""needs work""}, {""criterion"": ""performance"", ""points"": 3, ""comment"": ""ok""}, {""criterion"": ""correctness"", ""points"": 2, ""comment"": ""excellent""}, {""criterion"": ""style"", ""points"": 4, ""comment"": ""missing""}, {""criterion"": ""report"", ""points"": 2, ""comment"": ""good""}]",Consider edge cases
fb_uiwwcugxftit,920,10,2025-07-28 14:43:39,"[{""criterion"": ""tests"", ""points"": 4, ""comment"": ""needs work""}, {""criterion"": ""correctness"", ""points"": 3, ""comment"": ""good""}, {""criterion"": ""style"", ""points"": 3, ""comment"": ""good""}]",Consider edge cases
fb_manmekxsarkt,1132,13,2025-06-11 09:23:56,"[{""criterion"": ""tests"", ""points"": 3, ""comment"": ""missing""}, {""criterion"": ""performance"", ""points"": 0, ""comment"": ""ok""}, {""criterion"": ""report"", ""points"": 5, ""comment"": ""excellent""}, {""criterion"": ""correctness"", ""points"": 0, ""comment"": ""excellent""}, {""criterion"": ""style"", ""points"": 0, ""comment"": ""ok""}]",Nice work
fb_oajgocykzzym,1254,4,2025-02-01 22:53:27,"[{""criterion"": ""performance"", ""points"": 5, ""comment"": ""missing""}, {""criterion"": ""tests"", ""points"": 5, ""comment"": ""ok""}, {""criterion"": ""correctness"", ""points"": 3, ""comment"": ""missing""}]",Incomplete
fb_knxxkfnfbouf,523,10,2025-03-13 15:27:17,"[{""criterion"": ""report"", ""points"": 1, ""comment"": ""ok""}, {""criterion"": ""correctness"", ""points"": 3, ""comment"": ""excellent""}, {""criterion"": ""performance"", ""points"": 2, ""comment"": ""excellent""}, {""criterion"": ""tests"", ""points"": 4, ""comment"": ""needs work""}, {""criterion"": ""style"", ""points"": 3, ""comment"": ""excellent""}]",Great solution
fb_rgqewbmunqck,1045,3,2025-08-27 01:44:27,"[{""criterion"": ""tests"", ""points"": 2, ""comment"": ""excellent""}, {""criterion"": ""style"", ""points"": 4, ""comment"": ""good""}, {""criterion"": ""correctness"", ""points"": 3, ""comment"": ""excellent""}]",Please improve
fb_qcjlunxpwukb,215,1,2025-02-18 19:14:29,"[{""criterion"": ""report"", ""points"": 1, ""comment"": ""missing""}, {""criterion"": ""correctness"", ""points"": 4, ""comment"": ""good""}, {""criterion"": ""performance"", ""points"": 0, ""comment"": ""good""}, {""criterion"": ""tests"", ""points"": 0, ""comment"": ""missing""}]",Incomplete
fb_jbmgziwqikrb,1352,7,2025-10-24 14:42:43,"[{""criterion"": ""performance"", ""points"": 2, ""comment"": ""excellent""}, {""criterion"": ""style"", ""points"": 5, ""comment"": ""missing""}, {""criterion"": ""report"", ""points"": 5, ""comment"": ""needs work""}, {""criterion"": ""correctness"", ""points"": 1, ""comment"": ""ok""}, {""criterion"": ""tests"", ""points"": 1, ""comment"": ""good""}]",Please improve
fb_mswqbrxnnunz,1134,13,2025-06-10 01:22:01,"[{""criterion"": ""report"", ""points"": 2, ""comment"": ""needs work""}, {""criterion"": ""style"", ""points"": 4, ""comment"": ""needs work""}, {""criterion"": ""performance"", ""points"": 5, ""comment"": ""needs work""}, {""criterion"": ""tests"", ""points"": 3, ""comment"": ""missing""}, {""criterion"": ""correctness"", ""points"": 4, ""comment"": ""good""}]",Great solution
fb_maxpdmpexapy,676,6,2025-09-06 11:53:11,"[{""criterion"": ""style"", ""points"": 2, ""comment"": ""needs work""}, {""criterion"": ""report"", ""points"": 3, ""comment"": ""ok""}]",Consider edge cases
fb_zchzekhrjbqc,264,9,2025-08-05 10:30:53,"[{""criterion"": ""style"", ""points"": 4, ""comment"": ""missing""}, {""criterion"": ""correctness"", ""points"": 5, ""comment"": ""ok""}]",Incomplete
fb_aowslygztktn,665,4,2025-02-21 22:34:36,"[{""criterion"": ""style"", ""points"": 4, ""comment"": ""needs work""}, {""criterion"": ""tests"", ""points"": 4, ""comment"": ""missing""}, {""criterion"": ""correctness"", ""points"": 0, ""comment"": ""excellent""}]",Consider edge cases
fb_fugmqfoksekf,488,3,2025-09-10 14:48:36,"[{""criterion"": ""report"", ""points"": 3, ""comment"": ""needs work""}, {""criterion"": ""style"", ""points"": 3, ""comment"": ""ok""}, {""criterion"": ""performance"", ""points"": 2, ""comment"": ""excellent""}, {""criterion"": ""tests"", ""points"": 1, ""comment"": ""excellent""}]",Consider edge cases
fb_mapekxxwkapj,1173,10,2025-07-20 11:17:21,"[{""criterion"": ""tests"", ""points"": 3, ""comment"": ""needs work""}, {""criterion"": ""report"", ""points"": 0, ""comment"": ""missing""}]",Please improve
fb_phlvqbvlugqp,1258,4,2025-02-10 14:49:56,"[{""criterion"": ""style"", ""points"": 0, ""comment"": ""good""}, {""criterion"": ""report"", ""points"": 5, ""comment"": ""good""}, {""criterion"": ""performance"", ""points"": 4, ""comment"": ""ok""}, {""criterion"": ""correctness"", ""points"": 1, ""comment"": ""excellent""}]",Consider edge cases
fb_uhezhqiyoflu,1445,4,2025-08-15 09:46:41,"[{""criterion"": ""report"", ""points"": 5, ""comment"": ""excellent""}, {""criterion"": ""tests"", ""points"": 1, ""comment"": ""missing""}, {""criterion"": ""style"", ""points"": 2, ""comment"": ""ok""}, {""criterion"": ""performance"", ""points"": 1, ""comment"": ""ok""}, {""criterion"": ""correctness"", ""points"": 0, ""comment"": ""needs work""}]",Please improve
fb_wenuqkwjifdz,760,6,2025-05-18 02:15:30,"[{""criterion"": ""report"", ""points"": 5, ""comment"": ""ok""}, {""criterion"": ""correctness"", ""points"": 3, ""comment"": ""missing""}, {""criterion"": ""style"", ""points"": 1, ""comment"": ""missing""}]",Incomplete
fb_oqukgpigwbxm,617,4,2025-11-06 12:25:50,"[{""criterion"": ""report"", ""points"": 2, ""comment"": ""good""}, {""criterion"": ""tests"", ""points"": 5, ""comment"": ""missing""}, {""criterion"": ""performance"", ""points"": 4, ""comment"": ""missing""}]",Consider edge cases
fb_tempqtglkigb,581,6,2025-01-25 02:15:56,"[{""criterion"": ""correctness"", ""points"": 1, ""comment"": ""excellent""}, {""criterion"": ""performance"", ""points"": 4, ""comment"": ""excellent""}, {""criterion"": ""tests"", ""points"": 0, ""comment"": ""ok""}, {""criterion"": ""style"", ""points"": 4, ""comment"": ""excellent""}]",Please improve
fb_vsxmkldepvqy,533,10,2025-02-27 09:01:45,"[{""criterion"": ""correctness"", ""points"": 1, ""comment"": ""missing""}, {""criterion"": ""style"", ""points"": 3, ""comment"": ""missing""}, {""criterion"": ""tests"", ""points"": 3, ""comment"": ""excellent""}, {""criterion"": ""report"", ""points"": 0, ""comment"": ""missing""}, {""criterion"": ""performance"", ""points"": 3, ""comment"": ""missing""}]",Please improve
fb_ywqyswkbwgly,76,5,2025-10-25 02:49:31,"[{""criterion"": ""correctness"", ""points"": 5, ""comment"": ""missing""}, {""criterion"": ""performance"", ""points"": 4, ""comment"": ""ok""}]",Please improve
fb_cilvjbinaluf,281,11,2025-06-13 23:40:10,"[{""criterion"": ""style"", ""points"": 4, ""comment"": ""excellent""}, {""criterion"": ""tests"", ""points"": 2, ""comment"": ""ok""}, {""criterion"": ""report"", ""points"": 3, ""comment"": ""excellent""}]",Incomplete
fb_ynxwhomswnvu,489,3,2025-09-07 10:25:35,"[{""criterion"": ""tests"", ""points"": 4, ""comment"": ""good""}, {""criterion"": ""correctness"", ""points"": 3, ""comment"": ""good""}, {""criterion"": ""performance"", ""points"": 4, ""comment"": ""missing""}]",Please improve
fb_xssujizzicja,1543,6,2025-05-21 05:17:44,"[{""criterion"": ""style"", ""points"": 0, ""comment"": ""good""}, {""criterion"": ""performance"", ""points"": 0, ""comment"": ""excellent""}, {""criterion"": ""tests"", ""points"": 5, ""comment"": ""good""}]",Consider edge cases
fb_exfscbtcoxbe,1246,10,2025-08-11 07:58:36,"[{""criterion"": ""report"", ""points"": 3, ""comment"": ""missing""}, {""criterion"": ""style"", ""points"": 3, ""comment"": ""good""}]",Great solution
fb_fqacrvdltqoo,537,10,2025-03-14 10:41:07,"[{""criterion"": ""performance"", ""points"": 0, ""comment"": ""excellent""}, {""criterion"": ""style"", ""points"": 4, ""comment"": ""needs work""}, {""criterion"": ""tests"", ""points"": 1, ""comment"": ""ok""}, {""criterion"": ""report"", ""points"": 4, ""comment"": ""ok""}]",Incomplete
fb_sutemcoaiyjy,355,6,2025-10-19 18:07:24,"[{""criterion"": ""tests"", ""points"": 0, ""comment"": ""needs work""}, {""criterion"": ""style"", ""points"": 1, ""comment"": ""good""}, {""criterion"": ""performance"", ""points"": 3, ""comment"": ""excellent""}, {""criterion"": ""correctness"", ""points"": 5, ""comment"": ""good""}, {""criterion"": ""report"", ""points"": 0, ""comment"": ""missing""}]",Please improve
fb_rxpubomgtrsi,1365,4,2025-03-23 01:13:12,"[{""criterion"": ""tests"", ""points"": 5, ""comment"": ""missing""}, {""criterion"": ""report"", ""points"": 1, ""comment"": ""good""}, {""criterion"": ""style"", ""points"": 1, ""comment"": ""good""}]",Nice work
fb_mutmiedipyds,1032,7,2025-07-10 19:17:16,"[{""criterion"": ""correctness"", ""points"": 0, ""comment"": ""missing""}, {""criterion"": ""report"", ""points"": 1, ""comment"": ""good""}, {""criterion"": ""performance"", ""points"": 5, ""comment"": ""good""}, {""criterion"": ""tests"", ""points"": 2, ""comment"": ""excellent""}]",Please improve
fb_ihkkmqlwcggn,1016,6,2025-02-08 01:01:25,"[{""criterion"": ""correctness"", ""points"": 4, ""comment"": ""ok""}, {""criterion"": ""performance"", ""points"": 1, ""comment"": ""needs work""}, {""criterion"": ""report"", ""points"": 1, ""comment"": ""needs work""}, {""criterion"": ""style"", ""points"": 0, ""comment"": ""needs work""}]",Nice work
fb_strihuttnmab,50,4,2025-12-06 08:14:08,"[{""criterion"": ""tests"", ""points"": 2, ""comment"": ""missing""}, {""criterion"": ""style"", ""points"": 0, ""comment"": ""needs work""}]",Incomplete
fb_sdevhbfuyrzv,602,4,2025-10-09 13:20:09,"[{""criterion"": ""report"", ""points"": 3, ""comment"": ""excellent""}, {""criterion"": ""style"", ""points"": 2, ""comment"": ""good""}]",Nice work
fb_mrwuqojvtckh,1308,1,2025-05-16 03:28:54,"[{""criterion"": ""tests"", ""points"": 4, ""comment"": ""excellent""}, {""criterion"": ""performance"", ""points"": 0, ""comment"": ""excellent""}]",Consider edge cases
fb_nhhnhrmptmoj,245,9,2025-08-05 18:39:16,"[{""criterion"": ""performance"", ""points"": 1, ""comment"": ""needs work""}, {""criterion"": ""tests"", ""points"": 4, ""comment"": ""ok""}, {""criterion"": ""report"", ""points"": 0, ""comment"": ""missing""}]",Great solution
fb_hlhpfexptnxa,321,3,2025-11-16 01:28:56,"[{""criterion"": ""correctness"", ""points"": 0, ""comment"": ""good""}, {""criterion"": ""style"", ""points"": 5, ""comment"": ""good""}, {""criterion"": ""report"", ""points"": 5, ""comment"": ""good""}]",Nice work
fb_xobgjaeelzhq,83,10,2025-07-04 15:09:26,"[{""criterion"": ""tests"", ""points"": 5, ""comment"": ""good""}, {""criterion"": ""correctness"", ""points"": 2, ""comment"": ""missing""}]",Please improve
fb_fbteuzlazott,1434,5,2025-06-03 02:40:04,"[{""criterion"": ""report"", ""points"": 1, ""comment"": ""ok""}, {""criterion"": ""performance"", ""points"": 0, ""comment"": ""excellent""}, {""criterion"": ""tests"", ""points"": 5, ""comment"": ""good""}, {""criterion"": ""style"", ""points"": 3, ""comment"": ""ok""}]",Great solution
fb_bdworhksnrpg,947,7,2025-06-11 20:55:37,"[{""criterion"": ""performance"", ""points"": 4, ""comment"": ""excellent""}, {""criterion"": ""correctness"", ""points"": 0, ""comment"": ""missing""}, {""criterion"": ""report"", ""points"": 2, ""comment"": ""missing""}, {""criterion"": ""style"", ""points"": 0, ""comment"": ""excellent""}]",Incomplete
fb_itatxavxtgew,721,1,2025-06-05 01:20:53,"[{""criterion"": ""correctness"", ""points"": 1, ""comment"": ""needs work""}, {""criterion"": ""tests"", ""points"": 5, ""comment"": ""good""}, {""criterion"": ""performance"", ""points"": 0, ""comment"": ""excellent""}]",Great solution
fb_gyoftccuawdv,1315,1,2025-05-29 07:45:26,"[{""criterion"": ""report"", ""points"": 0, ""comment"": ""good""}, {""criterion"": ""style"", ""points"": 5, ""comment"": ""needs work""}, {""criterion"": ""tests"", ""points"": 0, ""comment"": ""needs work""}]",Nice work
fb_cuszbhozetzb,401,6,2025-11-25 10:13:34,"[{""criterion"": ""style"", ""points"": 4, ""comment"": ""excellent""}, {""criterion"": ""correctness"", ""points"": 0, ""comment"": ""good""}, {""criterion"": ""report"", ""points"": 4, ""comment"": ""good""}, {""criterion"": ""performance"", ""points"": 3, ""comment"": ""needs work""}, {""criterion"": ""tests"", ""points"": 3, ""comment"": ""good""}]",Great solution
fb_ocbollhqwauc,1444,4,2025-08-25 00:20:19,"[{""criterion"": ""report"", ""points"": 4, ""comment"": ""excellent""}, {""criterion"": ""performance"", ""points"": 3, ""comment"": ""missing""}, {""criterion"": ""style"", ""points"": 4, ""comment"": ""good""}]",Nice work
fb_syaubotjxzov,635,1,2025-11-29 20:15:59,"[{""criterion"": ""style"", ""points"": 5, ""comment"": ""missing""}, {""criterion"": ""performance"", ""points"": 0, ""comment"": ""missing""}, {""criterion"": ""correctness"", ""points"": 2, ""comment"": ""excellent""}, {""criterion"": ""tests"", ""points"": 0, ""comment"": ""good""}, {""criterion"": ""report"", ""points"": 3, ""comment"": ""ok""}]",Please improve
fb_zpayhuusgwvz,1429,5,2025-05-25 14:34:29,"[{""criterion"": ""report"", ""points"": 5, ""comment"": ""missing""}, {""criterion"": ""correctness"", ""points"": 4, ""comment"": ""excellent""}]",Consider edge cases
fb_abdcssqokpdb,705,1,2025-10-27 10:21:50,"[{""criterion"": ""correctness"", ""points"": 2, ""comment"": ""excellent""}, {""criterion"": ""tests"", ""points"": 5, ""comment"": ""excellent""}, {""criterion"": ""style"", ""points"": 4, ""comment"": ""good""}]",Nice work
fb_qptxkmfwmgni,574,6,2025-01-23 23:09:52,"[{""criterion"": ""tests"", ""points"": 5, ""comment"": ""missing""}, {""criterion"": ""correctness"", ""points"": 1, ""comment"": ""missing""}]",Consider edge cases
fb_bnobobmokjgr,1136,13,2025-06-16 02:43:28,"[{""criterion"": ""tests"", ""points"": 1, ""comment"": ""ok""}, {""criterion"": ""style"", ""points"": 3, ""comment"": ""excellent""}, {""criterion"": ""performance"", ""points"": 2, ""comment"": ""excellent""}, {""criterion"": ""correctness"", ""points"": 0, ""comment"": ""missing""}]",Please improve
fb_bqljjzcwhlav,744,6,2025-05-23 15:10:21,"[{""criterion"": ""correctness"", ""points"": 1, ""comment"": ""needs work""}, {""criterion"": ""tests"", ""points"": 0, ""comment"": ""needs work""}, {""criterion"": ""style"", ""points"": 0, ""comment"": ""ok""}]",Please improve
fb_ghjryalhaffu,1506,4,2025-02-02 13:32:39,"[{""criterion"": ""tests"", ""points"": 3, ""comment"": ""good""}, {""criterion"": ""style"", ""points"": 1, ""comment"": ""good""}]",Great solution
fb_nbyckkpbvdoi,734,1,2025-06-14 14:24:14,"[{""criterion"": ""performance"", ""points"": 2, ""comment"": ""good""}, {""criterion"": ""report"", ""points"": 0, ""comment"": ""ok""}, {""criterion"": ""tests"", ""points"": 4, ""comment"": ""good""}, {""criterion"": ""correctness"", ""points"": 0, ""comment"": ""missing""}]",Consider edge cases
fb_sxmpyqxduxzq,1144,13,2025-06-15 11:56:12,"[{""criterion"": ""report"", ""points"": 1, ""comment"": ""needs work""}, {""criterion"": ""style"", ""points"": 0, ""comment"": ""needs work""}]",Please improve
fb_hnxnygaqhwyt,596,4,2025-10-07 13:42:28,"[{""criterion"": ""report"", ""points"": 5, ""comment"": ""excellent""}, {""criterion"": ""correctness"", ""points"": 0, ""comment"": ""excellent""}, {""criterion"": ""performance"", ""points"": 5, ""comment"": ""ok""}]",Nice work
fb_ecuwuedyqxud,463,10,2025-12-01 18:29:58,"[{""criterion"": ""report"", ""points"": 2, ""comment"": ""ok""}, {""criterion"": ""style"", ""points"": 3, ""comment"": ""missing""}, {""criterion"": ""performance"", ""points"": 5, ""comment"": ""needs work""}, {""criterion"": ""tests"", ""points"": 4, ""comment"": ""needs work""}, {""criterion"": ""correctness"", ""points"": 1, ""comment"": ""excellent""}]",Please improve
fb_awkbpqtxzyvn,225,4,2025-03-08 17:23:45,"[{""criterion"": ""tests"", ""points"": 2, ""comment"": ""missing""}, {""criterion"": ""report"", ""points"": 5, ""comment"": ""ok""}, {""criterion"": ""style"", ""points"": 5, ""comment"": ""good""}, {""criterion"": ""performance"", ""points"": 1, ""comment"": ""excellent""}]",Great solution
fb_rjrxtcbfhfsd,262,9,2025-08-07 21:03:12,"[{""criterion"": ""tests"", ""points"": 3, ""comment"": ""ok""}, {""criterion"": ""style"", ""points"": 3, ""comment"": ""missing""}]",Great solution
fb_bkcypjuxcyap,1292,13,2025-02-27 22:09:39,"[{""criterion"": ""tests"", ""points"": 1, ""comment"": ""good""}, {""criterion"": ""performance"", ""points"": 1, ""comment"": ""good""}, {""criterion"": ""style"", ""points"": 0, ""comment"": ""excellent""}, {""criterion"": ""report"", ""points"": 2, ""comment"": ""excellent""}, {""criterion"": ""correctness"", ""points"": 3, ""comment"": ""good""}]",Consider edge cases
fb_mjfbsyxvajix,1472,10,2025-09-27 00:58:38,"[{""criterion"": ""style"", ""points"": 1, ""comment"": ""good""}, {""criterion"": ""performance"", ""points"": 0, ""comment"": ""good""}, {""criterion"": ""correctness"", ""points"": 0, ""comment"": ""good""}]",Incomplete
fb_ygfpvhbvpjyv,171,14,2025-09-29 03:36:54,"[{""criterion"": ""report"", ""points"": 2, ""comment"": ""ok""}, {""criterion"": ""style"", ""points"": 5, ""comment"": ""ok""}, {""criterion"": ""tests"", ""points"": 0, ""comment"": ""missing""}, {""criterion"": ""correctness"", ""points"": 2, ""comment"": ""needs work""}, {""criterion"": ""performance"", ""points"": 4, ""comment"": ""excellent""}]",Nice work
fb_izvkxfawvpiu,58,4,2025-12-09 15:23:13,"[{""criterion"": ""style"", ""points"": 3, ""comment"": ""missing""}, {""criterion"": ""correctness"", ""points"": 3, ""comment"": ""missing""}, {""criterion"": ""tests"", ""points"": 0, ""comment"": ""needs work""}, {""criterion"": ""report"", ""points"": 3, ""comment"": ""needs work""}]",Consider edge cases
fb_mtgnlpbemmtg,650,1,2025-11-26 15:17:57,"[{""criterion"": ""correctness"", ""points"": 5, ""comment"": ""good""}, {""criterion"": ""performance"", ""points"": 2, ""comment"": ""needs work""}, {""criterion"": ""report"", ""points"": 2, ""comment"": ""good""}]",Consider edge cases
fb_finlwshldcva,889,1,2025-05-11 13:02:27,"[{""criterion"": ""report"", ""points"": 2, ""comment"": ""excellent""}, {""criterion"": ""correctness"", ""points"": 1, ""comment"": ""excellent""}, {""criterion"": ""style"", ""points"": 0, ""comment"": ""ok""}, {""criterion"": ""tests"", ""points"": 2, ""comment"": ""excellent""}, {""criterion"": ""performance"", ""points"": 0, ""comment"": ""good""}]",Incomplete
fb_gqcgtolhfiuz,1268,4,2025-02-07 06:41:25,"[{""criterion"": ""report"", ""points"": 2, ""comment"": ""missing""}, {""criterion"": ""performance"", ""points"": 1, ""comment"": ""needs work""}, {""criterion"": ""tests"", ""points"": 1, ""comment"": ""good""}]",Nice work
fb_jrzyuhpbwiot,1333,7,2025-10-24 11:22:25,"[{""criterion"": ""tests"", ""points"": 2, ""comment"": ""needs work""}, {""criterion"": ""performance"", ""points"": 5, ""comment"": ""good""}, {""criterion"": ""style"", ""points"": 1, ""comment"": ""good""}]",Please improve
fb_nnupwqgixeiq,563,1,2025-05-15 17:50:34,"[{""criterion"": ""performance"", ""points"": 2, ""comment"": ""good""}, {""criterion"": ""correctness"", ""points"": 5, ""comment"": ""good""}, {""criterion"": ""report"", ""points"": 3, ""comment"": ""good""}]",Great solution
fb_tmyudnlwtegv,769,6,2025-05-28 23:11:01,"[{""criterion"": ""report"", ""points"": 0, ""comment"": ""ok""}, {""criterion"": ""correctness"", ""points"": 5, ""comment"": ""ok""}, {""criterion"": ""style"", ""points"": 5, ""comment"": ""needs work""}, {""criterion"": ""performance"", ""points"": 3, ""comment"": ""needs work""}]",Consider edge cases
fb_yoyqqmresiqe,378,9,2025-04-30 03:39:13,"[{""criterion"": ""report"", ""points"": 4, ""comment"": ""needs work""}, {""criterion"": ""style"", ""points"": 0, ""comment"": ""ok""}, {""criterion"": ""performance"", ""points"": 1, ""comment"": ""ok""}, {""criterion"": ""correctness"", ""points"": 5, ""comment"": ""ok""}]",Incomplete
fb_jvexvedfzhyb,91,10,2025-07-02 02:26:13,"[{""criterion"": ""style"", ""points"": 1, ""comment"": ""missing""}, {""criterion"": ""correctness"", ""points"": 1, ""comment"": ""excellent""}, {""criterion"": ""tests"", ""points"": 3, ""comment"": ""ok""}, {""criterion"": ""report"", ""points"": 5, ""comment"": ""missing""}, {""criterion"": ""performance"", ""points"": 5, ""comment"": ""missing""}]",Great solution
fb_ymuijolcuxpn,301,13,2025-08-08 12:09:40,"[{""criterion"": ""correctness"", ""points"": 5, ""comment"": ""ok""}, {""criterion"": ""report"", ""points"": 5, ""comment"": ""ok""}, {""criterion"": ""tests"", ""points"": 3, ""comment"": ""needs work""}, {""criterion"": ""style"", ""points"": 3, ""comment"": ""ok""}]",Please improve
fb_kicloznldcbl,688,6,2025-08-21 03:48:46,"[{""criterion"": ""report"", ""points"": 0, ""comment"": ""needs work""}, {""criterion"": ""tests"", ""points"": 5, ""comment"": ""ok""}, {""criterion"": ""style"", ""points"": 4, ""comment"": ""needs work""}, {""criterion"": ""correctness"", ""points"": 2, ""comment"": ""good""}]",Consider edge cases
fb_lmkikhmmvqzo,1331,1,2025-05-23 14:46:30,"[{""criterion"": ""report"", ""points"": 3, ""comment"": ""good""}, {""criterion"": ""style"", ""points"": 1, ""comment"": ""missing""}, {""criterion"": ""tests"", ""points"": 2, ""comment"": ""excellent""}, {""criterion"": ""correctness"", ""points"": 2, ""comment"": ""excellent""}]",Please improve
fb_binfmncbrelu,125,10,2025-09-26 06:03:38,"[{""criterion"": ""report"", ""points"": 4, ""comment"": ""needs work""}, {""criterion"": ""correctness"", ""points"": 0, ""comment"": ""missing""}]",Nice work
fb_qlgsjwbngibo,1287,3,2025-09-19 12:16:36,"[{""criterion"": ""report"", ""points"": 5, ""comment"": ""excellent""}, {""criterion"": ""correctness"", ""points"": 0, ""comment"": ""ok""}, {""criterion"": ""performance"", ""points"": 1, ""comment"": ""excellent""}, {""criterion"": ""style"", ""points"": 5, ""comment"": ""ok""}]",Consider edge cases
fb_kowlflhjohby,1325,1,2025-05-17 01:31:32,"[{""criterion"": ""tests"", ""points"": 3, ""comment"": ""ok""}, {""criterion"": ""correctness"", ""points"": 5, ""comment"": ""ok""}]",Great solution
fb_jbnlkwtmbbwk,707,1,2025-10-31 22:53:11,"[{""criterion"": ""style"", ""points"": 1, ""comment"": ""good""}, {""criterion"": ""performance"", ""points"": 2, ""comment"": ""missing""}, {""criterion"": ""tests"", ""points"": 2, ""comment"": ""good""}, {""criterion"": ""correctness"", ""points"": 1, ""comment"": ""ok""}, {""criterion"": ""report"", ""points"": 1, ""comment"": ""excellent""}]",Incomplete
fb_qluopciyarhp,475,3,2025-09-03 07:54:08,"[{""criterion"": ""correctness"", ""points"": 4, ""comment"": ""good""}, {""criterion"": ""tests"", ""points"": 4, ""comment"": ""missing""}, {""criterion"": ""report"", ""points"": 5, ""comment"": ""needs work""}, {""criterion"": ""performance"", ""points"": 0, ""comment"": ""needs work""}, {""criterion"": ""style"", ""points"": 5, ""comment"": ""good""}]",Nice work
fb_xxcqlafxbniy,455,10,2025-12-11 18:51:43,"[{""criterion"": ""performance"", ""points"": 1, ""comment"": ""good""}, {""criterion"": ""correctness"", ""points"": 0, ""comment"": ""ok""}, {""criterion"": ""style"", ""points"": 4, ""comment"": ""ok""}]",Incomplete
fb_awemnloqjnyk,122,10,2025-09-26 10:10:51,"[{""criterion"": ""tests"", ""points"": 3, ""comment"": ""ok""}, {""criterion"": ""correctness"", ""points"": 3, ""comment"": ""needs work""}, {""criterion"": ""performance"", ""points"": 3, ""comment"": ""good""}, {""criterion"": ""report"", ""points"": 2, ""comment"": ""excellent""}, {""criterion"": ""style"", ""points"": 5, ""comment"": ""missing""}]",Please improve
fb_kgzwrfwlhlqw,363,3,2025-10-19 06:32:42,"[{""criterion"": ""tests"", ""points"": 0, ""comment"": ""good""}, {""criterion"": ""correctness"", ""points"": 4, ""comment"": ""excellent""}, {""criterion"": ""style"", ""points"": 1, ""comment"": ""good""}, {""criterion"": ""performance"", ""points"": 1, ""comment"": ""needs work""}]",Consider edge cases
fb_drncigxrcupd,961,7,2025-06-07 02:47:57,"[{""criterion"": ""correctness"", ""points"": 2, ""comment"": ""needs work""}, {""criterion"": ""performance"", ""points"": 0, ""comment"": ""missing""}, {""criterion"": ""tests"", ""points"": 4, ""comment"": ""excellent""}, {""criterion"": ""style"", ""points"": 5, ""comment"": ""ok""}, {""criterion"": ""report"", ""points"": 4, ""comment"": ""needs work""}]",Great solution
fb_qgjpvfjrkhgf,901,10,2025-07-27 12:27:31,"[{""criterion"": ""correctness"", ""points"": 2, ""comment"": ""needs work""}, {""criterion"": ""style"", ""points"": 2, ""comment"": ""good""}]",Consider edge cases
fb_uyohfvlvfjcy,913,10,2025-07-23 08:13:44,"[{""criterion"": ""style"", ""points"": 1, ""comment"": ""good""}, {""criterion"": ""performance"", ""points"": 0, ""comment"": ""ok""}, {""criterion"": ""tests"", ""points"": 1, ""comment"": ""missing""}, {""criterion"": ""correctness"", ""points"": 4, ""comment"": ""excellent""}, {""criterion"": ""report"", ""points"": 2, ""comment"": ""needs work""}]",Please improve
fb_rsoqqlmajcid,1212,3,2025-04-24 21:04:22,"[{""criterion"": ""style"", ""points"": 5, ""comment"": ""excellent""}, {""criterion"": ""performance"", ""points"": 2, ""comment"": ""missing""}, {""criterion"": ""correctness"", ""points"": 5, ""comment"": ""ok""}]",Great solution
fb_zkbcndcoxxds,560,1,2025-05-03 21:30:47,"[{""criterion"": ""tests"", ""points"": 1, ""comment"": ""missing""}, {""criterion"": ""correctness"", ""points"": 3, ""comment"": ""ok""}, {""criterion"": ""report"", ""points"": 1, ""comment"": ""excellent""}, {""criterion"": ""performance"", ""points"": 1, ""comment"": ""good""}, {""criterion"": ""style"", ""points"": 5, ""comment"": ""needs work""}]",Great solution
fb_sxicbipneglj,427,3,2025-11-17 19:15:09,"[{""criterion"": ""tests"", ""points"": 3, ""comment"": ""good""}, {""criterion"": ""performance"", ""points"": 3, ""comment"": ""good""}]",Consider edge cases
fb_fakzgimmrhaw,828,8,2025-03-05 03:47:32,"[{""criterion"": ""tests"", ""points"": 3, ""comment"": ""good""}, {""criterion"": ""correctness"", ""points"": 5, ""comment"": ""missing""}, {""criterion"": ""report"", ""points"": 0, ""comment"": ""good""}, {""criterion"": ""performance"", ""points"": 1, ""comment"": ""needs work""}]",Consider edge cases
fb_phjuxtgxbhbs,485,3,2025-09-09 00:19:44,"[{""criterion"": ""tests"", ""points"": 3, ""comment"": ""needs work""}, {""criterion"": ""style"", ""points"": 0, ""comment"": ""ok""}, {""criterion"": ""performance"", ""points"": 4, ""comment"": ""good""}]",Incomplete
fb_zzxinofhhhcg,1181,10,2025-07-26 14:33:00,"[{""criterion"": ""style"", ""points"": 2, ""comment"": ""ok""}, {""criterion"": ""correctness"", ""points"": 4, ""comment"": ""ok""}, {""criterion"": ""performance"", ""points"": 0, ""comment"": ""good""}, {""criterion"": ""tests"", ""points"": 0, ""comment"": ""ok""}]",Nice work
fb_jiqulyoawaog,781,14,2025-12-02 22:34:18,"[{""criterion"": ""tests"", ""points"": 4, ""comment"": ""excellent""}, {""criterion"": ""style"", ""points"": 1, ""comment"": ""ok""}, {""criterion"": ""report"", ""points"": 1, ""comment"": ""good""}]",Nice work
fb_dpegyozljoft,678,6,2025-08-25 02:23:08,"[{""criterion"": ""report"", ""points"": 0, ""comment"": ""ok""}, {""criterion"": ""performance"", ""points"": 5, ""comment"": ""missing""}]",Consider edge cases
fb_uchczfncbsny,156,11,2025-07-18 00:48:29,"[{""criterion"": ""report"", ""points"": 1, ""comment"": ""excellent""}, {""criterion"": ""performance"", ""points"": 4, ""comment"": ""good""}, {""criterion"": ""style"", ""points"": 1, ""comment"": ""ok""}, {""criterion"": ""correctness"", ""points"": 5, ""comment"": ""ok""}, {""criterion"": ""tests"", ""points"": 5, ""comment"": ""good""}]",Incomplete
fb_tdnpbpacrkwp,772,14,2025-12-07 09:08:03,"[{""criterion"": ""style"", ""points"": 4, ""comment"": ""needs work""}, {""criterion"": ""correctness"", ""points"": 1, ""comment"": ""needs work""}, {""criterion"": ""performance"", ""points"": 1, ""comment"": ""good""}, {""criterion"": ""tests"", ""points"": 4, ""comment"": ""excellent""}, {""criterion"": ""report"", ""points"": 4, ""comment"": ""good""}]",Incomplete
fb_xqofhzbqwcqx,872,4,2025-07-04 09:00:14,"[{""criterion"": ""report"", ""points"": 3, ""comment"": ""missing""}, {""criterion"": ""tests"", ""points"": 3, ""comment"": ""excellent""}, {""criterion"": ""style"", ""points"": 4, ""comment"": ""excellent""}, {""criterion"": ""correctness"", ""points"": 0, ""comment"": ""excellent""}, {""criterion"": ""performance"", ""points"": 4, ""comment"": ""good""}]",Consider edge cases
fb_toicylapfvmu,1230,10,2025-08-07 03:54:53,"[{""criterion"": ""style"", ""points"": 5, ""comment"": ""needs work""}, {""criterion"": ""correctness"", ""points"": 5, ""comment"": ""ok""}, {""criterion"": ""tests"", ""points"": 1, ""comment"": ""excellent""}, {""criterion"": ""report"", ""points"": 4, ""comment"": ""ok""}]",Great solution
fb_ytfvwjxhkfvo,445,3,2025-11-26 06:46:01,"[{""criterion"": ""style"", ""points"": 2, ""comment"": ""excellent""}, {""criterion"": ""tests"", ""points"": 2, ""comment"": ""ok""}, {""criterion"": ""correctness"", ""points"": 5, ""comment"": ""missing""}, {""criterion"": ""report"", ""points"": 2, ""comment"": ""good""}, {""criterion"": ""performance"", ""points"": 5, ""comment"": ""ok""}]",Consider edge cases
fb_swcmhcnbutcz,263,9,2025-07-24 08:39:26,"[{""criterion"": ""style"", ""points"": 5, ""comment"": ""missing""}, {""criterion"": ""report"", ""points"": 2, ""comment"": ""needs work""}, {""criterion"": ""correctness"", ""points"": 2, ""comment"": ""good""}, {""criterion"": ""performance"", ""points"": 4, ""comment"": ""good""}]",Please improve
fb_jarncanzoxrf,1137,13,2025-06-16 07:31:48,"[{""criterion"": ""correctness"", ""points"": 1, ""comment"": ""excellent""}, {""criterion"": ""style"", ""points"": 5, ""comment"": ""good""}]",Incomplete
fb_urdfzwquecid,1209,3,2025-05-04 17:37:54,"[{""criterion"": ""correctness"", ""points"": 5, ""comment"": ""excellent""}, {""criterion"": ""performance"", ""points"": 1, ""comment"": ""missing""}]",Please improve
fb_vbrykdstdiqn,1270,3,2025-09-17 19:05:42,"[{""criterion"": ""performance"", ""points"": 0, ""comment"": ""excellent""}, {""criterion"": ""tests"", ""points"": 3, ""comment"": ""ok""}, {""criterion"": ""style"", ""points"": 0, ""comment"": ""missing""}]",Incomplete
fb_xhpuiarztvii,546,10,2025-03-05 07:56:15,"[{""criterion"": ""performance"", ""points"": 1, ""comment"": ""needs work""}, {""criterion"": ""correctness"", ""points"": 4, ""comment"": ""needs work""}]",Consider edge cases
fb_wonotfsrjznj,919,10,2025-07-27 01:53:10,"[{""criterion"": ""tests"", ""points"": 0, ""comment"": ""needs work""}, {""criterion"": ""performance"", ""points"": 0, ""comment"": ""missing""}, {""criterion"": ""correctness"", ""points"": 3, ""comment"": ""ok""}, {""criterion"": ""report"", ""points"": 5, ""comment"": ""ok""}]",Incomplete
fb_ysthnxqujhld,424,6,2025-11-18 07:09:19,"[{""criterion"": ""performance"", ""points"": 5, ""comment"": ""excellent""}, {""criterion"": ""correctness"", ""points"": 2, ""comment"": ""missing""}, {""criterion"": ""tests"", ""points"": 5, ""comment"": ""missing""}, {""criterion"": ""style"", ""points"": 4, ""comment"": ""ok""}]",Incomplete
fb_nbdvntlorxma,1073,4,2025-05-30 13:55:06,"[{""criterion"": ""performance"", ""points"": 1, ""comment"": ""needs work""}, {""criterion"": ""correctness"", ""points"": 4, ""comment"": ""needs work""}, {""criterion"": ""style"", ""points"": 1, ""comment"": ""good""}, {""criterion"": ""tests"", ""points"": 5, ""comment"": ""good""}, {""criterion"": ""report"", ""points"": 0, ""comment"": ""missing""}]",Please improve
fb_ssydncysqkgz,691,6,2025-08-29 12:25:01,"[{""criterion"": ""report"", ""points"": 4, ""comment"": ""needs work""}, {""criterion"": ""performance"", ""points"": 1, ""comment"": ""excellent""}]",Incomplete
fb_kbeggpgogsky,609,4,2025-10-03 17:11:05,"[{""criterion"": ""performance"", ""points"": 5, ""comment"": ""needs work""}, {""criterion"": ""report"", ""points"": 1, ""comment"": ""good""}]",Please improve
fb_unfihmitaonf,1550,6,2025-05-14 03:10:41,"[{""criterion"": ""style"", ""points"": 5, ""comment"": ""ok""}, {""criterion"": ""tests"", ""points"": 2, ""comment"": ""ok""}, {""criterion"": ""report"", ""points"": 2, ""comment"": ""excellent""}, {""criterion"": ""correctness"", ""points"": 5, ""comment"": ""missing""}, {""criterion"": ""performance"", ""points"": 2, ""comment"": ""missing""}]",Please improve
fb_iavhfpniqjvm,1232,10,2025-08-08 11:54:16,"[{""criterion"": ""report"", ""points"": 5, ""comment"": ""good""}, {""criterion"": ""correctness"", ""points"": 2, ""comment"": ""needs work""}, {""criterion"": ""performance"", ""points"": 2, ""comment"": ""ok""}, {""criterion"": ""tests"", ""points"": 3, ""comment"": ""needs work""}, {""criterion"": ""style"", ""points"": 2, ""comment"": ""needs work""}]",Nice work
fb_yoecsgzuzawn,320,3,2025-11-15 09:08:56,"[{""criterion"": ""correctness"", ""points"": 0, ""comment"": ""needs work""}, {""criterion"": ""tests"", ""points"": 2, ""comment"": ""ok""}, {""criterion"": ""report"", ""points"": 3, ""comment"": ""excellent""}, {""criterion"": ""performance"", ""points"": 5, ""comment"": ""excellent""}, {""criterion"": ""style"", ""points"": 4, ""comment"": ""needs work""}]",Consider edge cases
fb_wccyzaxuwecc,1271,3,2025-09-17 04:39:39,"[{""criterion"": ""report"", ""points"": 0, ""comment"": ""needs work""}, {""criterion"": ""performance"", ""points"": 3, ""comment"": ""needs work""}, {""criterion"": ""tests"", ""points"": 1, ""comment"": ""needs work""}, {""criterion"": ""correctness"", ""points"": 5, ""comment"": ""ok""}, {""criterion"": ""style"", ""points"": 3, ""comment"": ""good""}]",Please improve
fb_lwfdtednuejc,749,6,2025-06-01 00:26:34,"[{""criterion"": ""report"", ""points"": 5, ""comment"": ""excellent""}, {""criterion"": ""performance"", ""points"": 4, ""comment"": ""excellent""}, {""criterion"": ""correctness"", ""points"": 0, ""comment"": ""ok""}, {""criterion"": ""style"", ""points"": 5, ""comment"": ""good""}, {""criterion"": ""tests"", ""points"": 4, ""comment"": ""ok""}]",Incomplete
fb_iwrdhzyejrzv,1042,7,2025-06-30 12:19:21,"[{""criterion"": ""tests"", ""points"": 0, ""comment"": ""needs work""}, {""criterion"": ""performance"", ""points"": 4, ""comment"": ""missing""}]",Consider edge cases
fb_hgoybtatfpgu,1453,4,2025-08-16 08:42:56,"[{""criterion"": ""tests"", ""points"": 4, ""comment"": ""missing""}, {""criterion"": ""style"", ""points"": 1, ""comment"": ""good""}, {""criterion"": ""performance"", ""points"": 5, ""comment"": ""needs work""}, {""criterion"": ""report"", ""points"": 4, ""comment"": ""excellent""}]",Great solution
fb_bmtaostrvylq,1140,13,2025-06-12 00:00:58,"[{""criterion"": ""report"", ""points"": 5, ""comment"": ""excellent""}, {""criterion"": ""performance"", ""points"": 4, ""comment"": ""ok""}, {""criterion"": ""correctness"", ""points"": 1, ""comment"": ""needs work""}]",Great solution
fb_amsdbxkubpge,534,10,2025-03-05 05:10:43,"[{""criterion"": ""report"", ""points"": 4, ""comment"": ""missing""}, {""criterion"": ""tests"", ""points"": 5, ""comment"": ""good""}, {""criterion"": ""style"", ""points"": 0, ""comment"": ""missing""}, {""criterion"": ""performance"", ""points"": 1, ""comment"": ""excellent""}, {""criterion"": ""correctness"", ""points"": 2, ""comment"": ""good""}]",Nice work
fb_pjqsgkkkwyro,776,14,2025-12-08 04:48:50,"[{""criterion"": ""tests"", ""points"": 1, ""comment"": ""ok""}, {""criterion"": ""style"", ""points"": 5, ""comment"": ""ok""}]",Incomplete
fb_xmcjcwwbzqlb,213,1,2025-02-25 05:07:20,"[{""criterion"": ""report"", ""points"": 2, ""comment"": ""ok""}, {""criterion"": ""style"", ""points"": 2, ""comment"": ""excellent""}]",Nice work
fb_khwediyyozan,854,7,2025-12-09 01:02:55,"[{""criterion"": ""correctness"", ""points"": 2, ""comment"": ""ok""}, {""criterion"": ""performance"", ""points"": 5, ""comment"": ""missing""}, {""criterion"": ""style"", ""points"": 3, ""comment"": ""ok""}, {""criterion"": ""report"", ""points"": 3, ""comment"": ""excellent""}]",Consider edge cases
fb_pwaqamydgegi,385,9,2025-05-02 01:01:31,"[{""criterion"": ""correctness"", ""points"": 1, ""comment"": ""good""}, {""criterion"": ""style"", ""points"": 0, ""comment"": ""ok""}, {""criterion"": ""report"", ""points"": 0, ""comment"": ""needs work""}]",Incomplete
fb_avvsnueiikui,818,8,2025-03-09 15:08:10,"[{""criterion"": ""tests"", ""points"": 5, ""comment"": ""needs work""}, {""criterion"": ""correctness"", ""points"": 5, ""comment"": ""needs work""}, {""criterion"": ""style"", ""points"": 2, ""comment"": ""excellent""}]",Incomplete
fb_ukgwrgcaeuxj,1096,12,2025-01-27 13:10:05,"[{""criterion"": ""tests"", ""points"": 2, ""comment"": ""ok""}, {""criterion"": ""style"", ""points"": 5, ""comment"": ""ok""}]",Incomplete
fb_iozrtvxpswpi,46,4,2025-12-05 09:16:08,"[{""criterion"": ""style"", ""points"": 2, ""comment"": ""good""}, {""criterion"": ""performance"", ""points"": 1, ""comment"": ""excellent""}]",Incomplete
fb_pouynqcllpvj,480,3,2025-09-14 21:16:44,"[{""criterion"": ""report"", ""points"": 0, ""comment"": ""needs work""}, {""criterion"": ""performance"", ""points"": 5, ""comment"": ""needs work""}]",Great solution
fb_mzocdbkynrvx,284,11,2025-06-16 22:31:30,"[{""criterion"": ""performance"", ""points"": 3, ""comment"": ""excellent""}, {""criterion"": ""tests"", ""points"": 2, ""comment"": ""good""}, {""criterion"": ""correctness"", ""points"": 1, ""comment"": ""needs work""}]",Incomplete
fb_mwgseapsfkto,3,4,2025-04-15 17:52:27,"[{""criterion"": ""style"", ""points"": 1, ""comment"": ""needs work""}, {""criterion"": ""report"", ""points"": 5, ""comment"": ""ok""}, {""criterion"": ""performance"", ""points"": 4, ""comment"": ""good""}, {""criterion"": ""correctness"", ""points"": 0, ""comment"": ""needs work""}, {""criterion"": ""tests"", ""points"": 2, ""comment"": ""ok""}]",Nice work
fb_ktgqgwnrwqmf,716,1,2025-10-29 19:46:38,"[{""criterion"": ""correctness"", ""points"": 5, ""comment"": ""missing""}, {""criterion"": ""tests"", ""points"": 5, ""comment"": ""excellent""}]",Incomplete
fb_qmjjhvknrqle,934,4,2025-05-10 09:03:36,"[{""criterion"": ""style"", ""points"": 3, ""comment"": ""missing""}, {""criterion"": ""tests"", ""points"": 0, ""comment"": ""excellent""}, {""criterion"": ""report"", ""points"": 5, ""comment"": ""good""}, {""criterion"": ""performance"", ""points"": 1, ""comment"": ""needs work""}, {""criterion"": ""correctness"", ""points"": 4, ""comment"": ""excellent""}]",Incomplete
fb_xhqupfjemswp,399,9,2025-05-07 02:01:56,"[{""criterion"": ""correctness"", ""points"": 0, ""comment"": ""needs work""}, {""criterion"": ""performance"", ""points"": 3, ""comment"": ""good""}, {""criterion"": ""tests"", ""points"": 0, ""comment"": ""good""}, {""criterion"": ""style"", ""points"": 3, ""comment"": ""missing""}, {""criterion"": ""report"", ""points"": 0, ""comment"": ""good""}]",Consider edge cases
fb_gnxdvkotanne,98,10,2025-07-10 01:23:42,"[{""criterion"": ""performance"", ""points"": 5, ""comment"": ""needs work""}, {""criterion"": ""style"", ""points"": 0, ""comment"": ""needs work""}]",Please improve
fb_zttggsofxlul,1519,10,2025-10-06 16:42:38,"[{""criterion"": ""tests"", ""points"": 0, ""comment"": ""missing""}, {""criterion"": ""correctness"", ""points"": 1, ""comment"": ""excellent""}, {""criterion"": ""report"", ""points"": 3, ""comment"": ""good""}, {""criterion"": ""performance"", ""points"": 1, ""comment"": ""good""}, {""criterion"": ""style"", ""points"": 4, ""comment"": ""missing""}]",Nice work
fb_lyukbayvjecl,1385,3,2025-11-06 13:46:21,"[{""criterion"": ""style"", ""points"": 5, ""comment"": ""good""}, {""criterion"": ""correctness"", ""points"": 5, ""comment"": ""missing""}, {""criterion"": ""report"", ""points"": 0, ""comment"": ""good""}]",Incomplete
fb_dgqhkqaqcipa,1062,3,2025-08-28 07:24:48,"[{""criterion"": ""tests"", ""points"": 2, ""comment"": ""excellent""}, {""criterion"": ""report"", ""points"": 2, ""comment"": ""good""}, {""criterion"": ""style"", ""points"": 2, ""comment"": ""needs work""}, {""criterion"": ""performance"", ""points"": 3, ""comment"": ""needs work""}]",Nice work
fb_fwtcqlhwamly,880,1,2025-05-13 17:41:00,"[{""criterion"": ""style"", ""points"": 5, ""comment"": ""ok""}, {""criterion"": ""performance"", ""points"": 1, ""comment"": ""excellent""}, {""criterion"": ""report"", ""points"": 4, ""comment"": ""ok""}, {""criterion"": ""tests"", ""points"": 0, ""comment"": ""excellent""}, {""criterion"": ""correctness"", ""points"": 5, ""comment"": ""excellent""}]",Please improve
fb_njcaekkosibz,973,11,2025-04-30 16:28:17,"[{""criterion"": ""tests"", ""points"": 1, ""comment"": ""good""}, {""criterion"": ""report"", ""points"": 4, ""comment"": ""good""}, {""criterion"": ""correctness"", ""points"": 2, ""comment"": ""needs work""}, {""criterion"": ""style"", ""points"": 1, ""comment"": ""ok""}, {""criterion"": ""performance"", ""points"": 5, ""comment"": ""excellent""}]",Please improve
fb_jxenhpvscbyp,571,6,2025-01-30 00:07:32,"[{""criterion"": ""correctness"", ""points"": 3, ""comment"": ""needs work""}, {""criterion"": ""report"", ""points"": 1, ""comment"": ""good""}, {""criterion"": ""tests"", ""points"": 2, ""comment"": ""ok""}]",Incomplete
fb_yosrgumtjcfh,155,11,2025-07-23 04:51:26,"[{""criterion"": ""report"", ""points"": 0, ""comment"": ""needs work""}, {""criterion"": ""style"", ""points"": 4, ""comment"": ""ok""}, {""criterion"": ""tests"", ""points"": 4, ""comment"": ""excellent""}, {""criterion"": ""correctness"", ""points"": 3, ""comment"": ""missing""}, {""criterion"": ""performance"", ""points"": 3, ""comment"": ""missing""}]",Great solution
fb_fksvywwpudoi,271,11,2025-06-18 11:56:57,"[{""criterion"": ""style"", ""points"": 5, ""comment"": ""excellent""}, {""criterion"": ""correctness"", ""points"": 3, ""comment"": ""missing""}, {""criterion"": ""tests"", ""points"": 2, ""comment"": ""good""}]",Consider edge cases
fb_dbwlafjgdqlp,421,6,2025-11-19 22:08:17,"[{""criterion"": ""correctness"", ""points"": 3, ""comment"": ""good""}, {""criterion"": ""performance"", ""points"": 3, ""comment"": ""missing""}]",Please improve
fb_pesdphdczcjm,1139,13,2025-06-19 05:17:17,"[{""criterion"": ""report"", ""points"": 2, ""comment"": ""ok""}, {""criterion"": ""correctness"", ""points"": 5, ""comment"": ""good""}, {""criterion"": ""style"", ""points"": 3, ""comment"": ""good""}, {""criterion"": ""tests"", ""points"": 3, ""comment"": ""needs work""}]",Please improve
fb_sslbbgmkbtcc,1092,12,2025-01-30 05:07:31,"[{""criterion"": ""correctness"", ""points"": 0, ""comment"": ""missing""}, {""criterion"": ""performance"", ""points"": 2, ""comment"": ""good""}]",Consider edge cases
fb_lpirboexkqrm,682,6,2025-09-06 11:42:53,"[{""criterion"": ""style"", ""points"": 5, ""comment"": ""needs work""}, {""criterion"": ""performance"", ""points"": 2, ""comment"": ""excellent""}, {""criterion"": ""correctness"", ""points"": 1, ""comment"": ""good""}, {""criterion"": ""tests"", ""points"": 5, ""comment"": ""missing""}, {""criterion"": ""report"", ""points"": 3, ""comment"": ""needs work""}]",Great solution
fb_rkssgvqcjrbm,87,10,2025-07-06 00:06:05,"[{""criterion"": ""performance"", ""points"": 1, ""comment"": ""needs work""}, {""criterion"": ""tests"", ""points"": 0, ""comment"": ""good""}, {""criterion"": ""report"", ""points"": 4, ""comment"": ""excellent""}, {""criterion"": ""correctness"", ""points"": 3, ""comment"": ""excellent""}]",Please improve
fb_hrbadwgisqwm,1235,10,2025-08-11 00:06:28,"[{""criterion"": ""correctness"", ""points"": 2, ""comment"": ""missing""}, {""criterion"": ""report"", ""points"": 1, ""comment"": ""ok""}, {""criterion"": ""tests"", ""points"": 5, ""comment"": ""missing""}, {""criterion"": ""style"", ""points"": 5, ""comment"": ""ok""}]",Incomplete
fb_prrdoflcdeyc,1252,4,2025-02-06 20:54:42,"[{""criterion"": ""correctness"", ""points"": 0, ""comment"": ""excellent""}, {""criterion"": ""report"", ""points"": 1, ""comment"": ""ok""}, {""criterion"": ""performance"", ""points"": 3, ""comment"": ""needs work""}]",Please improve
